{
"type": "FeatureCollection",
"name": "Cleaned_EUDR_Polygons_2026",
"crs": { "type": "name", "properties": { "name": "urn:ogc:def:crs:OGC:1.3:CRS84" } },
"features": [
{ "type": "Feature", "properties": { "commodity": "Oil Palm", "ai_model": "SAM 3 / Prithvi Vectorizer", "area_ha": 0.48999999999892679, "compliance_tag": "EUDR_ART9_2D_v2026", "geometry_precision": "1.5m_tolerance" }, "geometry": { "type": "Polygon", "coordinates": [ [ [ 102.4777043654491, -0.356023373652304 ], [ 102.480216034499179, -0.356022418449907 ], [ 102.480216068402285, -0.35611272357753 ], [ 102.479767556561868, -0.356112894242995 ], [ 102.479767590469265, -0.356203199413878 ], [ 102.477883838374353, -0.35620391615153 ], [ 102.477883804485245, -0.356113610798935 ], [ 102.477704399327877, -0.356113679022221 ], [ 102.4777043654491, -0.356023373652304 ] ] ] } },
{ "type": "Feature", "properties": { "commodity": "Oil Palm", "ai_model": "SAM 3 / Prithvi Vectorizer", "area_ha": 1.1600000000017499, "compliance_tag": "EUDR_ART9_2D_v2026", "geometry_precision": "1.5m_tolerance" }, "geometry": { "type": "Polygon", "coordinates": [ [ [ 102.504795078536958, -0.358451209072843 ], [ 102.505064178512583, -0.35845110526347 ], [ 102.505064212890389, -0.358541407984173 ], [ 102.505243612832587, -0.358541338756083 ], [ 102.505243647220809, -0.358631641459329 ], [ 102.5053333471798, -0.358631606835243 ], [ 102.505333381577543, -0.358721909529749 ], [ 102.505153981649158, -0.358721978794476 ], [ 102.505154016053822, -0.358812281506398 ], [ 102.505423115936026, -0.35881217758183 ], [ 102.505423253651799, -0.359173388324684 ], [ 102.505243853731955, -0.359173457678361 ], [ 102.5052438881808, -0.359263760381459 ], [ 102.505154188207015, -0.359263795065691 ], [ 102.50515429160285, -0.359534703201012 ], [ 102.504436691479782, -0.359534980852291 ], [ 102.504436760439589, -0.359715586415209 ], [ 102.504167660245287, -0.359715690572152 ], [ 102.504167487923866, -0.359264176533958 ], [ 102.504257187992906, -0.35926414185944 ], [ 102.504257084701308, -0.358993233462417 ], [ 102.504705584903448, -0.358993060207329 ], [ 102.504705550485852, -0.358902757451862 ], [ 102.504615850463622, -0.358902792095927 ], [ 102.504615747265404, -0.358631883803246 ], [ 102.504705447285019, -0.358631849185331 ], [ 102.504705412902069, -0.358541546429779 ], [ 102.504795112912134, -0.3585415118197 ], [ 102.504795078536958, -0.358451209072843 ] ] ] } },
{ "type": "Feature", "properties": { "commodity": "Oil Palm", "ai_model": "SAM 3 / Prithvi Vectorizer", "area_ha": 1.1699999999984976, "compliance_tag": "EUDR_ART9_2D_v2026", "geometry_precision": "1.5m_tolerance" }, "geometry": { "type": "Polygon", "coordinates": [ [ [ 102.506230449538805, -0.358902168367759 ], [ 102.506320149405141, -0.358902133707813 ], [ 102.506320183838511, -0.358992436306338 ], [ 102.506589283388166, -0.358992332295041 ], [ 102.506589317832834, -0.35908263486738 ], [ 102.506679017666272, -0.359082600186461 ], [ 102.506679052120489, -0.359172902750058 ], [ 102.506768751946112, -0.359172868059534 ], [ 102.506768786409864, -0.359263170614387 ], [ 102.506948186036951, -0.359263101213246 ], [ 102.50694811711459, -0.359082496138408 ], [ 102.507127516703491, -0.359082426768625 ], [ 102.507127551162071, -0.359172729288609 ], [ 102.507217250944393, -0.359172694593671 ], [ 102.507217319889321, -0.359353299616129 ], [ 102.506948220511092, -0.359353403750633 ], [ 102.506948323985597, -0.359624311362667 ], [ 102.507038023789633, -0.359624276625881 ], [ 102.507038058299344, -0.359714579154461 ], [ 102.507127758095592, -0.359714544408068 ], [ 102.507127896224574, -0.360075754487282 ], [ 102.50694849661636, -0.360075824048966 ], [ 102.506948704059241, -0.360617639271823 ], [ 102.506769304405822, -0.360617708934635 ], [ 102.506769235227068, -0.360437103825545 ], [ 102.506589835542499, -0.360437173449924 ], [ 102.50658942121882, -0.359353542584272 ], [ 102.505602722450334, -0.359353924303899 ], [ 102.505602653536982, -0.359173318967475 ], [ 102.505692353466586, -0.359173284287547 ], [ 102.505692284586118, -0.358992678968477 ], [ 102.505871684415837, -0.35899260964085 ], [ 102.505871718853484, -0.359082912282956 ], [ 102.506051118650291, -0.359082842934358 ], [ 102.50605108421091, -0.358992540309692 ], [ 102.506230483971308, -0.358992470975005 ], [ 102.506230449538805, -0.358902168367759 ] ] ] } },
{ "type": "Feature", "properties": { "commodity": "Oil Palm", "ai_model": "SAM 3 / Prithvi Vectorizer", "area_ha": 1.3000000000037508, "compliance_tag": "EUDR_ART9_2D_v2026", "geometry_precision": "1.5m_tolerance" }, "geometry": { "type": "Polygon", "coordinates": [ [ [ 102.51690443123384, -0.358265926664025 ], [ 102.517083828880629, -0.358265857255742 ], [ 102.517083897844756, -0.35844646035682 ], [ 102.517263295460282, -0.358446390910023 ], [ 102.517263226492659, -0.358265787843937 ], [ 102.517622021612439, -0.358265649009757 ], [ 102.517622125087414, -0.358536553503873 ], [ 102.517532426317885, -0.358536588239985 ], [ 102.51753249534292, -0.358717191253454 ], [ 102.517442796562932, -0.358717226006182 ], [ 102.517442969273205, -0.359168733583225 ], [ 102.517353270480157, -0.359168768378814 ], [ 102.517353374207985, -0.359439672951031 ], [ 102.517263675403612, -0.359439707771982 ], [ 102.517263952386472, -0.360162120033609 ], [ 102.517174253566381, -0.360162154923661 ], [ 102.517174600568254, -0.361065170336258 ], [ 102.517264299397141, -0.361065135358726 ], [ 102.517264473228394, -0.361516643020484 ], [ 102.517085075553069, -0.361516713062139 ], [ 102.517084797541528, -0.360794300663104 ], [ 102.516995098697876, -0.360794335612617 ], [ 102.516995029283649, -0.36061373249515 ], [ 102.51690533043309, -0.360613767426282 ], [ 102.516905261055371, -0.360433164291235 ], [ 102.516994959904167, -0.360433129377597 ], [ 102.516994925227479, -0.360342827818788 ], [ 102.516905226379549, -0.360342862723679 ], [ 102.516905191712411, -0.360252561156102 ], [ 102.516815492856693, -0.360252596051359 ], [ 102.516815458199147, -0.360162294475013 ], [ 102.516725759335586, -0.360162329360638 ], [ 102.516725724687589, -0.360072027775525 ], [ 102.516636025816254, -0.360072062651517 ], [ 102.516635956548086, -0.359891459463733 ], [ 102.516725655417659, -0.359891424605233 ], [ 102.516725516982078, -0.359530218264395 ], [ 102.516815215839458, -0.359530183439999 ], [ 102.516815181251403, -0.359439881863483 ], [ 102.516904880099219, -0.35943984704695 ], [ 102.51690484551898, -0.35934954547916 ], [ 102.517263640819849, -0.359349406239183 ], [ 102.517263398976908, -0.358717295508994 ], [ 102.517173700170872, -0.358717330259077 ], [ 102.517173665657509, -0.35862702871736 ], [ 102.516904569189862, -0.358627132936076 ], [ 102.516904534687811, -0.358536831368095 ], [ 102.516814835848763, -0.358536866097157 ], [ 102.51681480135629, -0.358446564520408 ], [ 102.516904500194471, -0.358446529800093 ], [ 102.51690443123384, -0.358265926664025 ] ] ] } },
{ "type": "Feature", "properties": { "commodity": "Oil Palm", "ai_model": "SAM 3 / Prithvi Vectorizer", "area_ha": 0.21000000000009458, "compliance_tag": "EUDR_ART9_2D_v2026", "geometry_precision": "1.5m_tolerance" }, "geometry": { "type": "Polygon", "coordinates": [ [ [ 102.517264508020673, -0.361606944552772 ], [ 102.517354206846178, -0.361606909521863 ], [ 102.517354241648064, -0.361697211045381 ], [ 102.517443940465753, -0.361697176004835 ], [ 102.517444079763749, -0.362058382063699 ], [ 102.517533778576279, -0.362058346987269 ], [ 102.517533813423384, -0.362148648493183 ], [ 102.517623512228113, -0.362148613407114 ], [ 102.517623547084796, -0.362238914904257 ], [ 102.517444149464879, -0.362238985093002 ], [ 102.517444114609972, -0.362148683578361 ], [ 102.51717501811757, -0.362148788828555 ], [ 102.517174983273989, -0.362058487287648 ], [ 102.517085284426713, -0.362058522360518 ], [ 102.517085214767391, -0.361877919261144 ], [ 102.517174913612919, -0.36187788420577 ], [ 102.517174843986609, -0.361697281123806 ], [ 102.517264542821678, -0.361697246085038 ], [ 102.517264508020673, -0.361606944552772 ] ] ] } },
{ "type": "Feature", "properties": { "commodity": "Oil Palm", "ai_model": "SAM 3 / Prithvi Vectorizer", "area_ha": 23.320000000025487, "compliance_tag": "EUDR_ART9_2D_v2026", "geometry_precision": "1.5m_tolerance" }, "geometry": { "type": "Polygon", "coordinates": [ [ [ 102.522285519437986, -0.356096617849402 ], [ 102.522823709017757, -0.356096410558569 ], [ 102.522823743342585, -0.35618671154932 ], [ 102.52300313980129, -0.356186642427849 ], [ 102.523003174136548, -0.356276943401054 ], [ 102.523631061473921, -0.356276701386985 ], [ 102.523631130182736, -0.35645730321065 ], [ 102.523720828340728, -0.35645726861618 ], [ 102.523720862709055, -0.356547569519217 ], [ 102.523810560859189, -0.356547534915107 ], [ 102.523811457514597, -0.358895358158763 ], [ 102.523452664771, -0.358895497481387 ], [ 102.523452630178923, -0.35880519655261 ], [ 102.523183535532453, -0.358805301009026 ], [ 102.523183570121901, -0.358895601964093 ], [ 102.523093871888108, -0.358895636789897 ], [ 102.523093975706018, -0.359166539681258 ], [ 102.523183673942427, -0.359166504829166 ], [ 102.523183639326874, -0.359076203874163 ], [ 102.523273337553704, -0.359076169029951 ], [ 102.523273372170138, -0.359166469976191 ], [ 102.523452768599427, -0.359166400267592 ], [ 102.52345280322632, -0.359256701196285 ], [ 102.523811595983986, -0.359256561733438 ], [ 102.523812673844589, -0.362055889425611 ], [ 102.523633277428587, -0.362055959702175 ], [ 102.523633137886719, -0.361694756060032 ], [ 102.523453741442964, -0.361694826262928 ], [ 102.523453602047468, -0.361333622550333 ], [ 102.523274205575945, -0.361333692679566 ], [ 102.52327413593396, -0.361153090788088 ], [ 102.523094739431144, -0.361153160878717 ], [ 102.523094669827501, -0.360972558952102 ], [ 102.522915273293393, -0.360972629004131 ], [ 102.522915203728118, -0.360792027042381 ], [ 102.522556410562501, -0.360792167065699 ], [ 102.522556341039049, -0.36061156503377 ], [ 102.522197547741257, -0.360611704972812 ], [ 102.522197478259656, -0.360431102870712 ], [ 102.521479891260441, -0.360431382566097 ], [ 102.521479960727945, -0.360611984808348 ], [ 102.521210865454393, -0.360612089732049 ], [ 102.521210830718928, -0.360521788584659 ], [ 102.521031433828171, -0.360521858511845 ], [ 102.521031399103165, -0.360431557346918 ], [ 102.520672605220767, -0.360431697155629 ], [ 102.520672639942234, -0.360521998355583 ], [ 102.520582941449007, -0.360522033314302 ], [ 102.520582976178289, -0.360612334522992 ], [ 102.520403579163982, -0.360612404455283 ], [ 102.520403544436448, -0.360522103229082 ], [ 102.520313845917116, -0.360522138185142 ], [ 102.520313880643769, -0.3606124394201 ], [ 102.520224182114873, -0.36061247438403 ], [ 102.520224251592509, -0.360793076871392 ], [ 102.520134553053154, -0.360793111851946 ], [ 102.52013462256383, -0.360973714356734 ], [ 102.520044924014002, -0.360973749353911 ], [ 102.52004506313618, -0.361334954398251 ], [ 102.520403857297396, -0.36133481426413 ], [ 102.520403787711857, -0.361154211812046 ], [ 102.520583184736736, -0.361154141774681 ], [ 102.52058332394968, -0.361515346608714 ], [ 102.520403926917723, -0.361515416716128 ], [ 102.520404031413463, -0.361786320393965 ], [ 102.520224634341417, -0.361786390550358 ], [ 102.520224669188963, -0.361876691793772 ], [ 102.520045272080367, -0.361876761964119 ], [ 102.52004537666987, -0.362147665746765 ], [ 102.520224773783767, -0.362147595523886 ], [ 102.520224913365254, -0.362508800497071 ], [ 102.520045516244281, -0.362508870789992 ], [ 102.52004555115964, -0.362599172050745 ], [ 102.519866154002102, -0.36259924235761 ], [ 102.519866188924397, -0.362689543635852 ], [ 102.519776490331679, -0.362689578796702 ], [ 102.519776525261761, -0.362779880083676 ], [ 102.519686826659481, -0.362779915252389 ], [ 102.519686756809776, -0.362599312660911 ], [ 102.519507359582676, -0.362599382960646 ], [ 102.519507289771298, -0.362418780334066 ], [ 102.519417591146478, -0.36241881546509 ], [ 102.519417521371651, -0.362238212820917 ], [ 102.519507219994708, -0.3622381777074 ], [ 102.519507080545864, -0.361876972453812 ], [ 102.519417381926345, -0.361877007532314 ], [ 102.51941713823183, -0.361244898276435 ], [ 102.519327439609796, -0.361244933292775 ], [ 102.519326988176118, -0.360071015986715 ], [ 102.519237289556841, -0.360071050888376 ], [ 102.519236839604048, -0.358897133464927 ], [ 102.519326538211928, -0.358897098677057 ], [ 102.519326158620757, -0.35790378402762 ], [ 102.519415857210305, -0.357903749335154 ], [ 102.519415513031674, -0.357000736102794 ], [ 102.519594910167243, -0.357000666890298 ], [ 102.519594978936894, -0.357181269501924 ], [ 102.519953773110629, -0.357181130996366 ], [ 102.519953841922032, -0.357361733537873 ], [ 102.520850826765056, -0.357361387037401 ], [ 102.520850757936188, -0.357180784671012 ], [ 102.521030154796918, -0.357180715395405 ], [ 102.521030085999371, -0.35700011306396 ], [ 102.521209482821817, -0.357000043819872 ], [ 102.521209345324138, -0.356638839226791 ], [ 102.521568138850697, -0.356638700868218 ], [ 102.521568070147083, -0.356458098641617 ], [ 102.521926863527469, -0.356457960339092 ], [ 102.521926794851694, -0.35627735818248 ], [ 102.522285588085893, -0.356277219936017 ], [ 102.522285519437986, -0.356096617849402 ] ], [ [ 102.523182983285224, -0.357360485725074 ], [ 102.523183190116811, -0.357902291457192 ], [ 102.523272888332258, -0.357902256726897 ], [ 102.523272819351817, -0.357721654833802 ], [ 102.523362517556805, -0.357721620120154 ], [ 102.523362483078785, -0.357631319182337 ], [ 102.523452181274209, -0.357631284476573 ], [ 102.523452077889743, -0.357360381689287 ], [ 102.523182983285224, -0.357360485725074 ] ], [ [ 102.523093526394149, -0.357992627150648 ], [ 102.523093629950935, -0.358263530042646 ], [ 102.52318332817859, -0.35826349527818 ], [ 102.523183224619174, -0.357992592412471 ], [ 102.523093526394149, -0.357992627150648 ] ], [ [ 102.523004485326496, -0.35970838036719 ], [ 102.523004554684661, -0.359888982311927 ], [ 102.523094252936815, -0.359888947390618 ], [ 102.523094183576873, -0.359708345463406 ], [ 102.523004485326496, -0.35970838036719 ] ], [ [ 102.52264458735435, -0.356818887724616 ], [ 102.522644656148472, -0.356999489740806 ], [ 102.522824052657683, -0.356999420465127 ], [ 102.52282398386005, -0.356818818483984 ], [ 102.52264458735435, -0.356818887724616 ] ], [ [ 102.521748224546883, -0.358444653594672 ], [ 102.521748259087502, -0.358534954689999 ], [ 102.521658560717981, -0.358534989466652 ], [ 102.52165866438942, -0.358805892778785 ], [ 102.522017457825811, -0.358805753561773 ], [ 102.522017492403847, -0.358896054630737 ], [ 102.522107190742076, -0.358896019815519 ], [ 102.522107225329705, -0.358986320875702 ], [ 102.52219692366009, -0.358986286050842 ], [ 102.522196958257283, -0.359076587102243 ], [ 102.522466053198883, -0.359076482596085 ], [ 102.522465949425495, -0.358805579520663 ], [ 102.522376251122949, -0.358805614330649 ], [ 102.522376181985948, -0.35862501226274 ], [ 102.522286483676467, -0.358625047054323 ], [ 102.522286449121893, -0.358534746011576 ], [ 102.522196750804582, -0.358534780793516 ], [ 102.5221967162596, -0.358444479741987 ], [ 102.521748224546883, -0.358444653594672 ] ], [ [ 102.522286000704398, -0.357360832453935 ], [ 102.522286069595978, -0.357541434539958 ], [ 102.522465466185253, -0.35754136516617 ], [ 102.522465397290176, -0.35736076311519 ], [ 102.522286000704398, -0.357360832453935 ] ], [ [ 102.521927345232385, -0.357722175433008 ], [ 102.521927414186592, -0.357902777588943 ], [ 102.522017112523883, -0.357902742870965 ], [ 102.522017043567928, -0.357722140732549 ], [ 102.521927345232385, -0.357722175433008 ] ], [ [ 102.521658146815327, -0.357451376216212 ], [ 102.521658181259369, -0.357541677320532 ], [ 102.521747879619269, -0.357541642640229 ], [ 102.52174784517436, -0.357451341544669 ], [ 102.521658146815327, -0.357451376216212 ] ], [ [ 102.52120965488966, -0.357451549560749 ], [ 102.521209689329339, -0.357541850708862 ], [ 102.521299387732739, -0.357541816032953 ], [ 102.521299353292193, -0.357451514893599 ], [ 102.52120965488966, -0.357451549560749 ] ], [ [ 102.521209930650599, -0.358173958745053 ], [ 102.521209965159855, -0.358264259892996 ], [ 102.521299663570261, -0.358264225147023 ], [ 102.52129962906011, -0.358173924007839 ], [ 102.521209930650599, -0.358173958745053 ] ], [ [ 102.520402851712248, -0.358716078700572 ], [ 102.520402886265813, -0.3588063799272 ], [ 102.520582283245005, -0.358806310345153 ], [ 102.520582248689678, -0.358716009136037 ], [ 102.520402851712248, -0.358716078700572 ] ], [ [ 102.51995429004414, -0.358535650055607 ], [ 102.519954324575949, -0.358625951326053 ], [ 102.520313118666465, -0.358625812246113 ], [ 102.520313084131175, -0.358535511010687 ], [ 102.51995429004414, -0.358535650055607 ] ], [ [ 102.519954462790153, -0.358987156407627 ], [ 102.519954531949423, -0.359167758948287 ], [ 102.52004423049037, -0.359167724127095 ], [ 102.520044161329324, -0.358987121603945 ], [ 102.519954462790153, -0.358987156407627 ] ], [ [ 102.519595495817981, -0.358535789086425 ], [ 102.51959553034628, -0.358626090391889 ], [ 102.519685228916742, -0.358626055626752 ], [ 102.519685194387563, -0.358535754330043 ], [ 102.519595495817981, -0.358535789086425 ] ] ] } },
{ "type": "Feature", "properties": { "commodity": "Oil Palm", "ai_model": "SAM 3 / Prithvi Vectorizer", "area_ha": 0.63999999999586366, "compliance_tag": "EUDR_ART9_2D_v2026", "geometry_precision": "1.5m_tolerance" }, "geometry": { "type": "Polygon", "coordinates": [ [ [ 102.523723395112896, -0.36313953538354 ], [ 102.523813093327149, -0.363139500139642 ], [ 102.523813478954182, -0.36413280995812 ], [ 102.523634082497395, -0.364132880637834 ], [ 102.523634152721016, -0.364313482457788 ], [ 102.523275359695859, -0.364313623876583 ], [ 102.523275324583253, -0.364223322931563 ], [ 102.523185626306102, -0.36422335827526 ], [ 102.523185485946257, -0.363862154459912 ], [ 102.523095787663962, -0.363862189767663 ], [ 102.523095717538041, -0.363681587842335 ], [ 102.52327511409041, -0.363681517260989 ], [ 102.523275043995753, -0.363500915370626 ], [ 102.523633836988935, -0.363500774267315 ], [ 102.523633766921989, -0.363320172446973 ], [ 102.523723465146759, -0.36332013718644 ], [ 102.523723395112896, -0.36313953538354 ] ] ] } },
{ "type": "Feature", "properties": { "commodity": "Oil Palm", "ai_model": "SAM 3 / Prithvi Vectorizer", "area_ha": 0.19000000000051295, "compliance_tag": "EUDR_ART9_2D_v2026", "geometry_precision": "1.5m_tolerance" }, "geometry": { "type": "Polygon", "coordinates": [ [ [ 102.510000235190745, -0.365131566453836 ], [ 102.51035903339185, -0.365131425250894 ], [ 102.510359103543038, -0.365312029659625 ], [ 102.510538502595125, -0.365311959017843 ], [ 102.510538572784583, -0.365492563391563 ], [ 102.510090075080399, -0.365492740076592 ], [ 102.510090039985798, -0.365402437846088 ], [ 102.510000340419836, -0.365402473171668 ], [ 102.510000235190745, -0.365131566453836 ] ] ] } },
{ "type": "Feature", "properties": { "commodity": "Oil Palm", "ai_model": "SAM 3 / Prithvi Vectorizer", "area_ha": 0.35000000000317594, "compliance_tag": "EUDR_ART9_2D_v2026", "geometry_precision": "1.5m_tolerance" }, "geometry": { "type": "Polygon", "coordinates": [ [ [ 102.509461897466252, -0.364770569064403 ], [ 102.509641296681082, -0.36477049854533 ], [ 102.509641366748639, -0.364951103093917 ], [ 102.510000165081365, -0.364950961975173 ], [ 102.510000235190745, -0.365131566453836 ], [ 102.509820836038159, -0.365131637049922 ], [ 102.509820976353822, -0.365492846076827 ], [ 102.509282778666531, -0.36549305805304 ], [ 102.509282743579959, -0.365402755743972 ], [ 102.509372443215298, -0.365402720425577 ], [ 102.509372408136514, -0.365312418125216 ], [ 102.509462107762275, -0.365312382814652 ], [ 102.509461897466252, -0.364770569064403 ] ] ] } },
{ "type": "Feature", "properties": { "commodity": "Oil Palm", "ai_model": "SAM 3 / Prithvi Vectorizer", "area_ha": 0.38999999999851936, "compliance_tag": "EUDR_ART9_2D_v2026", "geometry_precision": "1.5m_tolerance" }, "geometry": { "type": "Polygon", "coordinates": [ [ [ 102.519687984201539, -0.365759857999359 ], [ 102.519867381456123, -0.365759787083254 ], [ 102.519867416682757, -0.365850088360741 ], [ 102.520046813904329, -0.365850017423531 ], [ 102.520046884387284, -0.366030619943421 ], [ 102.519867487162159, -0.366030690915651 ], [ 102.519867557676321, -0.366211293470474 ], [ 102.519777859048929, -0.366211328972748 ], [ 102.519777929596103, -0.366391931544993 ], [ 102.51950883365636, -0.366392038098939 ], [ 102.519508798381111, -0.366301736786566 ], [ 102.519419099718021, -0.366301772293993 ], [ 102.519419134992376, -0.36639207361512 ], [ 102.519150038948283, -0.366392180158259 ], [ 102.519149968413629, -0.366211577463464 ], [ 102.519329365781473, -0.366211506470617 ], [ 102.519329295278027, -0.366030903810748 ], [ 102.519508692607516, -0.366030832849314 ], [ 102.519508622135291, -0.365850230224372 ], [ 102.519688019426425, -0.365850159294355 ], [ 102.519687984201539, -0.365759857999359 ] ] ] } },
{ "type": "Feature", "properties": { "commodity": "Oil Palm", "ai_model": "SAM 3 / Prithvi Vectorizer", "area_ha": 0.65000000000085489, "compliance_tag": "EUDR_ART9_2D_v2026", "geometry_precision": "1.5m_tolerance" }, "geometry": { "type": "Polygon", "coordinates": [ [ [ 102.523007039456459, -0.366300351294594 ], [ 102.523276134375593, -0.366300244661564 ], [ 102.523276240340181, -0.366571147495068 ], [ 102.523365938631827, -0.366571111922634 ], [ 102.523366009320213, -0.366751713794002 ], [ 102.523455707604924, -0.366751678203141 ], [ 102.523455742963066, -0.366841979130029 ], [ 102.523545441240003, -0.366841943529503 ], [ 102.523545476607723, -0.366932244447605 ], [ 102.523366080043374, -0.366932315665283 ], [ 102.523366115418028, -0.367022616600891 ], [ 102.523186718817058, -0.367022687832487 ], [ 102.523186683444209, -0.366932386879353 ], [ 102.523096985131559, -0.366932422485035 ], [ 102.523097020503528, -0.367022723446932 ], [ 102.523007322181272, -0.367022759060475 ], [ 102.523007357561056, -0.367113060031112 ], [ 102.522827960888648, -0.367113131273015 ], [ 102.5228278901414, -0.36693252929667 ], [ 102.522558795072911, -0.366932636100187 ], [ 102.522558830439493, -0.367022937114656 ], [ 102.522469132065027, -0.367022972722785 ], [ 102.522469096699353, -0.366932671699556 ], [ 102.522379398317057, -0.366932707298023 ], [ 102.522379327613578, -0.366752105233977 ], [ 102.522558724365837, -0.366752034071186 ], [ 102.52255868902536, -0.366661733056653 ], [ 102.522648387387548, -0.366661697482666 ], [ 102.522648316730923, -0.366481095471057 ], [ 102.522827713425585, -0.366481024355427 ], [ 102.522827678108527, -0.366390723367114 ], [ 102.523007074766596, -0.366390652265405 ], [ 102.523007039456459, -0.366300351294594 ] ] ] } },
{ "type": "Feature", "properties": { "commodity": "Oil Palm", "ai_model": "SAM 3 / Prithvi Vectorizer", "area_ha": 0.12000000000035652, "compliance_tag": "EUDR_ART9_2D_v2026", "geometry_precision": "1.5m_tolerance" }, "geometry": { "type": "Polygon", "coordinates": [ [ [ 102.502914855046328, -0.367482228397732 ], [ 102.503273656078278, -0.367482086572265 ], [ 102.503273797033671, -0.36784329814363 ], [ 102.503094396527828, -0.367843369127876 ], [ 102.503094326036418, -0.367662763307384 ], [ 102.502914925499539, -0.367662834253162 ], [ 102.502914855046328, -0.367482228397732 ] ] ] } },
{ "type": "Feature", "properties": { "commodity": "Oil Palm", "ai_model": "SAM 3 / Prithvi Vectorizer", "area_ha": 0.24999999999471037, "compliance_tag": "EUDR_ART9_2D_v2026", "geometry_precision": "1.5m_tolerance" }, "geometry": { "type": "Polygon", "coordinates": [ [ [ 102.523724943902437, -0.367112775027405 ], [ 102.523814642155941, -0.367112739397881 ], [ 102.523815031996762, -0.368106049205886 ], [ 102.523635635461318, -0.368106120656843 ], [ 102.523635564506407, -0.367925518838709 ], [ 102.523545866227423, -0.367925554545302 ], [ 102.523545724425659, -0.367564350873717 ], [ 102.523635422701048, -0.367564315202178 ], [ 102.523635281034984, -0.3672031115653 ], [ 102.523724979298095, -0.367203075927915 ], [ 102.523724943902437, -0.367112775027405 ] ] ] } },
{ "type": "Feature", "properties": { "commodity": "Oil Palm", "ai_model": "SAM 3 / Prithvi Vectorizer", "area_ha": 0.11999999999720967, "compliance_tag": "EUDR_ART9_2D_v2026", "geometry_precision": "1.5m_tolerance" }, "geometry": { "type": "Polygon", "coordinates": [ [ [ 102.518074893598381, -0.369553157070221 ], [ 102.518164592424199, -0.36955312126129 ], [ 102.518164627998956, -0.369643422704161 ], [ 102.518254326817001, -0.369643386885572 ], [ 102.518254433596141, -0.369914291187801 ], [ 102.517985337107831, -0.369914398719595 ], [ 102.517985301508787, -0.36982409725929 ], [ 102.517895602662875, -0.369824133092652 ], [ 102.517895531492684, -0.369643530154477 ], [ 102.518074929172229, -0.369643458521842 ], [ 102.518074893598381, -0.369553157070221 ] ] ] } },
{ "type": "Feature", "properties": { "commodity": "Oil Palm", "ai_model": "SAM 3 / Prithvi Vectorizer", "area_ha": 0.18999999999985448, "compliance_tag": "EUDR_ART9_2D_v2026", "geometry_precision": "1.5m_tolerance" }, "geometry": { "type": "Polygon", "coordinates": [ [ [ 102.521662839849341, -0.369551724004463 ], [ 102.522201030586615, -0.369551508919242 ], [ 102.522201066201987, -0.369641809968121 ], [ 102.522111367766627, -0.369641845826689 ], [ 102.522111403389786, -0.369732146884307 ], [ 102.521842308028795, -0.369732254480839 ], [ 102.521842343657951, -0.369822555564714 ], [ 102.521752645185984, -0.369822591437167 ], [ 102.521752680822942, -0.369912892529779 ], [ 102.521573283851097, -0.369912964289475 ], [ 102.521573248215944, -0.369822663179344 ], [ 102.521483549717871, -0.369822699049069 ], [ 102.52148347847546, -0.369642096811225 ], [ 102.521662875459327, -0.369642025105901 ], [ 102.521662839849341, -0.369551724004463 ] ] ] } },
{ "type": "Feature", "properties": { "commodity": "Oil Palm", "ai_model": "SAM 3 / Prithvi Vectorizer", "area_ha": 0.49000000000623184, "compliance_tag": "EUDR_ART9_2D_v2026", "geometry_precision": "1.5m_tolerance" }, "geometry": { "type": "Polygon", "coordinates": [ [ [ 102.510271097997332, -0.369646571181797 ], [ 102.510540196717685, -0.369646463963184 ], [ 102.510540338796631, -0.370007672706365 ], [ 102.510719737907365, -0.370007601152893 ], [ 102.510719880132299, -0.37036880982587 ], [ 102.510540481014331, -0.370368881449196 ], [ 102.510540552175215, -0.37054948582048 ], [ 102.51036115301892, -0.370549557475089 ], [ 102.510361010739061, -0.370188348662583 ], [ 102.510181611555296, -0.370188420243702 ], [ 102.510181576008819, -0.37009811802306 ], [ 102.510091876404843, -0.370098153803523 ], [ 102.510091840867943, -0.370007851574128 ], [ 102.509912441635777, -0.370007923114867 ], [ 102.509912406109351, -0.369917620867989 ], [ 102.50982270648116, -0.369917656628264 ], [ 102.509822670964311, -0.369827354372635 ], [ 102.51000207021022, -0.369827282868635 ], [ 102.510002034700236, -0.369736980630444 ], [ 102.510271133501348, -0.369736873393818 ], [ 102.510271097997332, -0.369646571181797 ] ] ] } },
{ "type": "Feature", "properties": { "commodity": "Oil Palm", "ai_model": "SAM 3 / Prithvi Vectorizer", "area_ha": 0.17999999999523789, "compliance_tag": "EUDR_ART9_2D_v2026", "geometry_precision": "1.5m_tolerance" }, "geometry": { "type": "Polygon", "coordinates": [ [ [ 102.520227769831379, -0.369823201129772 ], [ 102.520317468451239, -0.369823165272773 ], [ 102.520317504073759, -0.369913466505506 ], [ 102.520407202685831, -0.369913430638842 ], [ 102.520407273958753, -0.37009403308673 ], [ 102.520496972563919, -0.370093997201645 ], [ 102.520497043873434, -0.370274599631933 ], [ 102.520407345266449, -0.370274635534529 ], [ 102.520407487986247, -0.370635840429866 ], [ 102.520317789366956, -0.370635876366576 ], [ 102.52031775367486, -0.370545575134018 ], [ 102.520228055047795, -0.370545611061062 ], [ 102.520227769831379, -0.369823201129772 ] ] ] } },
{ "type": "Feature", "properties": { "commodity": "Oil Palm", "ai_model": "SAM 3 / Prithvi Vectorizer", "area_ha": 0.21999999999941064, "compliance_tag": "EUDR_ART9_2D_v2026", "geometry_precision": "1.5m_tolerance" }, "geometry": { "type": "Polygon", "coordinates": [ [ [ 102.523098513986113, -0.370815363826917 ], [ 102.523457307339385, -0.370815219891538 ], [ 102.523457343089262, -0.370905520817444 ], [ 102.523816136306849, -0.370905376832426 ], [ 102.52381627940791, -0.371266580395607 ], [ 102.523547184496906, -0.371266688490907 ], [ 102.523547148711287, -0.371176387573852 ], [ 102.523457450391106, -0.37117642359503 ], [ 102.523457414615123, -0.37108612266919 ], [ 102.523367716287154, -0.371086158680692 ], [ 102.523367680520764, -0.370995857746067 ], [ 102.523277982184993, -0.370995893747894 ], [ 102.523277946428223, -0.370905592804483 ], [ 102.523098549732367, -0.370905664787875 ], [ 102.523098513986113, -0.370815363826917 ] ] ] } },
{ "type": "Feature", "properties": { "commodity": "Oil Palm", "ai_model": "SAM 3 / Prithvi Vectorizer", "area_ha": 0.5100000000003565, "compliance_tag": "EUDR_ART9_2D_v2026", "geometry_precision": "1.5m_tolerance" }, "geometry": { "type": "Polygon", "coordinates": [ [ [ 102.521304580859152, -0.370906384421222 ], [ 102.52139427938549, -0.370906348448216 ], [ 102.521394315123231, -0.370996649575601 ], [ 102.521484013641768, -0.370996613592924 ], [ 102.521484049389116, -0.371086914711529 ], [ 102.521573747899865, -0.371086878719182 ], [ 102.52157378365682, -0.371177179829006 ], [ 102.521842879139541, -0.371177071820215 ], [ 102.52184291490795, -0.371267372903739 ], [ 102.522022311854712, -0.371267300875798 ], [ 102.522022383421216, -0.371447903007742 ], [ 102.521932684950357, -0.371447939039689 ], [ 102.521932720745752, -0.371538240114388 ], [ 102.521843022265287, -0.371538276154181 ], [ 102.521843093880364, -0.371718878321033 ], [ 102.521663696889703, -0.371718950432917 ], [ 102.521663732708475, -0.371809251533828 ], [ 102.521484335681194, -0.371809323659575 ], [ 102.52148419246555, -0.371448119185728 ], [ 102.52112539832109, -0.371448263286124 ], [ 102.5211252910116, -0.37117735982541 ], [ 102.521214989558047, -0.371177323827954 ], [ 102.521214918060068, -0.370996721538217 ], [ 102.521304616595998, -0.370996685557365 ], [ 102.521304580859152, -0.370906384421222 ] ] ] } },
{ "type": "Feature", "properties": { "commodity": "Oil Palm", "ai_model": "SAM 3 / Prithvi Vectorizer", "area_ha": 0.57999999999699137, "compliance_tag": "EUDR_ART9_2D_v2026", "geometry_precision": "1.5m_tolerance" }, "geometry": { "type": "Polygon", "coordinates": [ [ [ 102.52309908697076, -0.372260179199609 ], [ 102.523457880382054, -0.372260034703397 ], [ 102.523458023990941, -0.372621238405481 ], [ 102.523368325647539, -0.37262127456596 ], [ 102.523368397502381, -0.372801876434397 ], [ 102.523278699148449, -0.372801912611486 ], [ 102.523278771036303, -0.372982514497361 ], [ 102.52318907267184, -0.37298255069106 ], [ 102.523189144592692, -0.373163152594372 ], [ 102.522740652630716, -0.373163333636737 ], [ 102.522740724577261, -0.373343935627583 ], [ 102.5225613277279, -0.373344008073154 ], [ 102.522561183876888, -0.372982804021281 ], [ 102.522650882302287, -0.372982767834 ], [ 102.522650846360378, -0.372892466829738 ], [ 102.522830243183236, -0.372892394469949 ], [ 102.522830207248205, -0.372802093483188 ], [ 102.522919905645651, -0.37280205731068 ], [ 102.522919797890111, -0.372531154376552 ], [ 102.523099194653426, -0.372531082081362 ], [ 102.52309908697076, -0.372260179199609 ] ] ] } },
{ "type": "Feature", "properties": { "commodity": "Oil Palm", "ai_model": "SAM 3 / Prithvi Vectorizer", "area_ha": 0.32000000000257567, "compliance_tag": "EUDR_ART9_2D_v2026", "geometry_precision": "1.5m_tolerance" }, "geometry": { "type": "Polygon", "coordinates": [ [ [ 102.51592754907648, -0.383099265198868 ], [ 102.516106947412226, -0.383099191000187 ], [ 102.516106984269314, -0.383189492640919 ], [ 102.516196683425093, -0.383189455531421 ], [ 102.516196646567053, -0.383099153899434 ], [ 102.516555443099534, -0.383099005487005 ], [ 102.516555479961312, -0.383189307084007 ], [ 102.516645179073635, -0.383189269969799 ], [ 102.516645289713921, -0.383460174734431 ], [ 102.51655559059877, -0.383460211874879 ], [ 102.516555553710916, -0.383369910277944 ], [ 102.516376155456442, -0.38336998453852 ], [ 102.51637619234242, -0.383460286152947 ], [ 102.516286493201207, -0.383460323290566 ], [ 102.516286530094945, -0.383550624913716 ], [ 102.51610713178458, -0.383550699203619 ], [ 102.51610716868511, -0.383641000844238 ], [ 102.516017469515972, -0.38364103799652 ], [ 102.516017432616394, -0.383550736347156 ], [ 102.515927733439483, -0.383550773489751 ], [ 102.515927622795616, -0.383279868515289 ], [ 102.516017321969713, -0.38327983139893 ], [ 102.516017285104851, -0.383189529749475 ], [ 102.515927585931706, -0.38318956685709 ], [ 102.51592754907648, -0.383099265198868 ] ] ] } },
{ "type": "Feature", "properties": { "commodity": "Oil Palm", "ai_model": "SAM 3 / Prithvi Vectorizer", "area_ha": 0.12000000000091678, "compliance_tag": "EUDR_ART9_2D_v2026", "geometry_precision": "1.5m_tolerance" }, "geometry": { "type": "Polygon", "coordinates": [ [ [ 102.488839177230602, -0.386000163207591 ], [ 102.488928879046298, -0.386000126115444 ], [ 102.488929063379828, -0.386451647513402 ], [ 102.488749659730431, -0.386451721783525 ], [ 102.488749622848374, -0.386361417486623 ], [ 102.488659921011674, -0.386361454611582 ], [ 102.488659884139153, -0.38627115030598 ], [ 102.488570182294794, -0.386271187421311 ], [ 102.488570145431865, -0.38618088310701 ], [ 102.488749549110096, -0.386180808892751 ], [ 102.488749512253889, -0.386090504595781 ], [ 102.488839214079135, -0.386090467495906 ], [ 102.488839177230602, -0.386000163207591 ] ] ] } },
{ "type": "Feature", "properties": { "commodity": "Oil Palm", "ai_model": "SAM 3 / Prithvi Vectorizer", "area_ha": 0.42999999999453575, "compliance_tag": "EUDR_ART9_2D_v2026", "geometry_precision": "1.5m_tolerance" }, "geometry": { "type": "Polygon", "coordinates": [ [ [ 102.487942121769251, -0.385910229701762 ], [ 102.48803182367017, -0.38591019262778 ], [ 102.488031934190275, -0.386181105726999 ], [ 102.488121636085424, -0.386181068626041 ], [ 102.488121672943635, -0.386271372983726 ], [ 102.488390778580182, -0.386271261649126 ], [ 102.488390815449847, -0.386361565980759 ], [ 102.488480517312411, -0.38636152885865 ], [ 102.488480554191653, -0.386451833181583 ], [ 102.488390852328138, -0.386451870312369 ], [ 102.488390926110569, -0.386632478975521 ], [ 102.48821152235395, -0.386632553268949 ], [ 102.488211596167091, -0.386813161966716 ], [ 102.487852788542853, -0.386813310611572 ], [ 102.487852640966167, -0.386452093077135 ], [ 102.487762939042369, -0.386452130201271 ], [ 102.487762865307602, -0.386271521416565 ], [ 102.487852567229538, -0.386271484309779 ], [ 102.487852456689225, -0.386000571158575 ], [ 102.487942158599708, -0.386000534076867 ], [ 102.487942121769251, -0.385910229701762 ] ] ] } },
{ "type": "Feature", "properties": { "commodity": "Oil Palm", "ai_model": "SAM 3 / Prithvi Vectorizer", "area_ha": 0.52000000000249569, "compliance_tag": "EUDR_ART9_2D_v2026", "geometry_precision": "1.5m_tolerance" }, "geometry": { "type": "Polygon", "coordinates": [ [ [ 102.51341774631382, -0.387434794902778 ], [ 102.514852936640267, -0.387434194917112 ], [ 102.514853011170629, -0.38761479844119 ], [ 102.514494213789831, -0.387614948530397 ], [ 102.514494288347379, -0.387795552124317 ], [ 102.513597294268649, -0.387795927455442 ], [ 102.513597219730059, -0.387615323686719 ], [ 102.513417820813913, -0.387615398706549 ], [ 102.51341774631382, -0.387434794902778 ] ] ] } },
{ "type": "Feature", "properties": { "commodity": "Oil Palm", "ai_model": "SAM 3 / Prithvi Vectorizer", "area_ha": 59.119999999843877, "compliance_tag": "EUDR_ART9_2D_v2026", "geometry_precision": "1.5m_tolerance" }, "geometry": { "type": "Polygon", "coordinates": [ [ [ 102.519515582980858, -0.383278383126034 ], [ 102.51969498062499, -0.383278308817001 ], [ 102.519695572259096, -0.384723129465435 ], [ 102.519874969898481, -0.384723054872493 ], [ 102.519875787071811, -0.386709682869378 ], [ 102.520055184717833, -0.386709607887441 ], [ 102.520055259218822, -0.386890210397045 ], [ 102.520234656833836, -0.386890135376284 ], [ 102.520234731373392, -0.387070737850775 ], [ 102.520414128957398, -0.387070662791188 ], [ 102.520414203535537, -0.387251265230565 ], [ 102.521490588331574, -0.387250814582944 ], [ 102.521490662967182, -0.387431416812054 ], [ 102.52202885490675, -0.38743119133173 ], [ 102.522028929588515, -0.387611793455637 ], [ 102.522387724048414, -0.387611643046291 ], [ 102.52238779877257, -0.387792245100024 ], [ 102.522567195954096, -0.38779216985459 ], [ 102.522567270716848, -0.387972771873186 ], [ 102.522926064983054, -0.387972621300787 ], [ 102.522926139788183, -0.388153223249197 ], [ 102.523105536872848, -0.388153147922226 ], [ 102.523105611716588, -0.388333749835495 ], [ 102.523823199722187, -0.38833344834923 ], [ 102.523827447402752, -0.398447147492261 ], [ 102.523648050238435, -0.39844722483273 ], [ 102.523647896662752, -0.398086021226842 ], [ 102.523468499471392, -0.398086098493283 ], [ 102.523468422739683, -0.397905496655143 ], [ 102.523289025517371, -0.397905573882617 ], [ 102.523288948824373, -0.39772497200933 ], [ 102.523109551571125, -0.39772504919784 ], [ 102.523109474916822, -0.397544447289407 ], [ 102.522930077632651, -0.397544524438957 ], [ 102.522930001017045, -0.39736392249538 ], [ 102.522750603701937, -0.397363999605974 ], [ 102.522750527125041, -0.397183397627255 ], [ 102.522391732398134, -0.397183551766631 ], [ 102.522391655863814, -0.397002949717728 ], [ 102.522212258452001, -0.397003026746515 ], [ 102.522212181956363, -0.396822424662476 ], [ 102.522122483239343, -0.396822463157885 ], [ 102.522122406780454, -0.396641861056231 ], [ 102.52203270805667, -0.396641899533145 ], [ 102.522032631634545, -0.396461297413877 ], [ 102.521942932903983, -0.396461335872296 ], [ 102.521942894706925, -0.396371034803867 ], [ 102.521673798465997, -0.396371150146999 ], [ 102.521673836660142, -0.396461451241706 ], [ 102.521494439120758, -0.396461528149774 ], [ 102.521494362745017, -0.3962809259253 ], [ 102.521314965174696, -0.396281002794436 ], [ 102.521314888837637, -0.396100400534835 ], [ 102.520956093600333, -0.396100554191356 ], [ 102.520956017305807, -0.395919951861599 ], [ 102.520417824200479, -0.395920182212091 ], [ 102.520417747952337, -0.395739579777161 ], [ 102.520238350184826, -0.39573965651785 ], [ 102.520238273975352, -0.395559054047803 ], [ 102.520058876176932, -0.39555913074958 ], [ 102.520058800006112, -0.395378528244419 ], [ 102.519879402176755, -0.395378604907286 ], [ 102.519879249947195, -0.395017399826644 ], [ 102.519699852090781, -0.395017476415589 ], [ 102.519698714862088, -0.392308437773616 ], [ 102.519519317028553, -0.392308513833439 ], [ 102.519519165997053, -0.391947308609563 ], [ 102.519339768136433, -0.3919473845955 ], [ 102.519339617251703, -0.391586179301225 ], [ 102.519160219363926, -0.391586255213284 ], [ 102.519160068625979, -0.391225049848614 ], [ 102.518980670711088, -0.391225125686802 ], [ 102.518980069181012, -0.389780303944337 ], [ 102.519338864915042, -0.389780152824297 ], [ 102.519338714865086, -0.389418947527803 ], [ 102.519518112672316, -0.389418872032062 ], [ 102.519518037695718, -0.389238269418691 ], [ 102.519697435464366, -0.389238193954137 ], [ 102.519697510444772, -0.389418796532493 ], [ 102.519876908182439, -0.389418721029094 ], [ 102.519876983201456, -0.389599323572339 ], [ 102.519607886576196, -0.389599436878527 ], [ 102.519607849065196, -0.389509135580653 ], [ 102.519518150173667, -0.389509173338713 ], [ 102.519518225202475, -0.389689775951946 ], [ 102.519697622980615, -0.389689700399853 ], [ 102.519697660509948, -0.389780001688926 ], [ 102.520594648888462, -0.389779623783433 ], [ 102.520594573819466, -0.389599021380367 ], [ 102.520504875022638, -0.389599059157716 ], [ 102.52050479999032, -0.389418456737046 ], [ 102.520415101186742, -0.389418494495924 ], [ 102.520414951230265, -0.389057289619284 ], [ 102.520145854778676, -0.389057402785109 ], [ 102.520145779858325, -0.388876800294117 ], [ 102.520056081025643, -0.388876837996635 ], [ 102.520056043579473, -0.388786536742349 ], [ 102.51987664588988, -0.388786612127009 ], [ 102.519876571027424, -0.388606009583349 ], [ 102.519697173306852, -0.388606084929169 ], [ 102.519697210731835, -0.388696386218519 ], [ 102.519517812974584, -0.388696461578026 ], [ 102.519517887846845, -0.388877064191673 ], [ 102.519338490051013, -0.388877139582372 ], [ 102.519338564954253, -0.389057742230941 ], [ 102.519248866041409, -0.389057779942363 ], [ 102.51924882858637, -0.388967478609336 ], [ 102.51915912966578, -0.388967516311049 ], [ 102.519158942525848, -0.388516009601808 ], [ 102.518979544668042, -0.388516084914838 ], [ 102.518979395120184, -0.38815487947701 ], [ 102.518799997235192, -0.388154954716204 ], [ 102.518799847834046, -0.387793749207991 ], [ 102.518620449921855, -0.387793824373354 ], [ 102.518620375277223, -0.387613221584103 ], [ 102.518440977334038, -0.387613296710648 ], [ 102.51844090272796, -0.3874326938863 ], [ 102.518261504753809, -0.38743276897403 ], [ 102.518261430186286, -0.387252166114587 ], [ 102.517902634141208, -0.387252316208618 ], [ 102.517902559616033, -0.387071713279082 ], [ 102.516646772389663, -0.3870722382433 ], [ 102.516646846888392, -0.387252841417784 ], [ 102.515749854950826, -0.38725321645296 ], [ 102.515749929465372, -0.387433819802263 ], [ 102.514852936640267, -0.387434194917112 ], [ 102.514852862144622, -0.387253591392943 ], [ 102.515032260775342, -0.387253516412561 ], [ 102.515032186310663, -0.38707291292327 ], [ 102.515211584902872, -0.387072837974052 ], [ 102.515211510469143, -0.386892234519641 ], [ 102.515390909022827, -0.38689215960159 ], [ 102.515390834620064, -0.386711556182061 ], [ 102.515570233135236, -0.386711481295181 ], [ 102.515569787425662, -0.385627860985932 ], [ 102.515749185883422, -0.38562778630511 ], [ 102.515749037583987, -0.385266579604584 ], [ 102.515928435999498, -0.385266504989928 ], [ 102.515928361898133, -0.385085901674507 ], [ 102.516107760275133, -0.385085827091043 ], [ 102.516107686204762, -0.38490522381051 ], [ 102.516287084543251, -0.384905149258242 ], [ 102.516287158617388, -0.385085752503792 ], [ 102.517004751638879, -0.385085454116928 ], [ 102.517004677549693, -0.384904851011323 ], [ 102.517363473844384, -0.384904701865157 ], [ 102.51736339978244, -0.384724098829445 ], [ 102.517542797873901, -0.384724024285679 ], [ 102.517542871939568, -0.384904627286396 ], [ 102.517901668025686, -0.384904478117522 ], [ 102.517901742133645, -0.385085081048154 ], [ 102.517542946040038, -0.385085230287022 ], [ 102.517543317063769, -0.385988245288786 ], [ 102.517722715146789, -0.385988170496263 ], [ 102.517722789459597, -0.386168773461346 ], [ 102.517902187511652, -0.38616869863003 ], [ 102.517902261862972, -0.386349301560024 ], [ 102.518799251620436, -0.386348927171474 ], [ 102.518799177250216, -0.386168324416498 ], [ 102.518978575093627, -0.386168249562401 ], [ 102.518978500754415, -0.385987646842342 ], [ 102.519157898559271, -0.385987572019458 ], [ 102.519157601535156, -0.385265161278351 ], [ 102.518978203745377, -0.385265235961193 ], [ 102.518978129580063, -0.385084633240677 ], [ 102.518798731759261, -0.385084707884722 ], [ 102.518798657632473, -0.384904105129107 ], [ 102.51843986189408, -0.384904254335827 ], [ 102.518439787809584, -0.384723651510109 ], [ 102.51861918569243, -0.384723576943646 ], [ 102.518619111638955, -0.384542974152842 ], [ 102.518798509483261, -0.384542899617604 ], [ 102.518798435460795, -0.384362296861716 ], [ 102.518977833266575, -0.384362222357706 ], [ 102.51897775927516, -0.384181619636735 ], [ 102.519157157042386, -0.384181545163956 ], [ 102.519157009156388, -0.383820339791763 ], [ 102.519336406881337, -0.383820265385231 ], [ 102.519336259126916, -0.3834590600827 ], [ 102.519515656809602, -0.383458985742422 ], [ 102.519515582980858, -0.383278383126034 ] ], [ [ 102.521762925339033, -0.39501659540823 ], [ 102.521763001476927, -0.395197197580805 ], [ 102.521673302733817, -0.395197235913672 ], [ 102.521673378904609, -0.395377838103672 ], [ 102.521852776385984, -0.395377761401929 ], [ 102.52185285259543, -0.395558363556799 ], [ 102.522839538142108, -0.39555794143499 ], [ 102.522839576270499, -0.395648242416022 ], [ 102.523108672148823, -0.395648127245187 ], [ 102.523108710288824, -0.395738428199908 ], [ 102.52319840889848, -0.395738389798922 ], [ 102.523198370757513, -0.395648088852964 ], [ 102.523288069357505, -0.395648050459768 ], [ 102.523288031224283, -0.395557749522549 ], [ 102.523198332625256, -0.395557787906982 ], [ 102.523198256386834, -0.395377186014948 ], [ 102.522929160543327, -0.395377301109838 ], [ 102.52292908434552, -0.395196699165135 ], [ 102.522390892435084, -0.395196929223536 ], [ 102.522390816283675, -0.395016327173602 ], [ 102.521762925339033, -0.39501659540823 ] ], [ [ 102.523108329280504, -0.394835418651643 ], [ 102.523108405412529, -0.395016020561483 ], [ 102.523198104014483, -0.395015982230599 ], [ 102.523198027880525, -0.394835380338285 ], [ 102.523108329280504, -0.394835418651643 ] ], [ [ 102.522569985361187, -0.394474444481167 ], [ 102.522570023382244, -0.394564745488764 ], [ 102.522659722031619, -0.394564707207513 ], [ 102.522659684009568, -0.394474406208677 ], [ 102.522569985361187, -0.394474444481167 ] ], [ [ 102.521762773167652, -0.394655391062799 ], [ 102.521762811197434, -0.394745692149191 ], [ 102.521942208647914, -0.394745615568138 ], [ 102.521942170616185, -0.394655314499265 ], [ 102.521762773167652, -0.394655391062799 ] ], [ [ 102.521403295186957, -0.393030123988531 ], [ 102.521403333056284, -0.393120425110378 ], [ 102.521582730541752, -0.393120348852398 ], [ 102.521582768421709, -0.393210649956705 ], [ 102.521762165874293, -0.393210573677342 ], [ 102.521762127992403, -0.393120272590553 ], [ 102.52185182670469, -0.393120234458181 ], [ 102.52185178883056, -0.393029933380128 ], [ 102.521403295186957, -0.393030123988531 ] ], [ [ 102.520596688903737, -0.394655888631186 ], [ 102.520596917137809, -0.395197695832305 ], [ 102.520686615985326, -0.395197657511095 ], [ 102.520686577923598, -0.395107356319723 ], [ 102.520776276761467, -0.395107318006299 ], [ 102.520776162625609, -0.394836414458314 ], [ 102.520686463790625, -0.394836452745468 ], [ 102.520686387745471, -0.394655850362515 ], [ 102.520596688903737, -0.394655888631186 ] ], [ [ 102.519339165432328, -0.390502563416177 ], [ 102.519339240648605, -0.390683166063917 ], [ 102.519518638482509, -0.390683090323077 ], [ 102.519518563262423, -0.390502487710352 ], [ 102.519339165432328, -0.390502563416177 ] ] ] } },
{ "type": "Feature", "properties": { "commodity": "Oil Palm", "ai_model": "SAM 3 / Prithvi Vectorizer", "area_ha": 0.54000000001364246, "compliance_tag": "EUDR_ART9_2D_v2026", "geometry_precision": "1.5m_tolerance" }, "geometry": { "type": "Polygon", "coordinates": [ [ [ 102.475478998719595, -0.399280599175826 ], [ 102.476017218022591, -0.399280369831853 ], [ 102.476017369979175, -0.39964159192599 ], [ 102.476196776352594, -0.399641515400975 ], [ 102.476197080693652, -0.400363959449777 ], [ 102.4760176743046, -0.400364036113133 ], [ 102.476017750471854, -0.400544647159682 ], [ 102.475748640817983, -0.400544762199208 ], [ 102.475748564656612, -0.400364151100783 ], [ 102.475838267881187, -0.400364112772551 ], [ 102.475837887579814, -0.39946105736547 ], [ 102.475479074669011, -0.399461210326687 ], [ 102.475478998719595, -0.399280599175826 ] ] ] } },
{ "type": "Feature", "properties": { "commodity": "Oil Palm", "ai_model": "SAM 3 / Prithvi Vectorizer", "area_ha": 0.13999999999804277, "compliance_tag": "EUDR_ART9_2D_v2026", "geometry_precision": "1.5m_tolerance" }, "geometry": { "type": "Polygon", "coordinates": [ [ [ 102.48462906587315, -0.400179742446359 ], [ 102.484808470607163, -0.40017966562869 ], [ 102.484808585106805, -0.400450579653473 ], [ 102.484629180366937, -0.400450656523148 ], [ 102.484629256739169, -0.400631265907556 ], [ 102.484449851960946, -0.400631342807961 ], [ 102.484449699258732, -0.400270123969714 ], [ 102.484629104029139, -0.400270047138646 ], [ 102.48462906587315, -0.400179742446359 ] ] ] } },
{ "type": "Feature", "properties": { "commodity": "Oil Palm", "ai_model": "SAM 3 / Prithvi Vectorizer", "area_ha": 0.13999999999985085, "compliance_tag": "EUDR_ART9_2D_v2026", "geometry_precision": "1.5m_tolerance" }, "geometry": { "type": "Polygon", "coordinates": [ [ [ 102.504632673100147, -0.400622666803625 ], [ 102.504991474850826, -0.40062251211248 ], [ 102.504991667043086, -0.401074025706987 ], [ 102.504901966613517, -0.401074064424839 ], [ 102.504901928158716, -0.400983761697267 ], [ 102.504812227721473, -0.400983800405416 ], [ 102.504812189276322, -0.400893497669103 ], [ 102.504722488831376, -0.400893536367549 ], [ 102.50472245039586, -0.400803233622495 ], [ 102.504632749943255, -0.400803272311238 ], [ 102.504632673100147, -0.400622666803625 ] ] ] } },
{ "type": "Feature", "properties": { "commodity": "Oil Palm", "ai_model": "SAM 3 / Prithvi Vectorizer", "area_ha": 1.4000000000060608, "compliance_tag": "EUDR_ART9_2D_v2026", "geometry_precision": "1.5m_tolerance" }, "geometry": { "type": "Polygon", "coordinates": [ [ [ 102.477991295149167, -0.400724413931608 ], [ 102.478170701168025, -0.400724337155734 ], [ 102.47817077745097, -0.400904947786955 ], [ 102.47835018343936, -0.400904870972533 ], [ 102.478350259760603, -0.401085481569053 ], [ 102.478709071642086, -0.401085327859163 ], [ 102.47870930083559, -0.401627159440499 ], [ 102.478529894900262, -0.401627236401247 ], [ 102.478529971362946, -0.40180784696278 ], [ 102.478171159381333, -0.40180800094164 ], [ 102.478171121149629, -0.401717695626278 ], [ 102.477991715109212, -0.401717772592479 ], [ 102.477991638675505, -0.401537161927079 ], [ 102.477812232604634, -0.401537238854727 ], [ 102.477812347262216, -0.401808154904696 ], [ 102.477274128825755, -0.401808385819643 ], [ 102.477273823291142, -0.401085942604059 ], [ 102.477453229455307, -0.401085865774752 ], [ 102.477453153153661, -0.400905255005217 ], [ 102.477991371428217, -0.400905024597434 ], [ 102.477991295149167, -0.400724413931608 ] ] ] } },
{ "type": "Feature", "properties": { "commodity": "Oil Palm", "ai_model": "SAM 3 / Prithvi Vectorizer", "area_ha": 0.49999999999899591, "compliance_tag": "EUDR_ART9_2D_v2026", "geometry_precision": "1.5m_tolerance" }, "geometry": { "type": "Polygon", "coordinates": [ [ [ 102.505081636903753, -0.401706105958439 ], [ 102.505171337322878, -0.401706067177588 ], [ 102.505171414385572, -0.401886672580021 ], [ 102.505350815201737, -0.401886594980483 ], [ 102.505350892303014, -0.402067200347947 ], [ 102.505530293088455, -0.402067122709582 ], [ 102.505530370228286, -0.402247728042076 ], [ 102.505709770983017, -0.402247650364879 ], [ 102.50570984816143, -0.4024282556624 ], [ 102.505889248885453, -0.40242817794637 ], [ 102.505889287489609, -0.402518480577655 ], [ 102.50570988676364, -0.402518558311125 ], [ 102.505709925374489, -0.402608860959826 ], [ 102.505530524611885, -0.402608938706777 ], [ 102.505530563229442, -0.402699241372893 ], [ 102.505440862834178, -0.402699280253603 ], [ 102.505440824217615, -0.402608977578768 ], [ 102.505351123814648, -0.40260901644977 ], [ 102.505351085207735, -0.402518713766192 ], [ 102.505261384797109, -0.402518752627485 ], [ 102.505261307611207, -0.402338147242821 ], [ 102.505171607193873, -0.402338186085688 ], [ 102.505171530044564, -0.402157580683493 ], [ 102.504902428746533, -0.402157697153851 ], [ 102.504902390187823, -0.402067394426564 ], [ 102.504812689738799, -0.402067433239322 ], [ 102.504812651189724, -0.401977130503294 ], [ 102.504722950733026, -0.401977169306346 ], [ 102.5047229121936, -0.401886866561577 ], [ 102.504992013534761, -0.401886750175607 ], [ 102.504991975001047, -0.401796447456967 ], [ 102.505081675429807, -0.401796408668385 ], [ 102.505081636903753, -0.401706105958439 ] ] ] } },
{ "type": "Feature", "properties": { "commodity": "Oil Palm", "ai_model": "SAM 3 / Prithvi Vectorizer", "area_ha": 1.1699999999864086, "compliance_tag": "EUDR_ART9_2D_v2026", "geometry_precision": "1.5m_tolerance" }, "geometry": { "type": "Polygon", "coordinates": [ [ [ 102.485526394765955, -0.400901795162812 ], [ 102.485705799343393, -0.400901718186749 ], [ 102.485705875825218, -0.401082327362871 ], [ 102.485885280372116, -0.401082250348184 ], [ 102.485885318627936, -0.401172554918869 ], [ 102.48606472314232, -0.401172477882897 ], [ 102.486065106193621, -0.40207552341503 ], [ 102.485885701659598, -0.402075600624417 ], [ 102.485886008705094, -0.402798037187147 ], [ 102.485706604120892, -0.402798114531305 ], [ 102.485706680964455, -0.402978723706431 ], [ 102.485527276341898, -0.402978801081307 ], [ 102.485527314774615, -0.403069105686175 ], [ 102.485437612449417, -0.403069144380796 ], [ 102.485437574017666, -0.402978839767259 ], [ 102.485347871684851, -0.40297887845222 ], [ 102.485347948554988, -0.403159487696609 ], [ 102.485168543859572, -0.403159565098235 ], [ 102.48516839016159, -0.402798346540011 ], [ 102.4849889854396, -0.402798423868325 ], [ 102.48498890864623, -0.402617814554396 ], [ 102.485168313364298, -0.402617737260757 ], [ 102.485168274978548, -0.402527432621094 ], [ 102.485257977323684, -0.402527393981459 ], [ 102.485258054105728, -0.402708003243423 ], [ 102.485347756444213, -0.40270796458546 ], [ 102.485347794849147, -0.402798269207737 ], [ 102.485527199502243, -0.402798191871502 ], [ 102.485527007553884, -0.402346668846571 ], [ 102.485347602910608, -0.402346746096113 ], [ 102.485347564548732, -0.402256441473717 ], [ 102.485526969190033, -0.402256364241514 ], [ 102.485526854150223, -0.4019854504262 ], [ 102.485706258751165, -0.401985373242061 ], [ 102.48570606718053, -0.401533850302762 ], [ 102.485526662589393, -0.401533927400203 ], [ 102.485526394765955, -0.400901795162812 ] ] ] } },
{ "type": "Feature", "properties": { "commodity": "Oil Palm", "ai_model": "SAM 3 / Prithvi Vectorizer", "area_ha": 1.119999999999687, "compliance_tag": "EUDR_ART9_2D_v2026", "geometry_precision": "1.5m_tolerance" }, "geometry": { "type": "Polygon", "coordinates": [ [ [ 102.474583184860435, -0.402170762505658 ], [ 102.475300811466553, -0.402170454571657 ], [ 102.475301117652961, -0.402892899306796 ], [ 102.475121711037232, -0.402892976434534 ], [ 102.475121864328656, -0.403254198870686 ], [ 102.474942457670693, -0.403254276063611 ], [ 102.47494253436399, -0.40343488731612 ], [ 102.474583720937162, -0.403435041759217 ], [ 102.474583644251751, -0.403254430437565 ], [ 102.474404237490759, -0.403254507618593 ], [ 102.474403931108256, -0.402532062192758 ], [ 102.474583337853517, -0.402531985150006 ], [ 102.474583184860435, -0.402170762505658 ] ] ] } },
{ "type": "Feature", "properties": { "commodity": "Oil Palm", "ai_model": "SAM 3 / Prithvi Vectorizer", "area_ha": 0.31000000000038563, "compliance_tag": "EUDR_ART9_2D_v2026", "geometry_precision": "1.5m_tolerance" }, "geometry": { "type": "Polygon", "coordinates": [ [ [ 102.505889790132002, -0.403692414782197 ], [ 102.505979490494795, -0.403692375800616 ], [ 102.505979529221221, -0.403782678422848 ], [ 102.50606922957634, -0.403782639431554 ], [ 102.506069268312402, -0.403872942045042 ], [ 102.506338369328745, -0.403872825039042 ], [ 102.506338408076431, -0.403963127626344 ], [ 102.506428108398865, -0.403963088613637 ], [ 102.506428147156214, -0.404053391192193 ], [ 102.506517847470974, -0.404053352169772 ], [ 102.506517886237972, -0.404143654739583 ], [ 102.506607586545044, -0.404143615707447 ], [ 102.506607625321678, -0.404233918268512 ], [ 102.506248824037428, -0.404234074425981 ], [ 102.506248746500702, -0.404053469234056 ], [ 102.505710544326263, -0.404053703335805 ], [ 102.505710466836021, -0.403873098039142 ], [ 102.50535166522107, -0.403873254017356 ], [ 102.505351626492867, -0.403782951334112 ], [ 102.505889828857448, -0.403782717413149 ], [ 102.505889790132002, -0.403692414782197 ] ] ] } },
{ "type": "Feature", "properties": { "commodity": "Oil Palm", "ai_model": "SAM 3 / Prithvi Vectorizer", "area_ha": 14.729999999975396, "compliance_tag": "EUDR_ART9_2D_v2026", "geometry_precision": "1.5m_tolerance" }, "geometry": { "type": "Polygon", "coordinates": [ [ [ 102.48355374642388, -0.402799042352233 ], [ 102.483912556384411, -0.402798887755023 ], [ 102.483912710027269, -0.403160106798608 ], [ 102.484092114963772, -0.403160029424734 ], [ 102.484092191840787, -0.403340638911721 ], [ 102.484271596746794, -0.403340561499218 ], [ 102.484271673662178, -0.403521170951444 ], [ 102.484092268752249, -0.403521248398613 ], [ 102.484092499693219, -0.404063076858716 ], [ 102.484271904614985, -0.404062999307552 ], [ 102.48427198166813, -0.404243608759398 ], [ 102.484451386559414, -0.404243531169593 ], [ 102.484451540776902, -0.404604750003664 ], [ 102.484630945641655, -0.404604672340546 ], [ 102.484631022806013, -0.40478528172277 ], [ 102.484989832440093, -0.404785126315255 ], [ 102.484989909646814, -0.40496573562804 ], [ 102.48516931441614, -0.404965657883638 ], [ 102.485169391661245, -0.405146267161654 ], [ 102.486604628607381, -0.405145644785616 ], [ 102.486604705918595, -0.405326253786079 ], [ 102.48678411038577, -0.405326175936456 ], [ 102.48678418773541, -0.405506784902133 ], [ 102.486604783264298, -0.405506862786447 ], [ 102.486604976779233, -0.405958385286948 ], [ 102.486784381260279, -0.405958307315909 ], [ 102.486784303824493, -0.405777698350471 ], [ 102.486874006050101, -0.4057776593808 ], [ 102.486873967344138, -0.405687354906718 ], [ 102.486963669560154, -0.405687315944723 ], [ 102.486963746982681, -0.405867924875517 ], [ 102.487143151392814, -0.405867846913841 ], [ 102.487143190118985, -0.405958151361856 ], [ 102.487053487917223, -0.405958190351866 ], [ 102.487053526651025, -0.40604849480853 ], [ 102.48696382443967, -0.406048533806216 ], [ 102.486963901931119, -0.406229142736819 ], [ 102.479608291137779, -0.406232338570882 ], [ 102.479608213808987, -0.40605172821937 ], [ 102.479787619634635, -0.406051650386716 ], [ 102.479787542336254, -0.405871040069729 ], [ 102.479966948123547, -0.405870962267704 ], [ 102.479966870855606, -0.405690351985244 ], [ 102.480505087999191, -0.405690118659099 ], [ 102.48050501075376, -0.405509508480422 ], [ 102.480684416395547, -0.405509430731691 ], [ 102.480684339180542, -0.405328820587547 ], [ 102.48104315035296, -0.405328665147387 ], [ 102.481043073164457, -0.405148055072413 ], [ 102.481222478695088, -0.405147977380988 ], [ 102.481222401537039, -0.404967367340553 ], [ 102.481401807029314, -0.404967289679782 ], [ 102.481401652808529, -0.404606069667899 ], [ 102.481581058258485, -0.404605992072422 ], [ 102.481580981195734, -0.404425382100976 ], [ 102.481760386607334, -0.40442530453616 ], [ 102.481760232577201, -0.404064084662263 ], [ 102.481939637946482, -0.404064007162754 ], [ 102.481939560979086, -0.403883397260304 ], [ 102.482118966310026, -0.403883319791466 ], [ 102.482118889373069, -0.403702709923565 ], [ 102.482477699923805, -0.403702555043267 ], [ 102.482477623013395, -0.403521945244563 ], [ 102.482836433418555, -0.403521790417685 ], [ 102.482836510336867, -0.403702400147088 ], [ 102.482926212918599, -0.403702361420562 ], [ 102.482926251391632, -0.403792666276565 ], [ 102.483195359088214, -0.403792550065042 ], [ 102.48319508993697, -0.403160416254457 ], [ 102.483374495011176, -0.403160338896442 ], [ 102.483374418184368, -0.402979729270717 ], [ 102.483553823220205, -0.402979651943395 ], [ 102.48355374642388, -0.402799042352233 ] ] ] } },
{ "type": "Feature", "properties": { "commodity": "Oil Palm", "ai_model": "SAM 3 / Prithvi Vectorizer", "area_ha": 2030.2400000000521, "compliance_tag": "EUDR_ART9_2D_v2026", "geometry_precision": "1.5m_tolerance" }, "geometry": { "type": "Polygon", "coordinates": [ [ [ 102.473578037386986, -0.356024941423633 ], [ 102.4744750667722, -0.356024600761333 ], [ 102.474475100619671, -0.356114906442514 ], [ 102.474654506395439, -0.356114838282266 ], [ 102.47465454025324, -0.356205143946141 ], [ 102.474744243129123, -0.356205109856061 ], [ 102.47474427699639, -0.356295415511272 ], [ 102.474833979864556, -0.356295381411673 ], [ 102.474834013741258, -0.35638568705822 ], [ 102.474923716601708, -0.356385652949102 ], [ 102.474923750487875, -0.356475958586985 ], [ 102.475013453340623, -0.356475924468348 ], [ 102.475013487236239, -0.356566230097566 ], [ 102.475192892917676, -0.356566161840374 ], [ 102.475192926823624, -0.356656467452284 ], [ 102.475282629652341, -0.356656433313728 ], [ 102.475282663567754, -0.356746738916973 ], [ 102.475462069201171, -0.356746670619943 ], [ 102.475462103126929, -0.356836976205878 ], [ 102.475641508727733, -0.35683690788805 ], [ 102.47564154266378, -0.356927213456674 ], [ 102.475731245452167, -0.356927179287799 ], [ 102.475731313351844, -0.357107790407694 ], [ 102.476000421670705, -0.357107687843929 ], [ 102.476000455636026, -0.357197993377908 ], [ 102.47609015839268, -0.357197959179584 ], [ 102.476090192367465, -0.357288264704896 ], [ 102.476449003311672, -0.357288127868232 ], [ 102.476449037298551, -0.357378433358936 ], [ 102.476628442720852, -0.357378364918039 ], [ 102.476628476718062, -0.357468670391427 ], [ 102.476897584789711, -0.357468567697549 ], [ 102.476897618798148, -0.357558873144972 ], [ 102.477435834714726, -0.357558667681592 ], [ 102.477435868736976, -0.357648973077102 ], [ 102.477615273975516, -0.357648904564976 ], [ 102.477615308008112, -0.357739209943165 ], [ 102.478422631164065, -0.357738901517217 ], [ 102.478422665213088, -0.357829206817525 ], [ 102.479947607067459, -0.357828623893692 ], [ 102.479947573003557, -0.3577383187405 ], [ 102.480754894147935, -0.357738010108748 ], [ 102.480754860084787, -0.357647705033445 ], [ 102.481113669255208, -0.357647567875544 ], [ 102.481113635197161, -0.357557262834853 ], [ 102.481741550908112, -0.35755702283529 ], [ 102.481741516852551, -0.357466717855194 ], [ 102.48192092126223, -0.357466649293299 ], [ 102.481920955319524, -0.357556954256074 ], [ 102.481831253118116, -0.357556988546121 ], [ 102.481831321256792, -0.357737598488929 ], [ 102.481651916824674, -0.357737667101027 ], [ 102.48165195090516, -0.35782797208972 ], [ 102.481382844189838, -0.35782807502725 ], [ 102.481382878276321, -0.3579183800419 ], [ 102.48129317601979, -0.35791841436131 ], [ 102.481293210113989, -0.358008719384598 ], [ 102.481382912371387, -0.358008685056529 ], [ 102.481382946475065, -0.358098990071138 ], [ 102.481293244216801, -0.358099024407866 ], [ 102.481293278328195, -0.358189329431112 ], [ 102.481203576060466, -0.358189363775619 ], [ 102.481203541949924, -0.358099058743714 ], [ 102.481024137390392, -0.358099127412768 ], [ 102.48102410329021, -0.358008822363524 ], [ 102.480934400998407, -0.358008856688073 ], [ 102.480934435097709, -0.358099161745975 ], [ 102.480665328168087, -0.358099264740312 ], [ 102.480665294071429, -0.358008959656437 ], [ 102.480575591745207, -0.358008993977464 ], [ 102.48057569405843, -0.358279909255001 ], [ 102.480485991720997, -0.35827994360112 ], [ 102.480486025841742, -0.358370248702247 ], [ 102.480396323494844, -0.358370283056142 ], [ 102.480396357623306, -0.358460588165905 ], [ 102.480486059971071, -0.358460553803353 ], [ 102.480486128255535, -0.358641164005501 ], [ 102.480665532928782, -0.358641095243124 ], [ 102.480665498780496, -0.358550790159375 ], [ 102.480755201103349, -0.358550755785521 ], [ 102.480755166962794, -0.358460450710408 ], [ 102.481024273877111, -0.358460347609532 ], [ 102.481024205616549, -0.358279737511192 ], [ 102.481562419202461, -0.358279531389555 ], [ 102.481562385079826, -0.358189226392308 ], [ 102.481652087313151, -0.358189192044279 ], [ 102.481652053198275, -0.358098887055671 ], [ 102.481921159844021, -0.358098784032281 ], [ 102.481921125735099, -0.358008479069632 ], [ 102.482010827932271, -0.358008444735402 ], [ 102.4820107597385, -0.357827834827364 ], [ 102.482100461925313, -0.357827800509576 ], [ 102.48210042784045, -0.357737495564186 ], [ 102.482728342901183, -0.357737255375669 ], [ 102.482728411091742, -0.357917865145161 ], [ 102.482818113210627, -0.357917830811673 ], [ 102.482818181437338, -0.358098440563755 ], [ 102.482907883549345, -0.35809840621206 ], [ 102.482907951812237, -0.358279015946733 ], [ 102.482997653917394, -0.358278981576831 ], [ 102.482997688062625, -0.358369286435472 ], [ 102.483087390160051, -0.358369252056026 ], [ 102.48308749265, -0.358640166605833 ], [ 102.482997790549959, -0.358640201011269 ], [ 102.482997893114742, -0.358911115586875 ], [ 102.483087595217413, -0.358911081155448 ], [ 102.483087629423778, -0.359001386005278 ], [ 102.483177331518704, -0.359001351564306 ], [ 102.483177160568644, -0.358549827358264 ], [ 102.483266862650595, -0.358549792959729 ], [ 102.483266828485526, -0.358459488127121 ], [ 102.483625636723787, -0.358459350558822 ], [ 102.483625602563833, -0.358369045760851 ], [ 102.483715304600992, -0.358369011375238 ], [ 102.483715270448755, -0.35827870658591 ], [ 102.483894674495531, -0.358278637829372 ], [ 102.483894640350144, -0.358188333057354 ], [ 102.483804938331943, -0.358188367427398 ], [ 102.483804904196049, -0.358098062646694 ], [ 102.483894606213383, -0.358098028285315 ], [ 102.483894572085234, -0.358007723513255 ], [ 102.483804870068766, -0.358007757865968 ], [ 102.483804801840023, -0.357827148304454 ], [ 102.483715099816706, -0.357827182638957 ], [ 102.483715031624129, -0.357646573060027 ], [ 102.483625329593949, -0.35764660737632 ], [ 102.483625295511459, -0.357556302578159 ], [ 102.483445891427039, -0.357556371190778 ], [ 102.483445959597148, -0.357736980821738 ], [ 102.483266555474785, -0.357737049465498 ], [ 102.483266760181209, -0.358278878461842 ], [ 102.483177058101887, -0.358278912834386 ], [ 102.483176989833737, -0.358098303151694 ], [ 102.483087287747537, -0.35809833750603 ], [ 102.483087219515568, -0.357917727805927 ], [ 102.482997517422532, -0.357917762142056 ], [ 102.482997415141725, -0.357646847565752 ], [ 102.483087117232145, -0.357646813255614 ], [ 102.483087083154913, -0.357556508405468 ], [ 102.483266487308171, -0.357556439799881 ], [ 102.483266419175976, -0.35737583013418 ], [ 102.483356121237961, -0.357375795847396 ], [ 102.483356087183921, -0.357285491023178 ], [ 102.483266385122789, -0.357285525301298 ], [ 102.483266351078214, -0.357195220468394 ], [ 102.482817840647911, -0.357195391802499 ], [ 102.482817874688124, -0.35728569667872 ], [ 102.482548768324065, -0.357285799494633 ], [ 102.482548734286468, -0.357195494592425 ], [ 102.482728138536061, -0.357195426066686 ], [ 102.482728104505284, -0.357105121181782 ], [ 102.482907508718696, -0.357105052669856 ], [ 102.482907474694812, -0.357014747802257 ], [ 102.483086878872072, -0.357014679304146 ], [ 102.483086844855038, -0.356924374453852 ], [ 102.483176546929869, -0.356924340212144 ], [ 102.483176512920593, -0.356834035370492 ], [ 102.483445619090858, -0.356833932666095 ], [ 102.483445585087566, -0.356743627850415 ], [ 102.483714691177752, -0.356743525164117 ], [ 102.483714657180457, -0.35665322037441 ], [ 102.483983763190551, -0.356653117706214 ], [ 102.483983729199252, -0.356562812942483 ], [ 102.484163133161204, -0.356562744509967 ], [ 102.484163099176783, -0.356472439763546 ], [ 102.484432205052528, -0.356472337134198 ], [ 102.48443217107409, -0.356382032413756 ], [ 102.484701276869757, -0.356381929802522 ], [ 102.484701242897302, -0.35629162510806 ], [ 102.485060050500849, -0.356291488315487 ], [ 102.485060016533524, -0.356201183655676 ], [ 102.485239420281872, -0.356201115271472 ], [ 102.485239386321453, -0.356110810628977 ], [ 102.48559819371134, -0.356110673884736 ], [ 102.485598159756023, -0.356020369276898 ], [ 102.486764282810157, -0.356019924874101 ], [ 102.486764316776757, -0.356110229369214 ], [ 102.486674615054184, -0.356110263567969 ], [ 102.486674751003292, -0.356471481582898 ], [ 102.486854154446789, -0.356471413115133 ], [ 102.486854222476509, -0.356652022087781 ], [ 102.487123327582381, -0.35665191932752 ], [ 102.487123259547431, -0.356471310406911 ], [ 102.487033557855824, -0.356471344643861 ], [ 102.487033523852148, -0.356381040174852 ], [ 102.487123225542888, -0.356381005946575 ], [ 102.487123191546956, -0.356290701486218 ], [ 102.48721289322819, -0.356290667265739 ], [ 102.487212825260443, -0.356110058362309 ], [ 102.487302526931316, -0.356110024158302 ], [ 102.487302492959486, -0.356019719715229 ], [ 102.487661299553395, -0.356019582925142 ], [ 102.48766133352872, -0.356109887333517 ], [ 102.487840736775681, -0.356109818915872 ], [ 102.487840702798636, -0.356019514524848 ], [ 102.490083240455178, -0.356018659225769 ], [ 102.490083308461351, -0.356199267573893 ], [ 102.490173009857259, -0.35619923333319 ], [ 102.490173043874151, -0.356289537498539 ], [ 102.490262745262342, -0.356289503248279 ], [ 102.490262813323724, -0.356470111561553 ], [ 102.490083410535291, -0.356470180095922 ], [ 102.490083478627696, -0.356650788443836 ], [ 102.49053198554283, -0.356650617014528 ], [ 102.49053205367845, -0.356831225275543 ], [ 102.490442352310936, -0.356831259580522 ], [ 102.490442420479326, -0.357011867858818 ], [ 102.490532121848574, -0.357011833536475 ], [ 102.490532190053187, -0.357192441797322 ], [ 102.490442488682177, -0.357192476137028 ], [ 102.490442522796542, -0.357282780276102 ], [ 102.490352821416039, -0.357282814623612 ], [ 102.490352855538163, -0.357373118771347 ], [ 102.490442556919547, -0.357373084415155 ], [ 102.490442591051163, -0.357463388554187 ], [ 102.490532292424774, -0.357463354188435 ], [ 102.490532258292291, -0.357373050058085 ], [ 102.490621959656423, -0.357373015700136 ], [ 102.490621925531698, -0.357282711578448 ], [ 102.490801328232308, -0.357282642877279 ], [ 102.490801294114448, -0.357192338772934 ], [ 102.491070398098103, -0.357192235740644 ], [ 102.491070295788418, -0.356921323505629 ], [ 102.490980594471779, -0.356921357824554 ], [ 102.490980560386674, -0.356831053737491 ], [ 102.490621755037338, -0.356831190969687 ], [ 102.490621720964356, -0.356740886847872 ], [ 102.490711422313751, -0.356740852549821 ], [ 102.490711354191902, -0.356560244323492 ], [ 102.49062165284424, -0.356560278604178 ], [ 102.490621618797121, -0.3564699744823 ], [ 102.490531917441729, -0.356470008753428 ], [ 102.490531883404088, -0.356379704622846 ], [ 102.490442182040923, -0.356379738884416 ], [ 102.490442148012789, -0.356289434745132 ], [ 102.490352446641879, -0.356289468997143 ], [ 102.490352378613224, -0.356108860701148 ], [ 102.490262677235421, -0.356108894934922 ], [ 102.4902626432349, -0.356018590778211 ], [ 102.501026746830362, -0.356014477518158 ], [ 102.50102678093522, -0.356104780631514 ], [ 102.501116481276583, -0.356104746292689 ], [ 102.501116515390976, -0.356195049397316 ], [ 102.501475316673364, -0.356194911998428 ], [ 102.50147541907883, -0.356465821207679 ], [ 102.50174451995764, -0.356465718070935 ], [ 102.501744554112705, -0.356556021114515 ], [ 102.501834254389209, -0.356555986725138 ], [ 102.501834288553795, -0.356646289759987 ], [ 102.501923988822526, -0.356646255361023 ], [ 102.501923954657059, -0.356555952334884 ], [ 102.502013654916254, -0.356555917943754 ], [ 102.502013586609536, -0.356375311908833 ], [ 102.502103286858357, -0.356375277534248 ], [ 102.502103252717092, -0.356284974525466 ], [ 102.50201355246918, -0.356285008891341 ], [ 102.502013450099952, -0.356014099838739 ], [ 102.503000152322585, -0.356013722053424 ], [ 102.503000186446556, -0.356104024975151 ], [ 102.503179586739904, -0.356103956258109 ], [ 102.503179620874278, -0.356194259162389 ], [ 102.503269321008844, -0.356194224793842 ], [ 102.503269355152739, -0.356284527689387 ], [ 102.503448755397628, -0.356284458932238 ], [ 102.503448789551939, -0.356374761810335 ], [ 102.503538489662262, -0.356374727421732 ], [ 102.503538523826094, -0.356465030291094 ], [ 102.503628223928644, -0.356464995892901 ], [ 102.503628258102012, -0.356555298753528 ], [ 102.503807658282852, -0.356555229937084 ], [ 102.503807692466594, -0.356645532780261 ], [ 102.50398709261458, -0.356645463942881 ], [ 102.503987126808724, -0.356735766768606 ], [ 102.504256226968366, -0.356735663479814 ], [ 102.504256261173794, -0.356825966279371 ], [ 102.504525361258132, -0.356825862956538 ], [ 102.504525395474829, -0.356916165729925 ], [ 102.504884195469529, -0.356916027918998 ], [ 102.504884229698391, -0.357006330657497 ], [ 102.505243029558017, -0.35700619279766 ], [ 102.505243063799, -0.357096495501266 ], [ 102.506409162397119, -0.357096047246463 ], [ 102.506409128144796, -0.357005744656215 ], [ 102.50712672654744, -0.357005468803146 ], [ 102.507126692296808, -0.356915166282655 ], [ 102.50730609180907, -0.356915097328058 ], [ 102.507306057565359, -0.356824794824992 ], [ 102.507664856482421, -0.356824656940165 ], [ 102.507664822243896, -0.356734354471974 ], [ 102.507754521950631, -0.356734320007299 ], [ 102.507754556190051, -0.356824622466766 ], [ 102.507844255888955, -0.356824587992489 ], [ 102.507844221648696, -0.356734285541747 ], [ 102.508113320690882, -0.35673418213983 ], [ 102.508113286456663, -0.356643879715241 ], [ 102.508292685773029, -0.356643810793697 ], [ 102.508292651545744, -0.356553508386539 ], [ 102.508561750452685, -0.356553405023825 ], [ 102.508561716231455, -0.356463102642825 ], [ 102.508830815057777, -0.356462999298404 ], [ 102.508830780842587, -0.356372696943564 ], [ 102.508920480433162, -0.356372662502398 ], [ 102.508920446225787, -0.356282360156264 ], [ 102.509099845379154, -0.35628229128876 ], [ 102.509099811178714, -0.356191988960061 ], [ 102.509189510741521, -0.356191954533723 ], [ 102.509189476548897, -0.35610165221373 ], [ 102.509458575182677, -0.356101548955649 ], [ 102.509458540996107, -0.356011246661821 ], [ 102.510086437498742, -0.356011005756769 ], [ 102.510086471691409, -0.35610130798949 ], [ 102.510265870615854, -0.356101239134138 ], [ 102.510265836421439, -0.356010936918878 ], [ 102.51152162790892, -0.356010454955624 ], [ 102.511521662115499, -0.356100757048631 ], [ 102.511611361443272, -0.356100722607387 ], [ 102.511611772609385, -0.357184347617021 ], [ 102.511791171259816, -0.357184278522281 ], [ 102.511791274251763, -0.357455184721809 ], [ 102.511701574928296, -0.357455219295821 ], [ 102.51170160927542, -0.357545521371022 ], [ 102.511611909942388, -0.35754555595289 ], [ 102.511611978660952, -0.357726160120698 ], [ 102.511970775948015, -0.357726021718077 ], [ 102.51197070722246, -0.357545417620146 ], [ 102.512150105810434, -0.357545348448501 ], [ 102.512150174539471, -0.357725952511491 ], [ 102.512508971618288, -0.357725814087766 ], [ 102.512509040389034, -0.357906418080784 ], [ 102.512688438879877, -0.3579063488287 ], [ 102.512688507688807, -0.358086952786687 ], [ 102.512867906148443, -0.358086883496135 ], [ 102.512867974995586, -0.358267487419089 ], [ 102.513047373423973, -0.358267418090067 ], [ 102.513047511229459, -0.358628625865822 ], [ 102.513406307996078, -0.358628487057398 ], [ 102.513406376957903, -0.358809090875243 ], [ 102.513496076129627, -0.358809056153455 ], [ 102.513495869343046, -0.358267244752097 ], [ 102.515648646733212, -0.358266412423372 ], [ 102.515648715669343, -0.358447015804319 ], [ 102.516186909245761, -0.35844680753794 ], [ 102.516186943732123, -0.358537109175913 ], [ 102.516276642631979, -0.35853707445302 ], [ 102.516276677127877, -0.358627376082227 ], [ 102.516366376019946, -0.358627341349707 ], [ 102.516366445039608, -0.358807944590564 ], [ 102.516545842801136, -0.358807875087896 ], [ 102.51654580828523, -0.35871757348497 ], [ 102.516725206010292, -0.358717503996266 ], [ 102.516725275054299, -0.35889810716711 ], [ 102.516635576194375, -0.358898141929396 ], [ 102.516635610728528, -0.358988443523533 ], [ 102.516545911859041, -0.358988478293683 ], [ 102.51654594640101, -0.359078779896545 ], [ 102.516456247521958, -0.359078814674559 ], [ 102.516456282071744, -0.359169116286147 ], [ 102.516187185379778, -0.35916922064113 ], [ 102.516187219935631, -0.359259522278933 ], [ 102.516097521020058, -0.359259557070907 ], [ 102.516097555583713, -0.359349858717435 ], [ 102.516187254500167, -0.359349823916715 ], [ 102.516187289073386, -0.359440125554476 ], [ 102.516366686881966, -0.359440055932896 ], [ 102.516366721465644, -0.359530357553144 ], [ 102.516456420357784, -0.359530322732282 ], [ 102.516456454951012, -0.359620624343763 ], [ 102.516546153835336, -0.359620589513272 ], [ 102.516546223049616, -0.359801192718677 ], [ 102.51645652416353, -0.359801227566661 ], [ 102.516456628047479, -0.360072132400848 ], [ 102.516366929150067, -0.360072167274186 ], [ 102.516366963794553, -0.360162468894285 ], [ 102.516277264887563, -0.360162503775483 ], [ 102.516277334200836, -0.360343107033109 ], [ 102.516187635283416, -0.360343141930913 ], [ 102.516187669952203, -0.36043344356844 ], [ 102.516097971025218, -0.360433478474103 ], [ 102.516098040387078, -0.360614081766583 ], [ 102.516187739315825, -0.360614046843429 ], [ 102.516187808714207, -0.360794650118333 ], [ 102.515559916018177, -0.360794894684224 ], [ 102.515559881320812, -0.36070459298557 ], [ 102.515021687247881, -0.360704802526429 ], [ 102.515021756640763, -0.360885406028635 ], [ 102.515201154703334, -0.360885336150257 ], [ 102.515201189414526, -0.360975637883843 ], [ 102.515470286445876, -0.360975533033393 ], [ 102.51547025173204, -0.360885231326038 ], [ 102.515829047648722, -0.360885091547992 ], [ 102.515829117092181, -0.361065694892728 ], [ 102.515918816051411, -0.36106565992851 ], [ 102.515918885531363, -0.361246263255671 ], [ 102.516008584483671, -0.361246228273075 ], [ 102.516008654000117, -0.361426831582661 ], [ 102.515918955046061, -0.361426866582747 ], [ 102.515919094179722, -0.361788073236642 ], [ 102.516367588880811, -0.361787898052422 ], [ 102.516367554079963, -0.361697596432707 ], [ 102.5166366507937, -0.361697491337742 ], [ 102.516636790059891, -0.362058697711518 ], [ 102.516726488950624, -0.362058662643098 ], [ 102.516726593494141, -0.362329567396965 ], [ 102.516636894600751, -0.362329602491626 ], [ 102.516636929465079, -0.362419904084952 ], [ 102.51645753165046, -0.362419974289093 ], [ 102.516457566521709, -0.36251027589989 ], [ 102.516367867600479, -0.362510311009371 ], [ 102.516368042082618, -0.362961819106767 ], [ 102.516547439925247, -0.362961748799454 ], [ 102.516547405009661, -0.36287144719751 ], [ 102.51681650170579, -0.362871341756089 ], [ 102.516816536624034, -0.362961643331793 ], [ 102.516906235506241, -0.362961608174122 ], [ 102.516906270434049, -0.363051909741057 ], [ 102.517175367031243, -0.363051804236448 ], [ 102.517175401970377, -0.363142105777119 ], [ 102.517265100819614, -0.363142070598383 ], [ 102.517265205691885, -0.363412975194023 ], [ 102.517085807979413, -0.363413045603091 ], [ 102.51708584295244, -0.363503347152424 ], [ 102.516996144082285, -0.363503382364365 ], [ 102.516996179063113, -0.363593683922424 ], [ 102.516906480183394, -0.363593719142219 ], [ 102.516906515172025, -0.363684020709004 ], [ 102.516637418478012, -0.363684126389267 ], [ 102.51663731354617, -0.363413221610125 ], [ 102.516368216781956, -0.363413327203627 ], [ 102.516368251747906, -0.363503628822934 ], [ 102.516278552808231, -0.363503664027727 ], [ 102.516278587781969, -0.363593965655759 ], [ 102.516188888832716, -0.363594000868404 ], [ 102.516188958804463, -0.363774604141894 ], [ 102.516278657755478, -0.363774568911758 ], [ 102.516278622764375, -0.363684267283769 ], [ 102.516547719562638, -0.363684161614234 ], [ 102.516547859589863, -0.364045368021108 ], [ 102.516458160662239, -0.364045403280165 ], [ 102.516458195689879, -0.364135704890576 ], [ 102.516368496752662, -0.364135740157485 ], [ 102.516368566832227, -0.364316343395734 ], [ 102.516278867884552, -0.364316378679239 ], [ 102.516278902936492, -0.364406680307077 ], [ 102.516368601885034, -0.364406645014826 ], [ 102.516368636946538, -0.364496946633897 ], [ 102.516548034819365, -0.364496876029215 ], [ 102.516548069891329, -0.364587177630772 ], [ 102.516368672016725, -0.364587248252946 ], [ 102.516368707095594, -0.364677549871974 ], [ 102.516189309184455, -0.364677620508054 ], [ 102.516189274107376, -0.364587318871535 ], [ 102.516009876163267, -0.364587389486539 ], [ 102.516009841096633, -0.364497087832508 ], [ 102.516099540072148, -0.364497052534199 ], [ 102.516099505013315, -0.364406750888892 ], [ 102.516189203979238, -0.364406715598432 ], [ 102.516189168928207, -0.364316413961848 ], [ 102.516099469963166, -0.364316449243563 ], [ 102.516099434921742, -0.364226147598212 ], [ 102.516009735948884, -0.364226182870285 ], [ 102.516009770989442, -0.364316484524381 ], [ 102.51583037301593, -0.364316555083332 ], [ 102.515830197908869, -0.36386504672519 ], [ 102.515471401875374, -0.363865187657462 ], [ 102.51547143687587, -0.363955489364109 ], [ 102.515381737844905, -0.363955524603685 ], [ 102.515381772853175, -0.364045826319055 ], [ 102.515292073812631, -0.364045861566479 ], [ 102.515292108828703, -0.364136163290571 ], [ 102.515112710719777, -0.364136233800221 ], [ 102.515112745742755, -0.364226535541777 ], [ 102.514843648511544, -0.364226641325766 ], [ 102.514843683540548, -0.364316943093529 ], [ 102.514753984445235, -0.36431697836181 ], [ 102.514754019482041, -0.364407280138293 ], [ 102.514843718578234, -0.36440724486127 ], [ 102.51484378867967, -0.364587848396687 ], [ 102.514933487768971, -0.364587813101283 ], [ 102.514933628079604, -0.364949020136889 ], [ 102.515023327163789, -0.36494898480562 ], [ 102.515023362264046, -0.365039286555725 ], [ 102.515113061340443, -0.365039251214816 ], [ 102.515113026239291, -0.364948949473453 ], [ 102.515202725306111, -0.36494891414039 ], [ 102.515202549926187, -0.364497405476969 ], [ 102.515561346088802, -0.364497264310613 ], [ 102.515561381151002, -0.364587566008366 ], [ 102.515651080170812, -0.364587530705793 ], [ 102.515651150323009, -0.364768134083747 ], [ 102.515740849335913, -0.36476809876279 ], [ 102.515740884425938, -0.36485840044299 ], [ 102.515830583431068, -0.364858365112391 ], [ 102.515830618530657, -0.364948666783826 ], [ 102.516727608113058, -0.364948313341053 ], [ 102.516727537904742, -0.364767710173076 ], [ 102.516906935713408, -0.364767639508745 ], [ 102.516906795393922, -0.364406433242509 ], [ 102.516817096497491, -0.364406468540135 ], [ 102.516816991351774, -0.36413556381399 ], [ 102.516906690245534, -0.364135528542606 ], [ 102.516906620190056, -0.36395492540923 ], [ 102.516996319073343, -0.363954890154445 ], [ 102.516996284057754, -0.363864588596472 ], [ 102.517085982931462, -0.363864553349541 ], [ 102.517085912924586, -0.363683950251025 ], [ 102.517355009488242, -0.363683844557352 ], [ 102.517354974495163, -0.363593543034306 ], [ 102.517444673331454, -0.363593507810043 ], [ 102.517444638346177, -0.363503206295723 ], [ 102.517624035990906, -0.363503135862012 ], [ 102.517623966042891, -0.363322532868305 ], [ 102.51789306243947, -0.363322427263533 ], [ 102.517893097411786, -0.363412728734149 ], [ 102.517803398620742, -0.363412763945382 ], [ 102.517803713754802, -0.364225477258708 ], [ 102.51789341255386, -0.364225441968728 ], [ 102.517893482681032, -0.364406044909509 ], [ 102.517803783880225, -0.364406080216988 ], [ 102.517803748813165, -0.364315778737859 ], [ 102.517624351187209, -0.364315849332631 ], [ 102.517624246043553, -0.364044944842618 ], [ 102.517534547220194, -0.364044980112414 ], [ 102.517534652361192, -0.364315884628673 ], [ 102.517444953526478, -0.36431591992382 ], [ 102.517444988589972, -0.364406221437946 ], [ 102.516996494281642, -0.364406397943988 ], [ 102.51699652934937, -0.364496699501832 ], [ 102.517086228229317, -0.364496664193667 ], [ 102.517086263306624, -0.364586965742742 ], [ 102.517175962178754, -0.364586930424934 ], [ 102.517176137700091, -0.365038438126245 ], [ 102.517265836567987, -0.3650384027638 ], [ 102.517265801445447, -0.364948101232329 ], [ 102.517445199153386, -0.364948030522245 ], [ 102.517445164037767, -0.364857729008249 ], [ 102.51753486287781, -0.364857693660609 ], [ 102.517534827769978, -0.364767392155341 ], [ 102.517714225422225, -0.36476732147487 ], [ 102.517714295650137, -0.36494792445039 ], [ 102.517893693271162, -0.364947853731334 ], [ 102.517893763537415, -0.36512845667177 ], [ 102.517804064729475, -0.365128492049245 ], [ 102.517804135028683, -0.365309095007094 ], [ 102.517714436210255, -0.36530913040117 ], [ 102.51771450654249, -0.365489733376431 ], [ 102.517893904174201, -0.365489662552382 ], [ 102.517893939355133, -0.365579964022481 ], [ 102.517983638158853, -0.365579928600359 ], [ 102.51798360297704, -0.36548962713901 ], [ 102.518073301771182, -0.365489591724739 ], [ 102.518073266597156, -0.365399290272119 ], [ 102.518252664157572, -0.365399219458383 ], [ 102.518252628990453, -0.365308918023241 ], [ 102.518432026514333, -0.365308847223415 ], [ 102.518431850800241, -0.36485734013489 ], [ 102.518521549544673, -0.364857304777385 ], [ 102.51852151442705, -0.364767003368367 ], [ 102.51861121316189, -0.364766968018717 ], [ 102.518611142950945, -0.364586365218118 ], [ 102.518790540391009, -0.364586294551134 ], [ 102.518790610605521, -0.364766897316727 ], [ 102.519059706705775, -0.364766791257017 ], [ 102.51905977696039, -0.364947393970009 ], [ 102.518970078267245, -0.364947429341647 ], [ 102.518970148554857, -0.365128032072059 ], [ 102.518880449851224, -0.365128067460304 ], [ 102.518880485007188, -0.365218368834229 ], [ 102.518790786293962, -0.36521840423033 ], [ 102.518790891811378, -0.365489308378232 ], [ 102.51888059052726, -0.365489272955876 ], [ 102.518880696125564, -0.365760177077328 ], [ 102.518701298679716, -0.365760247973654 ], [ 102.518701228275731, -0.365579645191033 ], [ 102.518611529541545, -0.365579680620344 ], [ 102.518611599943753, -0.365760283420468 ], [ 102.518521901199108, -0.365760318866383 ], [ 102.518521936412341, -0.365850620275164 ], [ 102.518611635157896, -0.365850584820497 ], [ 102.518611705612258, -0.366031187620491 ], [ 102.518701404350921, -0.366031152147423 ], [ 102.518701369118517, -0.365940850756188 ], [ 102.518791067847573, -0.365940815290971 ], [ 102.518791032622943, -0.365850513908467 ], [ 102.518880731342406, -0.365850478451102 ], [ 102.518880801802126, -0.366031081198585 ], [ 102.518791103080872, -0.366031116673454 ], [ 102.51879117357359, -0.366211719438355 ], [ 102.518611776101423, -0.366211790420399 ], [ 102.518611846625333, -0.36639239322022 ], [ 102.518522147874421, -0.366392428727394 ], [ 102.518522183148534, -0.366482730136024 ], [ 102.518432484388029, -0.366482765651049 ], [ 102.518432554960526, -0.366663368485744 ], [ 102.518342856189534, -0.36666340401737 ], [ 102.518342891487933, -0.366753705443437 ], [ 102.518253192707348, -0.366753740982912 ], [ 102.518253298652027, -0.367024645287233 ], [ 102.518612093732912, -0.36702450301891 ], [ 102.518612129068757, -0.367114804418636 ], [ 102.518701827818177, -0.367114768840548 ], [ 102.518701757153337, -0.366934166058577 ], [ 102.518791455892242, -0.36693413049709 ], [ 102.518791597260218, -0.367295336025938 ], [ 102.518881295994021, -0.367295300428541 ], [ 102.518881225290869, -0.367114697681665 ], [ 102.518970924014155, -0.36711466210087 ], [ 102.518970888674716, -0.367024360736151 ], [ 102.519060587388438, -0.367024325163206 ], [ 102.5190605520568, -0.366934023807219 ], [ 102.519150250760916, -0.366933988242124 ], [ 102.51915021543708, -0.366843686894868 ], [ 102.519239914131617, -0.366843651337624 ], [ 102.519239878815569, -0.366753349999099 ], [ 102.519329577500514, -0.366753314449706 ], [ 102.519329506892731, -0.366572711790097 ], [ 102.519419205567175, -0.36657267625731 ], [ 102.519419311494616, -0.366843580220432 ], [ 102.519329612817458, -0.366843615779479 ], [ 102.519329648143085, -0.366933917109229 ], [ 102.519239949456349, -0.366933952676128 ], [ 102.519240020131917, -0.36711455535307 ], [ 102.519150321434694, -0.367114590936572 ], [ 102.519150392143246, -0.367295193630934 ], [ 102.519060693435534, -0.367295229231039 ], [ 102.519060834953365, -0.367656434654511 ], [ 102.519150533664686, -0.367656399019395 ], [ 102.519150675325221, -0.368017604407509 ], [ 102.519330072728934, -0.368017533064542 ], [ 102.519330001877663, -0.36783693040554 ], [ 102.519509399242992, -0.367836859093968 ], [ 102.519509363828618, -0.367746557781942 ], [ 102.519688761157369, -0.367746486484261 ], [ 102.519688725749887, -0.367656185189721 ], [ 102.519868123042059, -0.367656113905933 ], [ 102.519867981491899, -0.367294908797589 ], [ 102.520047378742106, -0.367294837580225 ], [ 102.520047343374515, -0.367204536320594 ], [ 102.520226740588157, -0.367204465117129 ], [ 102.520226775957553, -0.367294766359249 ], [ 102.520316474552189, -0.367294730747407 ], [ 102.520316439181912, -0.367204429514042 ], [ 102.520406137766983, -0.367204393910053 ], [ 102.520406102404507, -0.367114092685422 ], [ 102.520585499546755, -0.367114021492248 ], [ 102.520585605665673, -0.367384925113538 ], [ 102.52085470132188, -0.367384818238198 ], [ 102.52085466593752, -0.367294517057394 ], [ 102.521034062996364, -0.367294445820167 ], [ 102.521034133777377, -0.367475048146725 ], [ 102.52112383229553, -0.367475012509242 ], [ 102.521123867699998, -0.367565313663732 ], [ 102.521303264712031, -0.36756524236854 ], [ 102.521303229305786, -0.367474941231567 ], [ 102.521482626281227, -0.367474869950278 ], [ 102.521482697106009, -0.36765547218917 ], [ 102.521572395582467, -0.367655436529653 ], [ 102.521572431008806, -0.367745737640307 ], [ 102.521751827937422, -0.367745666301045 ], [ 102.521751898819787, -0.367926268487252 ], [ 102.521841597272854, -0.367926232798747 ], [ 102.521841703664364, -0.368197136051617 ], [ 102.521931402111406, -0.368197100335928 ], [ 102.521931508583918, -0.368468003562323 ], [ 102.521841810134177, -0.368468039304291 ], [ 102.521841845641546, -0.368558340388472 ], [ 102.52175214718217, -0.368558376138293 ], [ 102.521752111675724, -0.368468075045353 ], [ 102.521662413208574, -0.368468110785509 ], [ 102.521662377711735, -0.368377809683788 ], [ 102.521572679236783, -0.368377845414279 ], [ 102.521572643749536, -0.368287544303777 ], [ 102.521482945266783, -0.368287580024605 ], [ 102.521482874320199, -0.368106977786018 ], [ 102.521213778825128, -0.368107084890519 ], [ 102.521213814291372, -0.368197386036098 ], [ 102.521124115774725, -0.368197421744547 ], [ 102.521124222222952, -0.368468325207426 ], [ 102.521034523694894, -0.368468360941243 ], [ 102.521034559194149, -0.36855866210425 ], [ 102.520944860656499, -0.368558697845918 ], [ 102.520944931679267, -0.368739300189382 ], [ 102.52085523313113, -0.368739335947658 ], [ 102.520855268654685, -0.368829637128114 ], [ 102.520765570096913, -0.368829672894241 ], [ 102.520765605628256, -0.368919974083432 ], [ 102.520586208484843, -0.368920045630479 ], [ 102.520586279570026, -0.369100648043823 ], [ 102.520227485171631, -0.369100791197082 ], [ 102.520227201068508, -0.368378381262994 ], [ 102.520137502454375, -0.368378416978998 ], [ 102.520137466981524, -0.368288115728383 ], [ 102.520047768359589, -0.368288151434726 ], [ 102.520047732896359, -0.368197850175335 ], [ 102.519688938325217, -0.368197992956636 ], [ 102.519689009253241, -0.368378595545434 ], [ 102.519599310586912, -0.368378631256004 ], [ 102.519599452543702, -0.368739836468354 ], [ 102.51950975386508, -0.368739872213034 ], [ 102.519509860421294, -0.369010776148329 ], [ 102.51933046303256, -0.369010847687491 ], [ 102.519330285491392, -0.368559341041023 ], [ 102.519150888076922, -0.368559412489027 ], [ 102.519150852596539, -0.368469111142162 ], [ 102.519061153877175, -0.368469146856052 ], [ 102.519061118406398, -0.368378845500412 ], [ 102.518971419679247, -0.368378881204644 ], [ 102.518971455149085, -0.368469182569037 ], [ 102.518881756412299, -0.368469218281115 ], [ 102.518881933887499, -0.36892072514651 ], [ 102.519061331361343, -0.368920653633923 ], [ 102.519061366884273, -0.369010954989432 ], [ 102.519151065609066, -0.369010919223025 ], [ 102.519151243358607, -0.369462425956478 ], [ 102.518792448389235, -0.369462569191709 ], [ 102.518792412825547, -0.369372267810053 ], [ 102.518613015290498, -0.369372339404716 ], [ 102.518612979737298, -0.369282038005534 ], [ 102.518254184566501, -0.36928218114896 ], [ 102.518254077969914, -0.369011276846272 ], [ 102.517895282670864, -0.369011419870173 ], [ 102.517895495920641, -0.369553228685356 ], [ 102.517716098208155, -0.369553300296858 ], [ 102.517716133778393, -0.369643601783477 ], [ 102.517447037141764, -0.369643709220164 ], [ 102.517447001574197, -0.369553407707297 ], [ 102.517357302678846, -0.36955344350896 ], [ 102.517357338245475, -0.369643745030575 ], [ 102.517267639340531, -0.369643780840078 ], [ 102.517267781690364, -0.370004986961312 ], [ 102.516908985969195, -0.370005130330201 ], [ 102.516908736973505, -0.369373019372876 ], [ 102.516819038027819, -0.369373055151595 ], [ 102.516819002492667, -0.369282753577428 ], [ 102.516729303539179, -0.369282789346491 ], [ 102.516729339073422, -0.369373090929405 ], [ 102.516639640110355, -0.369373126706307 ], [ 102.516639924689954, -0.370095539438803 ], [ 102.5162811287219, -0.37009568281721 ], [ 102.516281057532098, -0.369915079564248 ], [ 102.515922261432252, -0.369915222858137 ], [ 102.515922297019188, -0.37000552451961 ], [ 102.51583259797161, -0.370005560349554 ], [ 102.515832633566347, -0.370095862019749 ], [ 102.515742934509163, -0.370095897857528 ], [ 102.515743005722882, -0.370276501215343 ], [ 102.515294510297693, -0.370276680478028 ], [ 102.515294545913065, -0.370366982200622 ], [ 102.515025448551015, -0.370367089773539 ], [ 102.515025484172341, -0.37045739152234 ], [ 102.51484608588575, -0.370457463250551 ], [ 102.514846050266229, -0.370367161484266 ], [ 102.514756351110805, -0.370367197338263 ], [ 102.514756315500875, -0.370276895563214 ], [ 102.514576917165797, -0.370276967250995 ], [ 102.514576988390729, -0.370457570836038 ], [ 102.514487289208333, -0.370457606696046 ], [ 102.514487324832942, -0.370547908497276 ], [ 102.514307926440338, -0.370547980232042 ], [ 102.514307890817548, -0.370457678413329 ], [ 102.514128492392004, -0.37045775012697 ], [ 102.514128563642629, -0.370638353799336 ], [ 102.514038864415028, -0.370638389672271 ], [ 102.514038900052469, -0.370728691517161 ], [ 102.513859501569399, -0.370728763277777 ], [ 102.513859572866707, -0.370909367002452 ], [ 102.514038971353401, -0.370909295206875 ], [ 102.514038935698593, -0.370818993362029 ], [ 102.514128634927999, -0.370818957471613 ], [ 102.514128741921141, -0.371089862979865 ], [ 102.514039042689006, -0.371089898896501 ], [ 102.514039007016848, -0.370999597051699 ], [ 102.513949307776954, -0.370999632958683 ], [ 102.513949343448203, -0.371089934812226 ], [ 102.513859644198718, -0.371089970727038 ], [ 102.513859679877754, -0.371180272589298 ], [ 102.513680281350901, -0.371180344433664 ], [ 102.513680174345296, -0.370909438794381 ], [ 102.513769873610329, -0.370909402898872 ], [ 102.51376983795825, -0.370819101027807 ], [ 102.513500740139804, -0.37081920868538 ], [ 102.51350088278933, -0.371180416274381 ], [ 102.513411183495521, -0.371180452193371 ], [ 102.513411219178721, -0.371270754099305 ], [ 102.513321519875319, -0.371270790026121 ], [ 102.513321555566279, -0.371361091940771 ], [ 102.513231856253299, -0.371361127875413 ], [ 102.513231927659433, -0.371541731722125 ], [ 102.513052529003801, -0.371541803623621 ], [ 102.513052493298204, -0.3714515016828 ], [ 102.512873094609674, -0.371451573563168 ], [ 102.512873023228167, -0.371270969646511 ], [ 102.513052421913059, -0.371270897801093 ], [ 102.513052350562631, -0.371090293919297 ], [ 102.513231749209197, -0.371090222105181 ], [ 102.513231677889848, -0.370909618258249 ], [ 102.513411076498073, -0.370909546475437 ], [ 102.513411005209832, -0.370728942663372 ], [ 102.513052207965927, -0.370729086155443 ], [ 102.513051994331263, -0.370187274509005 ], [ 102.512872595668085, -0.370187346144723 ], [ 102.512872524529584, -0.370006742227452 ], [ 102.512693125835312, -0.370006813824582 ], [ 102.512693054735138, -0.369826209872275 ], [ 102.512872453425828, -0.369826138310093 ], [ 102.512872311322411, -0.369464930475113 ], [ 102.512692912638954, -0.369465001967399 ], [ 102.51269298366968, -0.36964560591988 ], [ 102.512513584947911, -0.369645677443479 ], [ 102.512513442928366, -0.369284469468536 ], [ 102.512334044179084, -0.369284540918611 ], [ 102.512333902305613, -0.368923332873428 ], [ 102.512154503528848, -0.368923404249987 ], [ 102.512154078763075, -0.36783977990269 ], [ 102.512333477518268, -0.367839708735789 ], [ 102.512333336200172, -0.367478500689213 ], [ 102.512512734913471, -0.367478429588584 ], [ 102.512512664302903, -0.36729782560011 ], [ 102.512871461618161, -0.367297683457907 ], [ 102.512871391035148, -0.367117079539241 ], [ 102.512153796280103, -0.367117363669419 ], [ 102.512153725746145, -0.366936759610884 ], [ 102.512064026364513, -0.366936795105624 ], [ 102.512064061626248, -0.367027097143638 ], [ 102.511974362235037, -0.367027132646212 ], [ 102.511974397504574, -0.367117434692939 ], [ 102.511884698103813, -0.367117470203345 ], [ 102.511884768667088, -0.367298074314204 ], [ 102.511525970970013, -0.367298216416681 ], [ 102.511526041560828, -0.367478820597328 ], [ 102.511346642656648, -0.367478891678084 ], [ 102.511346783935238, -0.367840100108987 ], [ 102.511167384989164, -0.367840171255996 ], [ 102.511167455676912, -0.36802077550625 ], [ 102.510808657673508, -0.368020917859277 ], [ 102.510808728388767, -0.368201522179306 ], [ 102.510629329331422, -0.368201593385319 ], [ 102.510629400077761, -0.368382197740188 ], [ 102.510270601851786, -0.368382340211204 ], [ 102.510270672625651, -0.368562944635836 ], [ 102.509911874253717, -0.368563087162206 ], [ 102.509911591395181, -0.367840669183783 ], [ 102.510090990584104, -0.367840598062093 ], [ 102.510090919952603, -0.36765999360219 ], [ 102.510808516347055, -0.36765970921896 ], [ 102.510808163638174, -0.366756687616646 ], [ 102.51098756263211, -0.366756616686448 ], [ 102.510987421784279, -0.366395408114774 ], [ 102.511166820736364, -0.366395337250833 ], [ 102.511166399004182, -0.365311711743321 ], [ 102.510987000073527, -0.365311782397675 ], [ 102.510986789686598, -0.364769969537958 ], [ 102.510807390731955, -0.364770040083931 ], [ 102.510807180667982, -0.36422822711865 ], [ 102.510986579611952, -0.364228156677466 ], [ 102.510986544629873, -0.364137854533975 ], [ 102.510807145687664, -0.364137924957695 ], [ 102.510806761476857, -0.363144601185764 ], [ 102.510986160399497, -0.363144530954156 ], [ 102.510985812010006, -0.362241509515704 ], [ 102.511165210880264, -0.362241439455182 ], [ 102.511165489536609, -0.36296385646639 ], [ 102.511344888386319, -0.362963786262575 ], [ 102.511344818666643, -0.362783182044834 ], [ 102.511883014996911, -0.362782971516783 ], [ 102.511882945301323, -0.362602367403767 ], [ 102.511703546562785, -0.362602437548412 ], [ 102.511703476905438, -0.362421833400372 ], [ 102.51152407813575, -0.362421903506516 ], [ 102.511524008516645, -0.362241299323453 ], [ 102.511344609715806, -0.362241369391098 ], [ 102.511344470588753, -0.361880160954846 ], [ 102.511165071760303, -0.361880230949063 ], [ 102.511165141302925, -0.362060835202165 ], [ 102.510985742436219, -0.362060905227756 ], [ 102.510985603392712, -0.361699696651604 ], [ 102.51080620449838, -0.361699766603776 ], [ 102.510806135032198, -0.361519162280642 ], [ 102.510985533923005, -0.3615190923634 ], [ 102.510985395087687, -0.361157883786735 ], [ 102.511164793936729, -0.3611578139358 ], [ 102.511164724567621, -0.360977209682271 ], [ 102.510895626286299, -0.360977314404944 ], [ 102.510895695650163, -0.36115791871087 ], [ 102.509639902613941, -0.361158407555548 ], [ 102.509639971987795, -0.361339012105851 ], [ 102.509460572840339, -0.361339081961517 ], [ 102.50946064224533, -0.361519686546651 ], [ 102.509281243059675, -0.361519756433677 ], [ 102.509281312495844, -0.36170036105364 ], [ 102.509101913271934, -0.361700430972025 ], [ 102.509101982739239, -0.361881035626815 ], [ 102.508922583477144, -0.361881105576554 ], [ 102.50892261822203, -0.361971407921372 ], [ 102.508563819590265, -0.361971547845084 ], [ 102.508563784848917, -0.361881245465357 ], [ 102.508025586646511, -0.361881455271875 ], [ 102.508025621382558, -0.361971757703957 ], [ 102.50793592165094, -0.361971792677321 ], [ 102.507936130243948, -0.362513607321715 ], [ 102.50802582998088, -0.362513572296 ], [ 102.508025795192822, -0.362423269864046 ], [ 102.508743392769134, -0.362422989696051 ], [ 102.508743427564255, -0.362513292058195 ], [ 102.508922826873416, -0.362513221989832 ], [ 102.508923384802969, -0.363958059501952 ], [ 102.508743985465429, -0.363958129849588 ], [ 102.50874409031897, -0.364229036934861 ], [ 102.508564690941412, -0.364229107331279 ], [ 102.508564621033941, -0.364048502572877 ], [ 102.508026422703921, -0.364048713635929 ], [ 102.50802649260072, -0.364229318499042 ], [ 102.507936792846934, -0.364229353690536 ], [ 102.507936757895095, -0.364139051250265 ], [ 102.507847058133521, -0.364139086432138 ], [ 102.507847093084479, -0.364229388881134 ], [ 102.507757393313369, -0.364229424070837 ], [ 102.507757428272086, -0.364319726528536 ], [ 102.507847128044105, -0.364319691330108 ], [ 102.507847163012386, -0.364409993779061 ], [ 102.507578063667694, -0.364410099397831 ], [ 102.507578028702071, -0.364319796922704 ], [ 102.507667728491413, -0.364319761726068 ], [ 102.507667693533577, -0.364229459259644 ], [ 102.507488293948001, -0.364229529634573 ], [ 102.507488154210407, -0.363868319698871 ], [ 102.506591155798162, -0.363868671170881 ], [ 102.506591225631851, -0.364049276313232 ], [ 102.506232426017263, -0.364049416946761 ], [ 102.506232495878479, -0.364230022158796 ], [ 102.506053096015648, -0.364230092505074 ], [ 102.506053165907971, -0.364410697751905 ], [ 102.505873766006928, -0.364410768129482 ], [ 102.505874045908499, -0.365133189255468 ], [ 102.506053445823795, -0.365133118738369 ], [ 102.506053866737048, -0.366216750215474 ], [ 102.505874466800307, -0.366216820941858 ], [ 102.505874537070213, -0.36639742622262 ], [ 102.505695137095259, -0.366397496980282 ], [ 102.505695066828935, -0.36621689166464 ], [ 102.505515666822902, -0.366216962383822 ], [ 102.505515596594805, -0.366036357033217 ], [ 102.505336196557707, -0.366036427713922 ], [ 102.505336126367837, -0.365855822328355 ], [ 102.50515672629966, -0.365855892970588 ], [ 102.505156656148003, -0.365675287550061 ], [ 102.504977256048775, -0.365675358153824 ], [ 102.504977185935331, -0.365494752698339 ], [ 102.50479778580501, -0.365494823263637 ], [ 102.50479764568918, -0.365133612282668 ], [ 102.504618245531361, -0.365133682774635 ], [ 102.504618175528947, -0.364953077249152 ], [ 102.504438775340077, -0.364953147702663 ], [ 102.504438635446292, -0.364591936581707 ], [ 102.50425923522991, -0.364592006961899 ], [ 102.5042590954818, -0.364230795770869 ], [ 102.50407969523792, -0.36423086607775 ], [ 102.504079555635414, -0.36386965481665 ], [ 102.503900155364008, -0.363869725050228 ], [ 102.50390008561827, -0.363689119384688 ], [ 102.50372068531577, -0.363689189579828 ], [ 102.503720615608216, -0.363508583879342 ], [ 102.503541215274652, -0.363508654036049 ], [ 102.503541145605283, -0.36332804830062 ], [ 102.503361745240639, -0.363328118418897 ], [ 102.503361675609412, -0.363147512648526 ], [ 102.503182275213703, -0.363147582728376 ], [ 102.503182205620661, -0.362966976923066 ], [ 102.502823404732453, -0.36296711700235 ], [ 102.502823474318404, -0.363147722877363 ], [ 102.502644073818828, -0.3631477929465 ], [ 102.502644213087478, -0.363509004765967 ], [ 102.502554512821163, -0.363509039834044 ], [ 102.502554582505653, -0.363689645761072 ], [ 102.502375181943492, -0.363689715929391 ], [ 102.502375670679157, -0.364953957660101 ], [ 102.502555071266215, -0.364953887247859 ], [ 102.502555281254274, -0.365495705026619 ], [ 102.502196480024139, -0.365495846056584 ], [ 102.50219655008226, -0.365676452052354 ], [ 102.501837748706521, -0.365676593137627 ], [ 102.501837818792097, -0.365857199202994 ], [ 102.501658418048748, -0.365857269775076 ], [ 102.501658347966739, -0.36567666367487 ], [ 102.500940744661591, -0.365676945787883 ], [ 102.50094081472929, -0.365857552027427 ], [ 102.500582012861969, -0.365857693132018 ], [ 102.500582082957152, -0.366038299441134 ], [ 102.500402681968012, -0.36603837002286 ], [ 102.500402752094175, -0.366218976366716 ], [ 102.500223351066865, -0.366219046979667 ], [ 102.500223421224078, -0.366399653358262 ], [ 102.49950581675462, -0.366399935913336 ], [ 102.499505886932099, -0.366580542431125 ], [ 102.49932648572468, -0.366580613095703 ], [ 102.499326555933166, -0.366761219648221 ], [ 102.499147154687577, -0.366761290344008 ], [ 102.499147224927071, -0.366941896931254 ], [ 102.498967823643326, -0.366941967658246 ], [ 102.498967893913814, -0.367122574280218 ], [ 102.498788492591913, -0.367122645038413 ], [ 102.498788562893367, -0.367303251695108 ], [ 102.497353351044737, -0.367303817909127 ], [ 102.497353421352059, -0.367484424844156 ], [ 102.49681521632769, -0.367484637219196 ], [ 102.49681528665883, -0.367665244258517 ], [ 102.496635884911313, -0.36766531507776 ], [ 102.496635955273419, -0.367845922151783 ], [ 102.496277151667556, -0.367846063848994 ], [ 102.496277292481054, -0.368207278135926 ], [ 102.496097890619112, -0.368207349048674 ], [ 102.496097961074099, -0.368387956226793 ], [ 102.496277362939637, -0.368387885279262 ], [ 102.496277503960471, -0.368749099565672 ], [ 102.496098102087714, -0.368749170582772 ], [ 102.496098313867293, -0.369290992116085 ], [ 102.495739509996511, -0.369291134348094 ], [ 102.495739580651588, -0.369471741595253 ], [ 102.495560178660767, -0.369471812740589 ], [ 102.495560320067355, -0.369833027304203 ], [ 102.495380918034755, -0.369833098515459 ], [ 102.495380988786252, -0.370013705831913 ], [ 102.495022184610221, -0.370013848313063 ], [ 102.495022255389031, -0.370194455698977 ], [ 102.494753152160925, -0.370194562602446 ], [ 102.494753222968839, -0.370375170040429 ], [ 102.494394418536544, -0.370375312635182 ], [ 102.49439456024156, -0.370736527649957 ], [ 102.494573962482207, -0.370736456284868 ], [ 102.4945741043326, -0.371097671229759 ], [ 102.494753506545962, -0.371097599791486 ], [ 102.494753577526595, -0.371278207229031 ], [ 102.494932979709048, -0.371278135752339 ], [ 102.494933050727838, -0.371458743155026 ], [ 102.495112452879368, -0.37145867163991 ], [ 102.495112595027834, -0.371819886375476 ], [ 102.495291997152094, -0.37181981478716 ], [ 102.495292139446008, -0.372181029452826 ], [ 102.495471541542969, -0.372180957791301 ], [ 102.495471612745391, -0.372361565089227 ], [ 102.495651014811457, -0.372361493389264 ], [ 102.49565108605205, -0.372542100652324 ], [ 102.496368693985346, -0.37254181367673 ], [ 102.496368622730216, -0.372361206552799 ], [ 102.496996529205603, -0.372360955522833 ], [ 102.496996457972287, -0.372180348520575 ], [ 102.497534663174733, -0.372180133420717 ], [ 102.497534591965078, -0.371999526522754 ], [ 102.498252198403193, -0.37199923981091 ], [ 102.498252127213576, -0.371818633052063 ], [ 102.498610930217964, -0.371818489743805 ], [ 102.498610859055631, -0.371637883054483 ], [ 102.49896966191443, -0.37163773980122 ], [ 102.498969590779424, -0.371457133181429 ], [ 102.499328393492647, -0.371456989983175 ], [ 102.499328322384983, -0.371276383432922 ], [ 102.499866526184533, -0.3712761687126 ], [ 102.499866597303068, -0.371456775158399 ], [ 102.500045998504049, -0.371456703542835 ], [ 102.500046140852163, -0.371817916364528 ], [ 102.500225542025802, -0.371817844675666 ], [ 102.500225613255381, -0.371998451051558 ], [ 102.500405014398069, -0.371998379324215 ], [ 102.500405085665875, -0.372178985665194 ], [ 102.500584486777583, -0.372178913899366 ], [ 102.500584558083631, -0.372359520205431 ], [ 102.500763959164374, -0.372359448401115 ], [ 102.500764030508662, -0.372540054672263 ], [ 102.501122832573643, -0.372539910982986 ], [ 102.501122903959811, -0.372720517184384 ], [ 102.502199309346111, -0.372720085819604 ], [ 102.502199237938115, -0.372539479827234 ], [ 102.502558039449383, -0.372539336079345 ], [ 102.502557968068729, -0.372358730156578 ], [ 102.502737368768805, -0.372358658311986 ], [ 102.502737226104088, -0.371997446535883 ], [ 102.502916626762271, -0.371997374757329 ], [ 102.502916484228749, -0.371636163050574 ], [ 102.503095884845052, -0.371636091338066 ], [ 102.503095742442753, -0.371274879700662 ], [ 102.503275143017191, -0.371274808054205 ], [ 102.503275071864337, -0.371094202270225 ], [ 102.50345447240052, -0.371094130654973 ], [ 102.503454401278674, -0.37091352490576 ], [ 102.503633801776601, -0.370913453321715 ], [ 102.503633517620997, -0.370191030463414 ], [ 102.503992318484023, -0.370190887563258 ], [ 102.503992389478228, -0.370371493208246 ], [ 102.504082089674142, -0.370371457463501 ], [ 102.504082125185136, -0.370461760277247 ], [ 102.504171825373305, -0.370461724522876 ], [ 102.504171860893848, -0.370552027327884 ], [ 102.504620361709343, -0.370551848498788 ], [ 102.504620397243087, -0.370642151260192 ], [ 102.504799797510472, -0.370642079704743 ], [ 102.504799833054676, -0.370732382448692 ], [ 102.504979233289248, -0.370732310872163 ], [ 102.504979162205871, -0.370551705419114 ], [ 102.505068862308363, -0.370551669646918 ], [ 102.505068791257827, -0.370371064211217 ], [ 102.504709990803164, -0.370371207224794 ], [ 102.504709955294516, -0.370280904472041 ], [ 102.504530555017027, -0.370280975955933 ], [ 102.504530519518838, -0.370190673185724 ], [ 102.504082018678147, -0.370190851835945 ], [ 102.504081983193132, -0.370100549022133 ], [ 102.503812882587539, -0.3701006561752 ], [ 102.503812776192547, -0.369829747655198 ], [ 102.503992176599525, -0.369829676273021 ], [ 102.503991822494299, -0.368926648045898 ], [ 102.503812422105369, -0.368926719253774 ], [ 102.503812210068602, -0.368384902211873 ], [ 102.503632809655826, -0.368384973311546 ], [ 102.503632739049763, -0.36820436759588 ], [ 102.503453338605993, -0.368204438657073 ], [ 102.503453197504882, -0.367843227155766 ], [ 102.50381199834348, -0.367843085169189 ], [ 102.503812068883875, -0.36802369085017 ], [ 102.504170869591135, -0.368023548779402 ], [ 102.504170799043521, -0.367842943168143 ], [ 102.505067800187575, -0.367842588102231 ], [ 102.505067729656645, -0.367661982665222 ], [ 102.506323529778228, -0.367661485665178 ], [ 102.506323600334298, -0.367842090858042 ], [ 102.506682400064378, -0.367841948755721 ], [ 102.506682470662284, -0.368022553878725 ], [ 102.506861870478929, -0.36802248278725 ], [ 102.506861941115091, -0.368203087875279 ], [ 102.507131040780479, -0.368202981178945 ], [ 102.507130970138917, -0.368022376143253 ], [ 102.506951570374255, -0.368022447240156 ], [ 102.506951429202303, -0.367661237098728 ], [ 102.506772029410172, -0.367661308122233 ], [ 102.506771888384051, -0.367300097910678 ], [ 102.506951288169006, -0.367300026956952 ], [ 102.506951217704341, -0.367119421885934 ], [ 102.50713061745104, -0.367119350963488 ], [ 102.507130547017454, -0.366938745927274 ], [ 102.507489346399709, -0.366938604141341 ], [ 102.50748927599362, -0.366757999174828 ], [ 102.507668675629162, -0.366757928311346 ], [ 102.507668605254153, -0.366577323379644 ], [ 102.508027404414094, -0.366577181711659 ], [ 102.508027474796265, -0.366757786573563 ], [ 102.508206874327826, -0.366757715699262 ], [ 102.508207015203354, -0.367118925353005 ], [ 102.508027615664631, -0.36711899629711 ], [ 102.508027686150811, -0.367299601158754 ], [ 102.508386485200759, -0.367299459197128 ], [ 102.508386626291482, -0.367660668780543 ], [ 102.508566025771628, -0.367660597724502 ], [ 102.50856616700824, -0.368021807237758 ], [ 102.508745566460888, -0.368021736108287 ], [ 102.508745707843389, -0.36838294555138 ], [ 102.508925107268567, -0.368382874348472 ], [ 102.508925178015431, -0.368563479034979 ], [ 102.508745778586686, -0.368563550272796 ], [ 102.508745849364615, -0.368744154994125 ], [ 102.509284047557671, -0.368743941165069 ], [ 102.509284118381103, -0.368924545781578 ], [ 102.509553217365976, -0.368924438802441 ], [ 102.509553501028165, -0.369646857058116 ], [ 102.509463801367986, -0.369646892788566 ], [ 102.509463836863887, -0.369737195079157 ], [ 102.509374137194129, -0.369737230817427 ], [ 102.509374172697804, -0.369827533116724 ], [ 102.509463872368443, -0.369827497369725 ], [ 102.509463907881667, -0.369917799660271 ], [ 102.509374208210119, -0.369917835415999 ], [ 102.509374243731131, -0.370008137715252 ], [ 102.509463943403574, -0.370008101950795 ], [ 102.509464192299689, -0.370640217983854 ], [ 102.509374492620921, -0.370640253809412 ], [ 102.509374528211268, -0.37073055610849 ], [ 102.509284828522908, -0.370730591941866 ], [ 102.509284899727845, -0.370911196557413 ], [ 102.510002497006425, -0.370910909725223 ], [ 102.51000235460225, -0.370549700773377 ], [ 102.51036115301892, -0.370549557475089 ], [ 102.510361224210882, -0.370730161881211 ], [ 102.510181825016275, -0.3707302335671 ], [ 102.510182074448693, -0.371362349110067 ], [ 102.510002675206721, -0.371362420914536 ], [ 102.510002710872797, -0.371452723152333 ], [ 102.510092410499027, -0.371452687241825 ], [ 102.510092446174696, -0.371542989470869 ], [ 102.510182145793152, -0.371542953550717 ], [ 102.510182110116602, -0.371452651330403 ], [ 102.510540908500118, -0.371452507675586 ], [ 102.510540979869191, -0.371633112046344 ], [ 102.51072037901254, -0.37163304017853 ], [ 102.510720450419939, -0.371813644514273 ], [ 102.510899849532194, -0.371813572607876 ], [ 102.51089992097792, -0.371994176908603 ], [ 102.511079320059139, -0.371994104963619 ], [ 102.511079391543191, -0.372174709229328 ], [ 102.511258790593331, -0.372174637245755 ], [ 102.511258862115724, -0.372355241476442 ], [ 102.512873452038036, -0.372354593145138 ], [ 102.51287338048293, -0.37217398922892 ], [ 102.513232177854334, -0.372173845184924 ], [ 102.513232106326669, -0.37199324133852 ], [ 102.513590903551915, -0.371993097349796 ], [ 102.513590867797475, -0.371902795461515 ], [ 102.513680567081181, -0.371902759470788 ], [ 102.513680531334501, -0.371812457591224 ], [ 102.513770230608614, -0.371812421608321 ], [ 102.51377005200095, -0.371360912253871 ], [ 102.514039149757593, -0.371360804430777 ], [ 102.514039114059386, -0.37127050258604 ], [ 102.514128813293325, -0.371270466651923 ], [ 102.514128777602892, -0.371180164815905 ], [ 102.514308176042903, -0.371180092962415 ], [ 102.514308033360777, -0.370818885688047 ], [ 102.51439773256412, -0.370818849794897 ], [ 102.514397768222551, -0.370909151604781 ], [ 102.514487467418135, -0.370909115701978 ], [ 102.51448750308613, -0.370999417503099 ], [ 102.514577202273941, -0.370999381590643 ], [ 102.514577237951542, -0.371089683383 ], [ 102.51475663630292, -0.371089611537869 ], [ 102.51475652929075, -0.370818706213181 ], [ 102.514846228450693, -0.370818670315473 ], [ 102.514846264113643, -0.370908972081649 ], [ 102.514935963265799, -0.370908936174288 ], [ 102.514935927601968, -0.370818634416854 ], [ 102.515025626744531, -0.370818598517323 ], [ 102.515025555441071, -0.370637995019875 ], [ 102.515384351917277, -0.370637851482581 ], [ 102.515384387568318, -0.370728153196344 ], [ 102.515474086666543, -0.370728117300999 ], [ 102.515474122327134, -0.370818419005996 ], [ 102.515563821417601, -0.370818383100996 ], [ 102.515563750103283, -0.370637779708468 ], [ 102.515653449183262, -0.370637743820044 ], [ 102.515653413538203, -0.370547442132491 ], [ 102.51574311260859, -0.370547406251901 ], [ 102.515743076971347, -0.37045710457307 ], [ 102.516012174127638, -0.370456996952068 ], [ 102.51601213849635, -0.37036669529945 ], [ 102.516101837530186, -0.370366659432706 ], [ 102.516101766291868, -0.370186056144894 ], [ 102.516281164329826, -0.370185984443658 ], [ 102.516281199946448, -0.370276286070084 ], [ 102.516370898953312, -0.370276250209356 ], [ 102.516370863335794, -0.370185948591675 ], [ 102.516550261321612, -0.370185876884979 ], [ 102.516550296940949, -0.370276178485168 ], [ 102.516729694893854, -0.370276106757339 ], [ 102.516729659272698, -0.370185805174644 ], [ 102.5173575518278, -0.370185554159806 ], [ 102.51735758745528, -0.370275855681268 ], [ 102.51744728635785, -0.370275819809617 ], [ 102.517447393295114, -0.370546724347625 ], [ 102.517537092191731, -0.370546688448818 ], [ 102.517537127855789, -0.370636989952695 ], [ 102.517806224496155, -0.370636882224561 ], [ 102.517806188829397, -0.370546580746931 ], [ 102.517895887691253, -0.370546544844481 ], [ 102.517895709483327, -0.370095037499752 ], [ 102.518075107171896, -0.370094965779618 ], [ 102.518075142797898, -0.370185267231108 ], [ 102.518164841630067, -0.370185231360925 ], [ 102.518164877265662, -0.370275532803643 ], [ 102.51825457609003, -0.3702754969238 ], [ 102.518254897209772, -0.371088209828517 ], [ 102.518434294848717, -0.371088137908587 ], [ 102.518434223424293, -0.370907535076029 ], [ 102.518523922228908, -0.370907499132198 ], [ 102.51852388652884, -0.370817197724637 ], [ 102.518434187725148, -0.370817233659717 ], [ 102.51843400935968, -0.370365726577828 ], [ 102.518344310551797, -0.370365762468242 ], [ 102.518344239268302, -0.370185159617831 ], [ 102.518433938074352, -0.37018512374492 ], [ 102.518433973712661, -0.370275425161385 ], [ 102.518523672510952, -0.370275389278812 ], [ 102.518523708158867, -0.370365690686504 ], [ 102.51861340694937, -0.37036565479427 ], [ 102.518613442606878, -0.370455956193189 ], [ 102.518972237685546, -0.370455812580139 ], [ 102.518972166371981, -0.370275209852294 ], [ 102.519061865118118, -0.37027517396426 ], [ 102.519061829473458, -0.370184872609058 ], [ 102.51897213072823, -0.370184908488339 ], [ 102.51897209509319, -0.370094607124362 ], [ 102.51915149257313, -0.370094535382394 ], [ 102.519151456944954, -0.3700042340359 ], [ 102.519330854388315, -0.3700041623078 ], [ 102.519330890018281, -0.370094463636787 ], [ 102.519420588727812, -0.370094427762619 ], [ 102.519420695672594, -0.370365331723191 ], [ 102.519330996960335, -0.370365367623619 ], [ 102.519331139671507, -0.370726572939088 ], [ 102.519510537094547, -0.370726501067294 ], [ 102.519510465717957, -0.370545898444617 ], [ 102.519689863102585, -0.370545826604193 ], [ 102.519689791757159, -0.370365224016444 ], [ 102.519779490434644, -0.370365188112375 ], [ 102.51977956178186, -0.370545790682615 ], [ 102.519869260452424, -0.370545754760126 ], [ 102.519869510448032, -0.371177863693995 ], [ 102.519690113085503, -0.371177935660623 ], [ 102.519690184587461, -0.371358538247977 ], [ 102.519869581953628, -0.371358466246331 ], [ 102.519869546196475, -0.371268164970174 ], [ 102.520318039455134, -0.371267984993861 ], [ 102.520318075216807, -0.371358286226242 ], [ 102.520407773843345, -0.371358250219486 ], [ 102.520407881183274, -0.371629153890231 ], [ 102.520228483916028, -0.371629225955365 ], [ 102.520228662980799, -0.372080732160391 ], [ 102.520049265669698, -0.372080804309424 ], [ 102.520049373207456, -0.372351708084707 ], [ 102.520139071870076, -0.372351671984382 ], [ 102.520139107734309, -0.372441973234011 ], [ 102.520228806389142, -0.372441937124016 ], [ 102.520228878145502, -0.372622539605696 ], [ 102.520049480823502, -0.372622611859791 ], [ 102.520049624433312, -0.372983816892929 ], [ 102.520767213541731, -0.372983527574375 ], [ 102.520767285413399, -0.373164129950717 ], [ 102.5200496962904, -0.373164419409366 ], [ 102.520049804141252, -0.373435323183855 ], [ 102.5201395028148, -0.373435286978469 ], [ 102.5201394668549, -0.373344985729083 ], [ 102.52022916551887, -0.373344949531534 ], [ 102.520229237449172, -0.373525552012773 ], [ 102.520408634754602, -0.3735254795799 ], [ 102.520408706723373, -0.373706082026027 ], [ 102.520498405364847, -0.373706045790702 ], [ 102.520498441363188, -0.373796347004976 ], [ 102.52040874272079, -0.373796383249058 ], [ 102.520408778726889, -0.373886684472067 ], [ 102.520319080074884, -0.373886720723986 ], [ 102.520319116088785, -0.373977021955728 ], [ 102.520229417427146, -0.373977058215483 ], [ 102.520229345409859, -0.373796455734465 ], [ 102.520139646741356, -0.373796491975791 ], [ 102.520139610746668, -0.373706190726494 ], [ 102.519960213385403, -0.373706263188878 ], [ 102.519960177401245, -0.373615961922048 ], [ 102.519780780007011, -0.373616034363249 ], [ 102.519780708068424, -0.373435431794505 ], [ 102.519691009360088, -0.37343546799622 ], [ 102.519690973404749, -0.37334516670306 ], [ 102.5194218772303, -0.373345275276434 ], [ 102.519421913182896, -0.373435576595855 ], [ 102.519332214439785, -0.373435612793898 ], [ 102.519332322347012, -0.373706516778287 ], [ 102.519422021092865, -0.373706480553985 ], [ 102.519422057080263, -0.373796781873317 ], [ 102.519332358333486, -0.373796818106373 ], [ 102.519332394328643, -0.373887119434437 ], [ 102.519242695572274, -0.373887155675327 ], [ 102.519242659578026, -0.37379685433851 ], [ 102.518794165670272, -0.373797035485414 ], [ 102.518794201659958, -0.373887336865993 ], [ 102.518704502851421, -0.37388737310137 ], [ 102.518704646893468, -0.374248578658472 ], [ 102.518973743303974, -0.374248469844563 ], [ 102.518973959644313, -0.374790278022016 ], [ 102.519063658435911, -0.374790241696358 ], [ 102.519063694523979, -0.374880543050437 ], [ 102.519601887096499, -0.374880325024622 ], [ 102.519602031557682, -0.375241530230637 ], [ 102.519512332813676, -0.375241566605592 ], [ 102.51951236894979, -0.375331867915794 ], [ 102.519153573883131, -0.375332013441403 ], [ 102.519153646174132, -0.375512616131767 ], [ 102.519243344955669, -0.375512579734243 ], [ 102.519243381115118, -0.375602881070638 ], [ 102.519333079888881, -0.375602844663438 ], [ 102.519333043728508, -0.375512543335795 ], [ 102.519512441248125, -0.375512470536132 ], [ 102.519512477410331, -0.375602771846268 ], [ 102.519602176158031, -0.375602735436298 ], [ 102.519602139994873, -0.375512434134916 ], [ 102.519871236182993, -0.375512324925729 ], [ 102.519871091606447, -0.375151119825031 ], [ 102.520050489014352, -0.37515104708433 ], [ 102.520050416774609, -0.374970444568867 ], [ 102.52014011546369, -0.374970408214643 ], [ 102.520140079355969, -0.374880106965634 ], [ 102.520319476706192, -0.374880034271933 ], [ 102.520319440605306, -0.374789733040412 ], [ 102.52005034456964, -0.374789842053315 ], [ 102.520050308480208, -0.374699540795506 ], [ 102.519960609785173, -0.374699577122543 ], [ 102.519960573705347, -0.374609275855957 ], [ 102.519870875002525, -0.374609312173319 ], [ 102.519870802870798, -0.37442870962257 ], [ 102.51951200797987, -0.374428854812774 ], [ 102.519512044037725, -0.374519156123176 ], [ 102.519601742774441, -0.374519119818252 ], [ 102.519601814918062, -0.374699722421481 ], [ 102.519332718676452, -0.374699831386014 ], [ 102.519332646538274, -0.374519228730263 ], [ 102.519242947775496, -0.374519265032425 ], [ 102.519242839636235, -0.374248361022373 ], [ 102.519691333349442, -0.374248179633659 ], [ 102.51969126129093, -0.374067577047716 ], [ 102.519780960005647, -0.374067540784722 ], [ 102.519781032065993, -0.374248143353156 ], [ 102.520050128163476, -0.374248034506129 ], [ 102.520050272399459, -0.374609239537675 ], [ 102.520139971084888, -0.374609203218472 ], [ 102.52013993501194, -0.374518901969374 ], [ 102.520229633687734, -0.374518865658006 ], [ 102.52022959762256, -0.37442856441764 ], [ 102.520319296288775, -0.374428528114107 ], [ 102.5203192241827, -0.374247925650822 ], [ 102.520408922838342, -0.37424788936388 ], [ 102.520408886797441, -0.37415758814096 ], [ 102.520498585443505, -0.374157551861854 ], [ 102.520498549410377, -0.374067250647667 ], [ 102.52058824804682, -0.374067214376398 ], [ 102.52058821202148, -0.373976913170946 ], [ 102.520767609266457, -0.373976840643161 ], [ 102.520767501237145, -0.373705937079212 ], [ 102.521215994183677, -0.373705755875025 ], [ 102.521215958186744, -0.373615454730784 ], [ 102.521485053847513, -0.373615346023524 ], [ 102.52148494590071, -0.373344442669494 ], [ 102.521843739982344, -0.373344297818731 ], [ 102.521843704013833, -0.373253996735713 ], [ 102.522023101000613, -0.373253924322344 ], [ 102.522023065038965, -0.373163623256823 ], [ 102.522381858904467, -0.373163478454118 ], [ 102.522381930843721, -0.373344080515055 ], [ 102.522292232388594, -0.373344116734628 ], [ 102.522292268370364, -0.373434417773824 ], [ 102.522202569905602, -0.37343445400124 ], [ 102.522202641893443, -0.373615056097086 ], [ 102.522112943418151, -0.373615092341105 ], [ 102.522112979424207, -0.373705393397755 ], [ 102.522023280939337, -0.373705429649616 ], [ 102.522023316953153, -0.373795730715004 ], [ 102.522113015438961, -0.373795694454383 ], [ 102.522113051462441, -0.373885995510989 ], [ 102.522292448409772, -0.373885922969471 ], [ 102.522292412384488, -0.373795621930386 ], [ 102.522382110844191, -0.373795585667009 ], [ 102.522382074826695, -0.373705284636662 ], [ 102.522471773276777, -0.373705248381127 ], [ 102.52247170126607, -0.373524646337889 ], [ 102.522920193376834, -0.373524465134052 ], [ 102.522920265396664, -0.373705067089673 ], [ 102.523099662183697, -0.373704994566662 ], [ 102.523099734241995, -0.373885596487146 ], [ 102.523279130997892, -0.373885523925409 ], [ 102.523279203094631, -0.374066125810753 ], [ 102.523458599819335, -0.374066053210287 ], [ 102.523458671954586, -0.37424665506049 ], [ 102.523638068648111, -0.374246582421291 ], [ 102.523638213030381, -0.374607786051321 ], [ 102.523817609696408, -0.374607713338329 ], [ 102.523819207175634, -0.378580952473932 ], [ 102.523639810428705, -0.378581025958169 ], [ 102.523639883438179, -0.378761627771089 ], [ 102.523460486652723, -0.378761701286658 ], [ 102.523460559693348, -0.378942303134543 ], [ 102.523281162869353, -0.378942376681441 ], [ 102.52328123594107, -0.37912297856429 ], [ 102.523101839078578, -0.379123052142513 ], [ 102.523101912181417, -0.379303654060324 ], [ 102.522922515280385, -0.379303727669869 ], [ 102.522922661583124, -0.379664931575319 ], [ 102.522743264639857, -0.37966500525123 ], [ 102.52274341107443, -0.380026209226417 ], [ 102.523371300249451, -0.380025951099048 ], [ 102.523371227001775, -0.379845349234174 ], [ 102.523550623826878, -0.379845275510144 ], [ 102.52355055061031, -0.379664673680234 ], [ 102.523729947396873, -0.379664599987525 ], [ 102.523729874211412, -0.379483998192581 ], [ 102.523819572589787, -0.379483961362355 ], [ 102.523820821510213, -0.382554191566163 ], [ 102.52373112310022, -0.382554228694374 ], [ 102.523730975649755, -0.382193025107282 ], [ 102.523551578811109, -0.382193099290771 ], [ 102.523551284343, -0.381470691975279 ], [ 102.523371887484444, -0.381470766014795 ], [ 102.523371740466771, -0.381109562286399 ], [ 102.523192343580845, -0.381109636252059 ], [ 102.5231921967099, -0.380748432453198 ], [ 102.523012799796589, -0.380748506345011 ], [ 102.523012726417079, -0.380567904410395 ], [ 102.522384836959333, -0.380568162879596 ], [ 102.522384910325854, -0.380748764936875 ], [ 102.521846719011535, -0.380748986550543 ], [ 102.521846792401675, -0.380929588712853 ], [ 102.521667395223574, -0.380929662611626 ], [ 102.521667468644821, -0.381110264808883 ], [ 102.52148807142818, -0.381110338738945 ], [ 102.521487777966868, -0.380387929809235 ], [ 102.521308380730318, -0.380388003595416 ], [ 102.521308307455698, -0.38020740132773 ], [ 102.521128910188054, -0.38020747507514 ], [ 102.521128836951945, -0.380026872772332 ], [ 102.520949439653222, -0.380026946480973 ], [ 102.520949366455625, -0.379846344143045 ], [ 102.520769969125809, -0.379846417812921 ], [ 102.520769895966723, -0.379665815439876 ], [ 102.520142005051326, -0.379666073132447 ], [ 102.520142078197438, -0.379846675628078 ], [ 102.51969358441626, -0.37984685975375 ], [ 102.5196936209977, -0.379937161045306 ], [ 102.519603922214444, -0.379937197876393 ], [ 102.519604032008203, -0.380208101777186 ], [ 102.519245236777081, -0.380208249197238 ], [ 102.519245310008984, -0.380388851867682 ], [ 102.518886514631305, -0.380388999342802 ], [ 102.518886587890549, -0.380569602083177 ], [ 102.518348394552106, -0.380569823372824 ], [ 102.518348467834954, -0.380750426218127 ], [ 102.517989672094686, -0.380750573795852 ], [ 102.517989745404876, -0.380931176711067 ], [ 102.517810347478871, -0.380931250529313 ], [ 102.517810494196127, -0.381292456429472 ], [ 102.517631096227902, -0.381292530313967 ], [ 102.517631169634953, -0.381473133298908 ], [ 102.517451771628245, -0.381473207214649 ], [ 102.517452065589183, -0.382195619293492 ], [ 102.517093269441631, -0.382195767393663 ], [ 102.517093195906725, -0.382015164304102 ], [ 102.516555001435933, -0.382015386321209 ], [ 102.516555074959641, -0.382195989515734 ], [ 102.516196278464534, -0.382196137578326 ], [ 102.516196352015555, -0.382376740842728 ], [ 102.515837555373977, -0.382376888960248 ], [ 102.515837628952255, -0.382557492294521 ], [ 102.515299433718098, -0.382557714547531 ], [ 102.515299507319924, -0.38273831798664 ], [ 102.515389206549202, -0.382738280929336 ], [ 102.515389317019867, -0.383009186061601 ], [ 102.515120219297586, -0.383009297309379 ], [ 102.515120256135688, -0.383099599046318 ], [ 102.515209955386084, -0.383099561955924 ], [ 102.515210065955358, -0.383370467140377 ], [ 102.515120366702163, -0.383370504257 ], [ 102.515120477346827, -0.383641409467477 ], [ 102.515030778082121, -0.383641446609386 ], [ 102.51503070431221, -0.383460843118272 ], [ 102.51485130576053, -0.383460917364291 ], [ 102.514851232029102, -0.383280313838116 ], [ 102.514402735507289, -0.383280499349252 ], [ 102.514402809229352, -0.383461102962843 ], [ 102.514223410556085, -0.383461177195666 ], [ 102.514223484309142, -0.38364178084413 ], [ 102.514044085597405, -0.383641855108144 ], [ 102.514044159381442, -0.383822458791478 ], [ 102.513685361846299, -0.383822607378108 ], [ 102.513685435657564, -0.384003211131269 ], [ 102.513506036834144, -0.384003285453879 ], [ 102.513506110676374, -0.384183889241906 ], [ 102.513326711814486, -0.384183963595695 ], [ 102.513327155574544, -0.385267586531675 ], [ 102.513506554458985, -0.38526751196816 ], [ 102.513506702664301, -0.385628719542849 ], [ 102.513327303772328, -0.385628794176274 ], [ 102.513327600584603, -0.386351209464376 ], [ 102.513506999491625, -0.386351134691133 ], [ 102.513507073785263, -0.386531738477975 ], [ 102.513327674874446, -0.386531813286173 ], [ 102.513327712032435, -0.386622115197037 ], [ 102.513058613598247, -0.386622227428422 ], [ 102.513058650762048, -0.386712529365478 ], [ 102.512789552246943, -0.386712641614521 ], [ 102.51278947793368, -0.386532037687962 ], [ 102.512610078884009, -0.386532112480957 ], [ 102.512609930369166, -0.386170904557671 ], [ 102.512430531292296, -0.386170979276974 ], [ 102.51243045709073, -0.385990375280248 ], [ 102.512251057982922, -0.38599044996081 ], [ 102.51225098381984, -0.385809845929049 ], [ 102.511712786299469, -0.385810069843143 ], [ 102.511712860451254, -0.385990673979725 ], [ 102.511354061923271, -0.385990823306691 ], [ 102.511354210315872, -0.386352031719325 ], [ 102.511174810992287, -0.386352106446982 ], [ 102.511175108178776, -0.387074523410885 ], [ 102.511354507517481, -0.387074448543496 ], [ 102.511354656326503, -0.387435656955032 ], [ 102.511175256980238, -0.387435731892288 ], [ 102.511175331433023, -0.387616336132852 ], [ 102.510098934604073, -0.38761678588595 ], [ 102.510099009068838, -0.387797390335985 ], [ 102.509560810174662, -0.387797615265838 ], [ 102.509560884662747, -0.387978219820538 ], [ 102.509202085218959, -0.387978369824536 ], [ 102.509202159734144, -0.388158974448974 ], [ 102.509022759956437, -0.388159049480163 ], [ 102.509022834502517, -0.38833965413942 ], [ 102.508843434686341, -0.388339729201703 ], [ 102.508843583874949, -0.388700938589763 ], [ 102.508574484074273, -0.38870105128075 ], [ 102.508574633390197, -0.389062260773167 ], [ 102.508395233472143, -0.389062335965526 ], [ 102.508395532504878, -0.389784755088877 ], [ 102.50821613253693, -0.389784830417026 ], [ 102.508216095129399, -0.389694528009236 ], [ 102.507857295093316, -0.389694678619135 ], [ 102.507857332497025, -0.389784981061827 ], [ 102.507498532318479, -0.389785131691297 ], [ 102.507498569727034, -0.389875434168863 ], [ 102.507677969835555, -0.389875358838596 ], [ 102.507678007254711, -0.389965661298691 ], [ 102.508305907368211, -0.389965397551491 ], [ 102.50830586994239, -0.389875095152472 ], [ 102.508574969858159, -0.389874982129758 ], [ 102.508575157088202, -0.390326493993724 ], [ 102.508754556998227, -0.390326418553187 ], [ 102.508755044835453, -0.391500349169901 ], [ 102.508665344872384, -0.3915003870041 ], [ 102.508665532887392, -0.391951898822353 ], [ 102.508575832910864, -0.391951936699224 ], [ 102.508575908175629, -0.392132541443817 ], [ 102.508665608154089, -0.392132503549493 ], [ 102.508665683455462, -0.392313108276539 ], [ 102.508755383427157, -0.392313070363797 ], [ 102.508755421091806, -0.392403372718559 ], [ 102.508665721119144, -0.392403410640028 ], [ 102.508665796472542, -0.392584015366935 ], [ 102.508576096489293, -0.392584053304893 ], [ 102.50857620958152, -0.392854960421261 ], [ 102.508935009473973, -0.392854808558913 ], [ 102.508934971764077, -0.392764506221722 ], [ 102.509204071589522, -0.392764392341005 ], [ 102.509204033885396, -0.392674090029975 ], [ 102.509293733808917, -0.392674052076533 ], [ 102.509293809227742, -0.392854656681114 ], [ 102.509383509144499, -0.39285461870925 ], [ 102.50938354686788, -0.392944921002777 ], [ 102.50956294667732, -0.392944845038694 ], [ 102.509562758137534, -0.392493333658115 ], [ 102.509652458024433, -0.392493295718271 ], [ 102.509652345001754, -0.392222388915833 ], [ 102.509383245323619, -0.39222250265391 ], [ 102.509383282986306, -0.3923128049476 ], [ 102.509203883155621, -0.392312880785621 ], [ 102.509203694938478, -0.391861369229657 ], [ 102.509293394853373, -0.39186133135477 ], [ 102.509293282024274, -0.391590424447099 ], [ 102.509472681822317, -0.391590348746807 ], [ 102.509472757036875, -0.39177095331703 ], [ 102.509652156804037, -0.391770877577972 ], [ 102.509652232057121, -0.391951482113186 ], [ 102.509831631793432, -0.391951406335357 ], [ 102.509831782411297, -0.39231261533567 ], [ 102.510011182120593, -0.392312539484148 ], [ 102.510011332884858, -0.39267374841425 ], [ 102.510190732567139, -0.392673672489026 ], [ 102.510190808005149, -0.392854276919016 ], [ 102.51037020765655, -0.392854200955008 ], [ 102.510370283133085, -0.393034805349982 ], [ 102.511446680335993, -0.393034349275236 ], [ 102.511446755870267, -0.393214953460539 ], [ 102.511626155286464, -0.393214877399619 ], [ 102.511626836691192, -0.394840314748729 ], [ 102.511806236107333, -0.394840238369503 ], [ 102.511806463878514, -0.395382050712714 ], [ 102.511985863271519, -0.395381974224788 ], [ 102.511986091366666, -0.395923786462339 ], [ 102.511806691962065, -0.395923863055084 ], [ 102.511806653926442, -0.395833560998081 ], [ 102.511716954212105, -0.395833599284259 ], [ 102.511716992246761, -0.395923901349997 ], [ 102.511627292522761, -0.395923939643936 ], [ 102.511627368616161, -0.39610454379281 ], [ 102.511358269386321, -0.396104658721192 ], [ 102.511358193298733, -0.395924054519915 ], [ 102.51090969441853, -0.395924245960414 ], [ 102.51090961837528, -0.395743641671713 ], [ 102.510730218766327, -0.395743718206171 ], [ 102.510730142761673, -0.395563113882448 ], [ 102.510550743121911, -0.395563190378088 ], [ 102.510550667155783, -0.395382586019345 ], [ 102.510371267485169, -0.395382662476169 ], [ 102.510371191557624, -0.395202058082407 ], [ 102.510012392120032, -0.395202210914549 ], [ 102.510012316234906, -0.395021606450848 ], [ 102.509025617087346, -0.395022026467052 ], [ 102.509025655014966, -0.395112328794933 ], [ 102.508935955039476, -0.395112366981126 ], [ 102.508935992974799, -0.395202669317711 ], [ 102.508846292989674, -0.39520270751166 ], [ 102.508846368884392, -0.395383312202216 ], [ 102.509025768849853, -0.395383235778436 ], [ 102.509025996753707, -0.395925049744812 ], [ 102.508846596776664, -0.395925126273322 ], [ 102.508846672810108, -0.396105730963504 ], [ 102.508577572773717, -0.396105845801332 ], [ 102.508577648836038, -0.396286450543782 ], [ 102.508487948804643, -0.396286488838563 ], [ 102.508488024899691, -0.396467093598373 ], [ 102.507591024089592, -0.396467476667116 ], [ 102.507590948013885, -0.3962868717328 ], [ 102.507052747123439, -0.396287101422583 ], [ 102.507052671094002, -0.39610649638349 ], [ 102.507232071421612, -0.396106419859018 ], [ 102.507231919459031, -0.395745209850338 ], [ 102.50732161960596, -0.395745171621535 ], [ 102.50732154367472, -0.395564566634501 ], [ 102.507411243811063, -0.395564528422173 ], [ 102.507411205857466, -0.395474225937344 ], [ 102.507500905984173, -0.395474187732768 ], [ 102.507500792172522, -0.395203280304314 ], [ 102.507141991625275, -0.395203433012105 ], [ 102.507142067483343, -0.395384038034219 ], [ 102.506783266789697, -0.395384190796248 ], [ 102.506783342674694, -0.39556479588805 ], [ 102.506603942272037, -0.39556487229812 ], [ 102.506604018187815, -0.395745477424717 ], [ 102.506514317971551, -0.395745515645737 ], [ 102.506514393920057, -0.395926120789683 ], [ 102.506155592960653, -0.395926273733804 ], [ 102.506155479062485, -0.395655365913196 ], [ 102.50624517931243, -0.395655327704788 ], [ 102.50624514136274, -0.395565025106593 ], [ 102.506514242057705, -0.395564910501697 ], [ 102.506514166178505, -0.395384305357564 ], [ 102.506424465957451, -0.395384343542725 ], [ 102.506424428031835, -0.395294040961902 ], [ 102.506334727803051, -0.39529407913737 ], [ 102.506334651979728, -0.395113473958211 ], [ 102.505886150715625, -0.395113664733771 ], [ 102.505886188618135, -0.395203967366965 ], [ 102.505617087752853, -0.395204081846804 ], [ 102.505617049853228, -0.395113779187451 ], [ 102.505258248582123, -0.39511393177876 ], [ 102.505258286477869, -0.395204234472989 ], [ 102.504989185430688, -0.395204348932427 ], [ 102.504989223332217, -0.395294651652786 ], [ 102.504720122204205, -0.395294766129633 ], [ 102.504720160111503, -0.395385068876121 ], [ 102.504540759314281, -0.395385145206594 ], [ 102.504540797228287, -0.395475447970493 ], [ 102.504451096815714, -0.395475486142988 ], [ 102.504451134737437, -0.39556578891558 ], [ 102.504361434315229, -0.39556582709582 ], [ 102.504361510182704, -0.395746432658366 ], [ 102.504540911022303, -0.39574635626205 ], [ 102.504540835150976, -0.395565750734369 ], [ 102.504809936339626, -0.395565636184899 ], [ 102.504810012216765, -0.395746241660279 ], [ 102.504720311827285, -0.395746279861842 ], [ 102.504720349777855, -0.395836582608214 ], [ 102.504989450923262, -0.395836467974453 ], [ 102.504989526856235, -0.396017073414821 ], [ 102.505079227222637, -0.396017035184186 ], [ 102.505079189250864, -0.395926732472731 ], [ 102.505617391261666, -0.395926503120787 ], [ 102.505617467225491, -0.396107108439049 ], [ 102.505796867830327, -0.396107031945736 ], [ 102.505797019869661, -0.396468242512222 ], [ 102.505976420447595, -0.396468165945254 ], [ 102.505976496523104, -0.396648771193477 ], [ 102.506155897070258, -0.396648694587729 ], [ 102.506156049332972, -0.397009905014129 ], [ 102.506335449853239, -0.397009828334714 ], [ 102.506335526040445, -0.39719043351289 ], [ 102.506514926529931, -0.397190356794686 ], [ 102.506515002755677, -0.397370961937882 ], [ 102.506873803638442, -0.397370808419981 ], [ 102.506873879906621, -0.397551413493307 ], [ 102.508129681931635, -0.3975508758133 ], [ 102.50812975826166, -0.397731480642261 ], [ 102.509206158668547, -0.397731019411785 ], [ 102.509206082315217, -0.39755041479227 ], [ 102.509564882165662, -0.39755026108732 ], [ 102.509564805839275, -0.397369656537541 ], [ 102.509744205708557, -0.39736957971412 ], [ 102.509744129412965, -0.397188975199163 ], [ 102.510282328801111, -0.39718874481022 ], [ 102.510282787164897, -0.398272371269973 ], [ 102.510462186914864, -0.398272294256301 ], [ 102.510462339988123, -0.398633503005616 ], [ 102.510641739711176, -0.398633425918176 ], [ 102.510641892931005, -0.398994634597262 ], [ 102.510821292627156, -0.398994557436046 ], [ 102.510821369293012, -0.39917516174052 ], [ 102.511000768958368, -0.399175084540451 ], [ 102.511000922401962, -0.399536293079255 ], [ 102.511180322040417, -0.399536215805398 ], [ 102.511180398818169, -0.399716820039727 ], [ 102.511000999175806, -0.399716897348516 ], [ 102.511001229705542, -0.400258710155731 ], [ 102.510821830016766, -0.400258787565379 ], [ 102.510821983868937, -0.400619996172908 ], [ 102.510642584137628, -0.400620073648477 ], [ 102.510642738120751, -0.400981282325483 ], [ 102.510463338346923, -0.400981359866965 ], [ 102.510463492461, -0.401342568613445 ], [ 102.510911991850094, -0.401342374577711 ], [ 102.510911914765927, -0.401161770291837 ], [ 102.511270714113223, -0.401161615115355 ], [ 102.511270637055915, -0.400981010899249 ], [ 102.511450036673594, -0.400980933340025 ], [ 102.511449959647081, -0.400800329158759 ], [ 102.51162935922612, -0.400800251630529 ], [ 102.511629282230373, -0.400619647484104 ], [ 102.511808681770816, -0.40061956998687 ], [ 102.511808527875658, -0.400258361763612 ], [ 102.511987927373553, -0.400258284332319 ], [ 102.511986853939902, -0.397729827248084 ], [ 102.511807454496548, -0.397729904190225 ], [ 102.511807225371768, -0.397188091850668 ], [ 102.51162782590535, -0.397188168684084 ], [ 102.511627749603733, -0.397007564535773 ], [ 102.511448350106491, -0.397007641330348 ], [ 102.511448121421452, -0.396465828780043 ], [ 102.511268721901132, -0.396465905465912 ], [ 102.511268607681544, -0.396194999138042 ], [ 102.511448007196051, -0.396194922504575 ], [ 102.511448045262512, -0.396285224596421 ], [ 102.511806844191298, -0.396285071282862 ], [ 102.511806806120973, -0.396194769225953 ], [ 102.511896505830521, -0.396194730903863 ], [ 102.511896467767912, -0.396104428855665 ], [ 102.511986167467796, -0.396104390541335 ], [ 102.511986472219419, -0.396826806856385 ], [ 102.512165871608673, -0.39682673008504 ], [ 102.512166406287477, -0.398090958388173 ], [ 102.512345805669185, -0.398090881368325 ], [ 102.51234603534958, -0.398632693391998 ], [ 102.512525434708266, -0.398632616263402 ], [ 102.512525511341721, -0.398813220236159 ], [ 102.512704910669555, -0.398813143068696 ], [ 102.512704987341621, -0.398993747006413 ], [ 102.513243185128545, -0.398993515375645 ], [ 102.513243261847009, -0.399174119208417 ], [ 102.514140257483604, -0.399173732903888 ], [ 102.514140334256311, -0.399354336561779 ], [ 102.516293120287997, -0.399353408610898 ], [ 102.516293043468508, -0.399172805372676 ], [ 102.516651840646219, -0.399172650729193 ], [ 102.516651763853687, -0.398992047560845 ], [ 102.516920861639903, -0.398991931620412 ], [ 102.516920784876277, -0.398811328504452 ], [ 102.517100183353065, -0.398811251240916 ], [ 102.517100106620319, -0.398630648159852 ], [ 102.517279505058454, -0.398630570927387 ], [ 102.517279428356574, -0.398449967881221 ], [ 102.517458826756055, -0.398449890679829 ], [ 102.517458750085041, -0.398269287668563 ], [ 102.517996945063246, -0.398269056145874 ], [ 102.517997021745941, -0.398449659052149 ], [ 102.51817642000637, -0.398449581835087 ], [ 102.518176803960827, -0.399352596190043 ], [ 102.518356202205965, -0.39935251879405 ], [ 102.518356356038936, -0.399713724465366 ], [ 102.518535754257115, -0.399713646995438 ], [ 102.51853583122967, -0.39989424979595 ], [ 102.51889462756948, -0.399894094774289 ], [ 102.518894704584625, -0.400074697504692 ], [ 102.51925350079317, -0.400074542397283 ], [ 102.51925357785089, -0.40025514505757 ], [ 102.519432975906881, -0.400255067462951 ], [ 102.519433053003311, -0.400435670088131 ], [ 102.519612451028451, -0.400435592454562 ], [ 102.519612605333464, -0.400796797634606 ], [ 102.519792003331631, -0.400796719927066 ], [ 102.5197922350618, -0.401338527591371 ], [ 102.519971633036931, -0.401338449774835 ], [ 102.519972368951827, -0.403054173706814 ], [ 102.519882669949951, -0.403054212781915 ], [ 102.519882786431083, -0.403325116586127 ], [ 102.520062184432049, -0.403325038382404 ], [ 102.520062339869867, -0.403686243384313 ], [ 102.520241737843918, -0.403686165106581 ], [ 102.520241893428789, -0.404047370038066 ], [ 102.520421291375939, -0.404047291686319 ], [ 102.520421369224508, -0.404227894116895 ], [ 102.52060076714082, -0.40422781572615 ], [ 102.520600922950237, -0.404589020516965 ], [ 102.520780320839634, -0.404588942052193 ], [ 102.520780398800483, -0.40476954441243 ], [ 102.521139194482856, -0.404769387400893 ], [ 102.52113927248638, -0.404949989690976 ], [ 102.521318670279328, -0.404949911144205 ], [ 102.521318748321619, -0.405130513399161 ], [ 102.521498146083715, -0.405130434813375 ], [ 102.521498224164773, -0.405311037033201 ], [ 102.521677621896018, -0.405310958408396 ], [ 102.521677700015843, -0.405491560593091 ], [ 102.52185709771625, -0.405491481929264 ], [ 102.521857254068223, -0.40585268622829 ], [ 102.522036651741743, -0.405852607490398 ], [ 102.522036729973905, -0.406033209604728 ], [ 102.522216127616588, -0.406033130827805 ], [ 102.522216205887545, -0.406213732906998 ], [ 102.514771174319606, -0.406217000247002 ], [ 102.514770940104839, -0.40567518965103 ], [ 102.514412141914505, -0.405675346729658 ], [ 102.514412180924651, -0.405765648530679 ], [ 102.514322481354341, -0.405765687806584 ], [ 102.514322520372161, -0.405855989616323 ], [ 102.51414312120356, -0.405856068182622 ], [ 102.514143199261284, -0.40603667183699 ], [ 102.513784400811971, -0.406036829027536 ], [ 102.513784478896483, -0.406217432751728 ], [ 102.511093486040465, -0.406218611695962 ], [ 102.511093330025147, -0.405857403199134 ], [ 102.510734530403511, -0.405857560184078 ], [ 102.510734491425325, -0.405767258024881 ], [ 102.510644791499232, -0.405767297259891 ], [ 102.510644830476409, -0.40585759942782 ], [ 102.510555130540638, -0.405857638670564 ], [ 102.510555208519051, -0.406038243023812 ], [ 102.510644908456811, -0.406038203763605 ], [ 102.510644986471902, -0.406218808099295 ], [ 102.509120086316898, -0.406219475683892 ], [ 102.50911993038882, -0.405858266418784 ], [ 102.509030230305655, -0.405858305644568 ], [ 102.509030386229739, -0.406219514944587 ], [ 102.505801177319412, -0.40622092766456 ], [ 102.505800865895338, -0.405498506551682 ], [ 102.505890566286553, -0.405498467396695 ], [ 102.505890605185257, -0.405588770027169 ], [ 102.505980305568798, -0.405588730862465 ], [ 102.505980266669141, -0.405498428240712 ], [ 102.506069967043004, -0.405498389083731 ], [ 102.506069928151007, -0.405408086470674 ], [ 102.50580082700634, -0.405408203912465 ], [ 102.505800710391213, -0.405137295994668 ], [ 102.505980111157058, -0.405137217753458 ], [ 102.505980150022069, -0.405227520375307 ], [ 102.506069850393004, -0.405227481244488 ], [ 102.506069889267664, -0.405317783857593 ], [ 102.506338990331415, -0.405317666432995 ], [ 102.506339029217727, -0.405407969019914 ], [ 102.506249328870837, -0.405408008171164 ], [ 102.506249367764809, -0.40549831076678 ], [ 102.506159667408227, -0.405498349925754 ], [ 102.506159706309887, -0.405588652530066 ], [ 102.506249406667436, -0.405588613362371 ], [ 102.506249445578746, -0.405678915957939 ], [ 102.506428846269841, -0.405678837602116 ], [ 102.506428885191795, -0.405769140180217 ], [ 102.506518585525342, -0.405769100992088 ], [ 102.506518546602393, -0.405678798422708 ], [ 102.50669794724152, -0.405678720060901 ], [ 102.506697908325265, -0.405588417508941 ], [ 102.50678760863083, -0.405588378335264 ], [ 102.506787569722235, -0.405498075792001 ], [ 102.506877270018165, -0.405498036626049 ], [ 102.506877231117244, -0.405407734091485 ], [ 102.506787530822322, -0.405407773248715 ], [ 102.506787414174553, -0.405136865618712 ], [ 102.506877114466505, -0.40513682648765 ], [ 102.506877036742679, -0.404956221418307 ], [ 102.507774039165866, -0.404955830227378 ], [ 102.507773961456934, -0.404775225332411 ], [ 102.507863661649608, -0.404775186225292 ], [ 102.507863583973347, -0.404594581347679 ], [ 102.507325382699122, -0.404594815870772 ], [ 102.507325305069415, -0.404414210888372 ], [ 102.506787103495057, -0.404414445270986 ], [ 102.506786987133225, -0.404143537640194 ], [ 102.506966387686731, -0.404143459568967 ], [ 102.506966426467315, -0.404233762095144 ], [ 102.507504627925812, -0.40423352780528 ], [ 102.507504589139316, -0.404143225331444 ], [ 102.507683989554167, -0.404143147244322 ], [ 102.50768402834268, -0.40423344970071 ], [ 102.507773728538083, -0.404233410646934 ], [ 102.507773612195649, -0.403962503303873 ], [ 102.507683912003202, -0.403962542331475 ], [ 102.507683873240708, -0.403872239875016 ], [ 102.507594173040573, -0.403872278892901 ], [ 102.507594134287743, -0.403781976427693 ], [ 102.507235333404466, -0.403782132454409 ], [ 102.507235294664241, -0.403691829954282 ], [ 102.507145594422738, -0.403691868949757 ], [ 102.507145516970269, -0.403511263931985 ], [ 102.507235217209796, -0.403511224953958 ], [ 102.507235139789998, -0.403330619953538 ], [ 102.507145439552446, -0.403330658914119 ], [ 102.507145362169283, -0.403150053896157 ], [ 102.50687626141054, -0.403150170719615 ], [ 102.506876300094817, -0.403240473254777 ], [ 102.506696899543698, -0.403240551149571 ], [ 102.506696938234683, -0.403330853702153 ], [ 102.506607237945133, -0.403330892656786 ], [ 102.506607199255143, -0.403240590095482 ], [ 102.506517498957919, -0.403240629040401 ], [ 102.506517460277564, -0.403150326470352 ], [ 102.506427759972652, -0.403150365405558 ], [ 102.506427682639909, -0.402969760247945 ], [ 102.5078628864471, -0.402969137444857 ], [ 102.507862809117512, -0.402788532566289 ], [ 102.508221609714795, -0.402788376895696 ], [ 102.508221532412023, -0.402607772086835 ], [ 102.508400932654723, -0.402607694280502 ], [ 102.508400855382689, -0.40242708950645 ], [ 102.508311155267648, -0.40242712839266 ], [ 102.508310923665491, -0.401885314017577 ], [ 102.50813152342117, -0.401885391682318 ], [ 102.508131446293731, -0.401704786855531 ], [ 102.507952046018659, -0.401704864481419 ], [ 102.507951968929802, -0.401524259619635 ], [ 102.507772568623992, -0.401524337206674 ], [ 102.507772491573718, -0.401343732309896 ], [ 102.507413690865931, -0.401343887402335 ], [ 102.507413613858176, -0.401163282435668 ], [ 102.506516611501723, -0.40116366992325 ], [ 102.506516534548211, -0.400983064782035 ], [ 102.506426834266875, -0.400983103507926 ], [ 102.506426911218441, -0.401163708666584 ], [ 102.506337210926461, -0.401163747408933 ], [ 102.506337287910711, -0.401344352584939 ], [ 102.505978486648388, -0.401344507614235 ], [ 102.505978409671982, -0.401163902368464 ], [ 102.505619608278892, -0.401164057312217 ], [ 102.505619531344962, -0.400983451996592 ], [ 102.505440130600377, -0.400983529427675 ], [ 102.505440053705016, -0.40080292407708 ], [ 102.505260652929692, -0.400803001469345 ], [ 102.505260576072885, -0.40062239608378 ], [ 102.505081175266838, -0.400622473437231 ], [ 102.505081098448585, -0.400441868016698 ], [ 102.504901697611828, -0.400441945331339 ], [ 102.504901544087062, -0.400080734420247 ], [ 102.504542742325214, -0.400080888898242 ], [ 102.504542665622608, -0.399900283372817 ], [ 102.504183863730034, -0.399900437765347 ], [ 102.504183787069877, -0.399719832170097 ], [ 102.50400438607555, -0.399719909325601 ], [ 102.504004309453961, -0.399539303695395 ], [ 102.503645507369185, -0.399539457924892 ], [ 102.503645430790016, -0.399358852224873 ], [ 102.503286628574557, -0.399359006368943 ], [ 102.503286552037792, -0.399178400599117 ], [ 102.50310715088203, -0.399178477630408 ], [ 102.503107303982375, -0.399539689239673 ], [ 102.50292790278418, -0.399539766336743 ], [ 102.502927979382378, -0.399720372176085 ], [ 102.50274857814567, -0.399720449304076 ], [ 102.502748654774578, -0.399901055178174 ], [ 102.502569253499345, -0.399901132337082 ], [ 102.502568947207024, -0.399178708700732 ], [ 102.502479246564221, -0.399178747209018 ], [ 102.502479208317595, -0.399088444245656 ], [ 102.502389507667132, -0.399088482744249 ], [ 102.502389431201792, -0.398907876800032 ], [ 102.502299730544607, -0.398907915280222 ], [ 102.502299692325906, -0.398817612299367 ], [ 102.502389392982096, -0.398817573827889 ], [ 102.50238931656871, -0.39863696788353 ], [ 102.502209915251541, -0.398637044790662 ], [ 102.502210029878782, -0.398907953759431 ], [ 102.502120329204303, -0.39890799223766 ], [ 102.502120367429725, -0.398998295235913 ], [ 102.502030666745611, -0.398998333721872 ], [ 102.502030743220459, -0.399178939735729 ], [ 102.501941042525743, -0.399178978238127 ], [ 102.501941119033248, -0.39935958426931 ], [ 102.501851418327959, -0.399359622788148 ], [ 102.501851494868106, -0.399540228836657 ], [ 102.50194119557537, -0.3995401903004 ], [ 102.501941272152095, -0.399720796331394 ], [ 102.502120673544582, -0.399720719221091 ], [ 102.502120750159818, -0.399901325217149 ], [ 102.502300151521595, -0.399901248068072 ], [ 102.502300228175358, -0.400081854029192 ], [ 102.502479629506411, -0.400081776841337 ], [ 102.502479706198713, -0.400262382767517 ], [ 102.502659107499056, -0.40026230554088 ], [ 102.502659184229884, -0.400442911432119 ], [ 102.502838585499532, -0.400442834166698 ], [ 102.502838662268871, -0.400623440022993 ], [ 102.50301806350781, -0.400623362718783 ], [ 102.503018140315689, -0.400803968540133 ], [ 102.503376942697543, -0.400803813850188 ], [ 102.50337701954787, -0.400984419601736 ], [ 102.503556420690771, -0.400984342215996 ], [ 102.503556497579638, -0.401164947932593 ], [ 102.503825599234943, -0.401164831794303 ], [ 102.503825676164325, -0.401345437458518 ], [ 102.50373597561925, -0.401345476189697 ], [ 102.503736245137887, -0.401977596074706 ], [ 102.503646544577308, -0.401977634865901 ], [ 102.503646583113607, -0.402067937715236 ], [ 102.503556882543378, -0.402067976514157 ], [ 102.503556959640008, -0.402248582230185 ], [ 102.50346725905915, -0.402248621045545 ], [ 102.503467336188436, -0.402429226778906 ], [ 102.503557036771255, -0.402429187946117 ], [ 102.503557345642534, -0.403151610808897 ], [ 102.503736746797941, -0.40315153300092 ], [ 102.503736669524244, -0.402970927320226 ], [ 102.503916070641083, -0.402970849543144 ], [ 102.503915993398081, -0.402790243897214 ], [ 102.504095394476352, -0.402790166151031 ], [ 102.504095317264046, -0.402609560539868 ], [ 102.504454119308861, -0.402609405105348 ], [ 102.504454196529011, -0.402790010646783 ], [ 102.504364496028842, -0.402790049524331 ], [ 102.504364534650932, -0.402880352303729 ], [ 102.504454235152082, -0.402880313417466 ], [ 102.504454273783821, -0.402970616188124 ], [ 102.504543974277297, -0.402970577292153 ], [ 102.504544012918672, -0.403060880054071 ], [ 102.504813114350142, -0.403060763334065 ], [ 102.504813075705798, -0.402970460598298 ], [ 102.504902776164641, -0.402970421698365 ], [ 102.504902814809967, -0.403060724425415 ], [ 102.504992515261137, -0.403060685515774 ], [ 102.504992553916082, -0.403150988234081 ], [ 102.50517195479442, -0.403150910394391 ], [ 102.505172225635391, -0.403783029299826 ], [ 102.505261926068457, -0.403782990317465 ], [ 102.50526196479565, -0.403873293009428 ], [ 102.504992863467493, -0.403873409979686 ], [ 102.504992940941975, -0.404054015415849 ], [ 102.504634139041954, -0.404054171432032 ], [ 102.504634216543153, -0.404234776937838 ], [ 102.504454815537244, -0.404234854974837 ], [ 102.504454893069138, -0.404415460515414 ], [ 102.504096090945524, -0.404415616647215 ], [ 102.504096013421531, -0.40423501103691 ], [ 102.503916612311741, -0.404235089061984 ], [ 102.503916534826331, -0.404054483416722 ], [ 102.503557732510714, -0.404054639385228 ], [ 102.503557655067823, -0.403874033670153 ], [ 102.503378253862039, -0.40387411161359 ], [ 102.503378176457716, -0.403693505863563 ], [ 102.503019373950139, -0.403693661668817 ], [ 102.503019296588349, -0.403513055848988 ], [ 102.502839895286556, -0.40351313371081 ], [ 102.502839740674673, -0.403151922001164 ], [ 102.502660339346178, -0.40315199978932 ], [ 102.502660107699782, -0.40261018211959 ], [ 102.50248070634845, -0.40261025979924 ], [ 102.50248055209849, -0.40224904794925 ], [ 102.502301150720399, -0.40224912555525 ], [ 102.502301073651282, -0.402068519595267 ], [ 102.502121672242509, -0.402068597162469 ], [ 102.502121595211918, -0.401887991167547 ], [ 102.501942193772464, -0.401888068695953 ], [ 102.501942116780413, -0.401707462666094 ], [ 102.501045109083634, -0.401707850074664 ], [ 102.501045186056061, -0.401888456278706 ], [ 102.500865784408973, -0.401888533783401 ], [ 102.500865861412095, -0.402069140022179 ], [ 102.500686459726452, -0.402069217557751 ], [ 102.500686845241319, -0.402972248924362 ], [ 102.500597144375732, -0.402972287777736 ], [ 102.500597105786284, -0.402881984632475 ], [ 102.500507404913009, -0.402882023476152 ], [ 102.50050736633321, -0.40279172032216 ], [ 102.500417665452275, -0.40279175915614 ], [ 102.500417626882111, -0.402701455993418 ], [ 102.500327925993503, -0.402701494817701 ], [ 102.500327887432974, -0.402611191646248 ], [ 102.500238186536706, -0.402611230460835 ], [ 102.500238263664443, -0.402791836821128 ], [ 102.500327964562672, -0.402791797989129 ], [ 102.500328003140496, -0.402882101160534 ], [ 102.500417704031079, -0.402882062318838 ], [ 102.500417742618552, -0.402972365481512 ], [ 102.500507443501448, -0.40297232663012 ], [ 102.500507597941706, -0.403333539245753 ], [ 102.500686999689449, -0.40333346147034 ], [ 102.50068746386421, -0.404417099105987 ], [ 102.500866865601054, -0.404417021117631 ], [ 102.500866943088539, -0.404597627355075 ], [ 102.501046344794702, -0.404597549327911 ], [ 102.501046422320755, -0.404778155530429 ], [ 102.501764028815231, -0.404777843242646 ], [ 102.501764106391704, -0.404958449305725 ], [ 102.501943507932779, -0.404958371188989 ], [ 102.501943585547792, -0.405138977217132 ], [ 102.502122987058186, -0.405138899061572 ], [ 102.502123064711796, -0.405319505054777 ], [ 102.502481867636675, -0.405319348662016 ], [ 102.502481945332818, -0.405499954585437 ], [ 102.502302543883729, -0.405500032818656 ], [ 102.5023025827428, -0.405590335797753 ], [ 102.502212882004272, -0.405590374921578 ], [ 102.502212920871017, -0.405680677909362 ], [ 102.502123220122854, -0.405680717040901 ], [ 102.50212333677203, -0.405951626030242 ], [ 102.502302738265627, -0.405951547713901 ], [ 102.502302699371924, -0.4058612447349 ], [ 102.502392400104782, -0.405861205583944 ], [ 102.502392361218739, -0.40577090261363 ], [ 102.502482061941961, -0.405770863470388 ], [ 102.502482023063578, -0.405680560508762 ], [ 102.502571723777123, -0.405680521373234 ], [ 102.502571684906428, -0.405590218420295 ], [ 102.502661385610352, -0.405590179292482 ], [ 102.502661424482014, -0.405680482236708 ], [ 102.50302022721506, -0.405680325680635 ], [ 102.503020304992319, -0.405860931499316 ], [ 102.502840903639139, -0.405861009814199 ], [ 102.502840981447051, -0.406041615667635 ], [ 102.502661580055303, -0.406041694013376 ], [ 102.502661657893881, -0.406222299901566 ], [ 102.496382587247425, -0.406225040705684 ], [ 102.496382354251907, -0.405683219385036 ], [ 102.496202951622962, -0.405683297517468 ], [ 102.496202796473312, -0.405322083233654 ], [ 102.496023393817737, -0.40532216129253 ], [ 102.496023238814232, -0.404960946938766 ], [ 102.495664433415271, -0.40496110290544 ], [ 102.495664355973261, -0.404780495658854 ], [ 102.495484953225912, -0.404780573601439 ], [ 102.495484875822385, -0.404599966319979 ], [ 102.495305473044439, -0.404600044223808 ], [ 102.495305395679424, -0.404419436907476 ], [ 102.494408381291308, -0.404419826193089 ], [ 102.49440845863657, -0.404600433683276 ], [ 102.494049652631659, -0.404600589439212 ], [ 102.494049730003567, -0.404781196998833 ], [ 102.493960028478753, -0.404781235952711 ], [ 102.493960105883204, -0.404961843529617 ], [ 102.493780702803761, -0.40496192146915 ], [ 102.493780780238794, -0.405142529080722 ], [ 102.493601377120882, -0.405142607051032 ], [ 102.493601454586482, -0.405323214697267 ], [ 102.493242648239132, -0.405323370695449 ], [ 102.493242725731335, -0.405503978411102 ], [ 102.493063322501939, -0.405504056438969 ], [ 102.493063400024695, -0.40568466418928 ], [ 102.492883996756788, -0.405684742247911 ], [ 102.492884074310112, -0.405865350032878 ], [ 102.492704671003722, -0.405865428122271 ], [ 102.492704826206008, -0.406226643761419 ], [ 102.490731387470618, -0.406227503245599 ], [ 102.490731193598393, -0.405775982741259 ], [ 102.490641491743432, -0.405776021753826 ], [ 102.490641530499644, -0.405866325863424 ], [ 102.490551828635077, -0.405866364883675 ], [ 102.490551983742165, -0.406227581356556 ], [ 102.489475560647151, -0.406228049938413 ], [ 102.489475483100179, -0.406047441493682 ], [ 102.489296079134235, -0.40604751954196 ], [ 102.489296117901432, -0.406137823781696 ], [ 102.489385819889705, -0.406137784749377 ], [ 102.489385858666523, -0.40622808898041 ], [ 102.488219732133786, -0.406228596435487 ], [ 102.488219654614554, -0.406047987747777 ], [ 102.488399058787365, -0.406047909723456 ], [ 102.488399020038713, -0.405957605396918 ], [ 102.488488722111185, -0.405957566391937 ], [ 102.488488760860847, -0.406047870709799 ], [ 102.488578462925702, -0.406047831695143 ], [ 102.488578385433044, -0.405867223076751 ], [ 102.488757789532912, -0.405867145079154 ], [ 102.48875771207075, -0.405686536495376 ], [ 102.488937116132192, -0.405686458528499 ], [ 102.488936961303395, -0.405325241430078 ], [ 102.489116365322431, -0.405325163528638 ], [ 102.489116133325979, -0.404783337984429 ], [ 102.489295537298659, -0.404783260183148 ], [ 102.489295382798872, -0.404422043222627 ], [ 102.489474786729176, -0.4044219654868 ], [ 102.489474632359446, -0.40406074859533 ], [ 102.48965403624733, -0.404060670924962 ], [ 102.489653573942164, -0.402977020456578 ], [ 102.490191785328008, -0.402976788046631 ], [ 102.490191862304457, -0.4031573963541 ], [ 102.490371266034686, -0.403157318841467 ], [ 102.490371304537817, -0.403247622977803 ], [ 102.490461006390987, -0.403247584211318 ], [ 102.490461083425089, -0.403428192466556 ], [ 102.490640487109474, -0.403428114895883 ], [ 102.490640448586149, -0.403337810785641 ], [ 102.490730150414421, -0.403337772007499 ], [ 102.490730073391646, -0.403157163804307 ], [ 102.491447687691576, -0.403156853682413 ], [ 102.491447610687558, -0.40297624561806 ], [ 102.490909400026212, -0.402976478111224 ], [ 102.490909323068493, -0.402795869942572 ], [ 102.490729919449635, -0.402795947397637 ], [ 102.490729996403402, -0.40297655560102 ], [ 102.490371189054301, -0.402976710568723 ], [ 102.490371035197015, -0.40261549402295 ], [ 102.490191631478595, -0.402615571431407 ], [ 102.490191477767155, -0.402254354815803 ], [ 102.490370881477716, -0.402254277476797 ], [ 102.490370804669809, -0.402073669203578 ], [ 102.490550208341972, -0.402073591895344 ], [ 102.490550054821782, -0.401712375418076 ], [ 102.491088265607658, -0.401712143678038 ], [ 102.491088188887531, -0.401531535543454 ], [ 102.49252341610017, -0.401530917674131 ], [ 102.492522650483735, -0.399724839102341 ], [ 102.492343247242076, -0.399724916002358 ], [ 102.492342865747773, -0.398821876539187 ], [ 102.492163462491106, -0.398821953261548 ], [ 102.492163310142786, -0.39846073740613 ], [ 102.491983906859403, -0.398460814055082 ], [ 102.491983830740892, -0.398280206092489 ], [ 102.491804427426871, -0.398280282702781 ], [ 102.491804351346786, -0.398099674705353 ], [ 102.491624948002155, -0.398099751276989 ], [ 102.491624871960454, -0.397919143244726 ], [ 102.491266065175438, -0.39791929630678 ], [ 102.491265989176014, -0.397738688204949 ], [ 102.490907182260742, -0.397738841181884 ], [ 102.490907144277855, -0.3976485370962 ], [ 102.490817442528439, -0.397648575329306 ], [ 102.490817404555173, -0.397558271234916 ], [ 102.490727702798097, -0.397558309458362 ], [ 102.490727664834409, -0.397468005355266 ], [ 102.490637963069688, -0.397468043569052 ], [ 102.490637925115578, -0.39737773945725 ], [ 102.490548223343225, -0.397377777661377 ], [ 102.490548147462832, -0.397197169420339 ], [ 102.490458445683771, -0.397197207606125 ], [ 102.490458407757501, -0.397106903476888 ], [ 102.490368705970795, -0.397106941653017 ], [ 102.490368630146037, -0.39692633337711 ], [ 102.490278928352652, -0.396926371534899 ], [ 102.490278966259723, -0.397016675681545 ], [ 102.490009860824898, -0.3970167901751 ], [ 102.490009822920712, -0.396926486002411 ], [ 102.489830419256307, -0.396926562309206 ], [ 102.489830457158561, -0.397016866499257 ], [ 102.489561351594361, -0.397016980978172 ], [ 102.489561389502342, -0.397107285194239 ], [ 102.489471687629376, -0.397107323360605 ], [ 102.48947164972239, -0.397017019135858 ], [ 102.489381947841792, -0.397017057292568 ], [ 102.489381909944385, -0.396926753059119 ], [ 102.489202506159273, -0.396926829352253 ], [ 102.489202468272438, -0.396836525101423 ], [ 102.488933362533004, -0.396836639507771 ], [ 102.488933286790996, -0.396656030953969 ], [ 102.488843584862565, -0.396656069070111 ], [ 102.488843547005459, -0.396565764784497 ], [ 102.488753845069382, -0.396565802890987 ], [ 102.48875380722184, -0.396475498596672 ], [ 102.488664105278119, -0.396475536693508 ], [ 102.488664067440169, -0.396385232390493 ], [ 102.488305259582845, -0.396385384733386 ], [ 102.488305221757415, -0.396295080395639 ], [ 102.488125817778965, -0.396295156543886 ], [ 102.488125779964093, -0.396204852188763 ], [ 102.488036077962903, -0.396204890252749 ], [ 102.48803604015761, -0.396114585888927 ], [ 102.487946338148788, -0.396114623943263 ], [ 102.487946262565998, -0.395934015198197 ], [ 102.487856560550469, -0.395934053234209 ], [ 102.487856598336592, -0.396024357615429 ], [ 102.487766896311498, -0.396024395659143 ], [ 102.487766934105267, -0.396114700049015 ], [ 102.487677232070581, -0.39611473810043 ], [ 102.487677307682048, -0.396295346897454 ], [ 102.487946413766082, -0.396295232688236 ], [ 102.487946451587618, -0.396385537060687 ], [ 102.488036153599367, -0.396385498980323 ], [ 102.488036229270278, -0.396566107707804 ], [ 102.487946527256597, -0.396566145805519 ], [ 102.487946602960079, -0.396746754550258 ], [ 102.488036304975665, -0.396746716435191 ], [ 102.488036380715528, -0.396927325162485 ], [ 102.488215784724758, -0.396927248894722 ], [ 102.488215822609561, -0.397017553240981 ], [ 102.488395226586263, -0.397017476951962 ], [ 102.488395302385598, -0.397198085609705 ], [ 102.488574706331704, -0.397198009282074 ], [ 102.488574782169394, -0.397378617905015 ], [ 102.488754186084918, -0.397378541538768 ], [ 102.488754224018606, -0.397468845832849 ], [ 102.488933627901574, -0.397468769445339 ], [ 102.488933665845863, -0.39755907372204 ], [ 102.489023367775374, -0.397559035518142 ], [ 102.489023405729242, -0.397649339786142 ], [ 102.489471915252395, -0.397649148708592 ], [ 102.489471991195714, -0.397829757157734 ], [ 102.489292587408443, -0.397829833626403 ], [ 102.489292777407897, -0.398281354835637 ], [ 102.489113373576387, -0.398281431387182 ], [ 102.489113449632626, -0.398462039905426 ], [ 102.488754641858421, -0.398462193066189 ], [ 102.488754717941347, -0.398642801653764 ], [ 102.488037101963613, -0.398643108067098 ], [ 102.488036987875489, -0.398372194977459 ], [ 102.487947285842409, -0.398372233248688 ], [ 102.487947247831244, -0.398281928876753 ], [ 102.487678141683205, -0.398282043658539 ], [ 102.487678065692563, -0.398101434862546 ], [ 102.486960448934198, -0.398101740765442 ], [ 102.486960524909279, -0.39828234970022 ], [ 102.486601716315533, -0.39828250269756 ], [ 102.486601754312105, -0.398372807199605 ], [ 102.486512052141165, -0.398372845455165 ], [ 102.486512090145368, -0.398463149965858 ], [ 102.486422387964836, -0.39846318822911 ], [ 102.486422540063941, -0.398824406306336 ], [ 102.486243135669241, -0.398824482899274 ], [ 102.486243402160682, -0.399456614654917 ], [ 102.486063997717878, -0.39945669136533 ], [ 102.486063959623777, -0.399366386811538 ], [ 102.485974257390438, -0.3993664251566 ], [ 102.48597421930593, -0.399276120594114 ], [ 102.485884517064946, -0.399276158929524 ], [ 102.48588447899003, -0.399185854358343 ], [ 102.485705074484159, -0.399185931008878 ], [ 102.485705036419802, -0.399095626420333 ], [ 102.485615334154943, -0.399095664735458 ], [ 102.485615296100164, -0.39900536013822 ], [ 102.485525593827646, -0.399005398443694 ], [ 102.485525555782473, -0.398915093837763 ], [ 102.485346151213562, -0.39891517042843 ], [ 102.485346227308639, -0.399095779674947 ], [ 102.485256525009319, -0.399095817986148 ], [ 102.485256563068802, -0.39918612261804 ], [ 102.48516686075989, -0.399186160936928 ], [ 102.485166936902758, -0.39936677021798 ], [ 102.484897829918509, -0.399366885220767 ], [ 102.484897906089955, -0.399547494553735 ], [ 102.484808203742702, -0.399547532903369 ], [ 102.484808241840355, -0.399637837578486 ], [ 102.48462883711808, -0.399637914292144 ], [ 102.48462895145687, -0.399908828369357 ], [ 102.484539249079887, -0.399908866750714 ], [ 102.48453928720906, -0.399999171451739 ], [ 102.484090775190083, -0.399999363387109 ], [ 102.484090813322979, -0.400089668131444 ], [ 102.483911408453167, -0.40008974491604 ], [ 102.483911446592728, -0.400180049677682 ], [ 102.483821744143938, -0.40018008807717 ], [ 102.48382178229113, -0.400270392847455 ], [ 102.483552674890177, -0.400270508066011 ], [ 102.483552598610274, -0.400089898473429 ], [ 102.483373193637192, -0.400089975246222 ], [ 102.483373041188486, -0.399728755991457 ], [ 102.483283338692914, -0.399728794341722 ], [ 102.483283300603247, -0.399638489519308 ], [ 102.483193598100058, -0.399638527859925 ], [ 102.483193521948465, -0.399457918197698 ], [ 102.483014116920188, -0.399457994841332 ], [ 102.483013660756967, -0.398374336658066 ], [ 102.482834255717634, -0.398374413089855 ], [ 102.482834103946402, -0.398013193625375 ], [ 102.482654698880424, -0.398013269983944 ], [ 102.482654623050337, -0.397832660216913 ], [ 102.482475217953834, -0.397832736536919 ], [ 102.482475142162045, -0.397652126735145 ], [ 102.482295737035003, -0.397652203016591 ], [ 102.482295661281512, -0.397471593180075 ], [ 102.481936850931959, -0.397471745661948 ], [ 102.481936775220646, -0.397291135756049 ], [ 102.4808603433694, -0.39729159290003 ], [ 102.480860267715784, -0.397110982786212 ], [ 102.48050145683122, -0.397111135067022 ], [ 102.480501381219767, -0.39693052488385 ], [ 102.480142570205359, -0.396930677079785 ], [ 102.480142494636056, -0.396750066827265 ], [ 102.479783683491817, -0.39675021893834 ], [ 102.479783607964663, -0.39656960861648 ], [ 102.479424796690608, -0.396569760642709 ], [ 102.479424721205575, -0.396389150251515 ], [ 102.478886504048205, -0.396389378157763 ], [ 102.4788865795216, -0.396569988652803 ], [ 102.478707173729831, -0.396570064648368 ], [ 102.478707249233736, -0.396750675177926 ], [ 102.47834843753931, -0.396750827226575 ], [ 102.478348513069847, -0.396931437825258 ], [ 102.477989701230143, -0.396931589927511 ], [ 102.477989550218965, -0.396570368591629 ], [ 102.476733707751563, -0.396570900342188 ], [ 102.476733594624065, -0.396299983976756 ], [ 102.476554188425652, -0.396300059873636 ], [ 102.476554150735595, -0.39620975440115 ], [ 102.476374744504753, -0.396209830276839 ], [ 102.476374970762265, -0.396751663215171 ], [ 102.476554377004746, -0.396751587235716 ], [ 102.476554528022646, -0.397112809124959 ], [ 102.47673393423851, -0.397112733072421 ], [ 102.476734161034713, -0.397654565801812 ], [ 102.476554754807211, -0.397654641958121 ], [ 102.476554830470775, -0.397835252902321 ], [ 102.476016611570444, -0.397835481451546 ], [ 102.476016687256717, -0.398016092499413 ], [ 102.475657874476937, -0.398016244915165 ], [ 102.475657950189785, -0.398196856032104 ], [ 102.475478543744487, -0.398196932268689 ], [ 102.475478619487788, -0.398377543420113 ], [ 102.47565802593698, -0.398377467148949 ], [ 102.475658101718551, -0.398558078265699 ], [ 102.475119882256223, -0.398558307171175 ], [ 102.475119958060446, -0.398738918391566 ], [ 102.47494055150041, -0.398738994720127 ], [ 102.474940703204112, -0.399100217229776 ], [ 102.475120109771936, -0.399100140832066 ], [ 102.475120185679202, -0.399280752052175 ], [ 102.47494077910747, -0.39928082848446 ], [ 102.474940931017244, -0.399642050993544 ], [ 102.474851227714595, -0.399642089242787 ], [ 102.474851189725243, -0.399551783606908 ], [ 102.474761486414991, -0.399551821846525 ], [ 102.474761372501405, -0.399280904912817 ], [ 102.474402559186245, -0.399281057757753 ], [ 102.474402635112241, -0.399461669116056 ], [ 102.474223228399254, -0.399461745567201 ], [ 102.474223304355689, -0.399642356959977 ], [ 102.473595380576157, -0.399642624629021 ], [ 102.473589560136645, -0.385554926277213 ], [ 102.473679263409906, -0.385554889389595 ], [ 102.473679336711058, -0.385735500893187 ], [ 102.474038149725772, -0.385735353264109 ], [ 102.474038076417088, -0.385554741829642 ], [ 102.474217482869193, -0.385554668043979 ], [ 102.474217409591077, -0.385374056643987 ], [ 102.474307112802364, -0.385374019767017 ], [ 102.474307186082356, -0.385554631149725 ], [ 102.474396889286936, -0.385554594254523 ], [ 102.474396925940752, -0.385644899937201 ], [ 102.474486629137687, -0.38564486303241 ], [ 102.474486665801038, -0.385735168706423 ], [ 102.474576368990355, -0.385735131792041 ], [ 102.474576295670346, -0.385554520461277 ], [ 102.474755702019422, -0.385554446664238 ], [ 102.474755628730009, -0.385373835367954 ], [ 102.474935035040986, -0.385373761601696 ], [ 102.474934998407278, -0.385283455970806 ], [ 102.475024701548932, -0.3852834190949 ], [ 102.47502459169651, -0.385012502228025 ], [ 102.474934888557669, -0.385012539078001 ], [ 102.474934851958309, -0.38492223344702 ], [ 102.474845148811823, -0.384922270287406 ], [ 102.474845185410246, -0.38501257592703 ], [ 102.474755482254238, -0.385012612775113 ], [ 102.474755372487536, -0.384741695830244 ], [ 102.474845075640744, -0.384741659008091 ], [ 102.474845002503997, -0.384561047728684 ], [ 102.474306783467327, -0.384561268543707 ], [ 102.47430682002576, -0.384651574235277 ], [ 102.474217116822004, -0.384651611043113 ], [ 102.474217189962772, -0.384832222443468 ], [ 102.474306893168404, -0.384832185618348 ], [ 102.474306929752615, -0.38492249130985 ], [ 102.474396632950601, -0.384922454475142 ], [ 102.47439674275752, -0.385193371523584 ], [ 102.474307039556706, -0.385193408384218 ], [ 102.474307076175236, -0.385283714075629 ], [ 102.474217372964887, -0.385283750943957 ], [ 102.474217336347309, -0.385193445243905 ], [ 102.474037929902735, -0.385193518960437 ], [ 102.474037856697066, -0.385012907525699 ], [ 102.473768746971487, -0.38501301804155 ], [ 102.473768783567209, -0.385103323784853 ], [ 102.473679080307249, -0.385103360630217 ], [ 102.473679153522554, -0.385283972134036 ], [ 102.473589450252121, -0.385284008995734 ], [ 102.473583384832907, -0.370022335146772 ], [ 102.473673087947461, -0.370022299745261 ], [ 102.473672947353251, -0.369661076722497 ], [ 102.473852353549404, -0.369661005985869 ], [ 102.473852142904775, -0.369119171554756 ], [ 102.47367273671945, -0.369119242187698 ], [ 102.473672666576846, -0.368938630675925 ], [ 102.473582963473106, -0.368938665973754 ], [ 102.473579979895604, -0.361172370142748 ], [ 102.473849088951056, -0.36117226647575 ], [ 102.473849157620933, -0.361352877956662 ], [ 102.474028563618518, -0.361352808806326 ], [ 102.474028632326238, -0.36153342025259 ], [ 102.474208038293014, -0.361533351064135 ], [ 102.474208107038621, -0.361713962475748 ], [ 102.474566918876207, -0.361713824019037 ], [ 102.474566781405215, -0.361352601333998 ], [ 102.474387375510645, -0.361352670494995 ], [ 102.474386895468555, -0.360088390852697 ], [ 102.474566301338456, -0.360088321933683 ], [ 102.474566232894858, -0.359907710590441 ], [ 102.474745638726901, -0.359907641702456 ], [ 102.474745570314127, -0.3597270303937 ], [ 102.474924976108312, -0.359726961536749 ], [ 102.474924941913045, -0.359636655899626 ], [ 102.474655833211528, -0.359636759157797 ], [ 102.474655901605388, -0.359817370483881 ], [ 102.474476495757926, -0.35981743935281 ], [ 102.474476564182595, -0.35999805071338 ], [ 102.474297158297276, -0.359998119613339 ], [ 102.474297295242621, -0.360359342403359 ], [ 102.47411788931592, -0.36035941136891 ], [ 102.474117957836583, -0.360540022798359 ], [ 102.473938551872038, -0.360540091794931 ], [ 102.473938620423496, -0.360720703258859 ], [ 102.473759214421094, -0.360720772286448 ], [ 102.473759351619975, -0.361081995283175 ], [ 102.473579945576205, -0.361082064376339 ], [ 102.473578037386986, -0.356024941423633 ] ], [ [ 102.501923988822526, -0.356646255361023 ], [ 102.501924159779634, -0.357097770491402 ], [ 102.501834459506554, -0.357097804933916 ], [ 102.501834493723081, -0.357188107968639 ], [ 102.501744793440452, -0.357188142418985 ], [ 102.501744861897691, -0.357368748505786 ], [ 102.50192426245772, -0.357368679569376 ], [ 102.501924228223046, -0.357278376543406 ], [ 102.502103628746724, -0.357278307620903 ], [ 102.50210366298316, -0.357368610629453 ], [ 102.502193363232891, -0.357368576158173 ], [ 102.502193465996712, -0.357639485157563 ], [ 102.502103765744366, -0.357639519654975 ], [ 102.502103800015391, -0.35772982266344 ], [ 102.502193500268618, -0.357729788157317 ], [ 102.502193534549193, -0.35782009115705 ], [ 102.502372935031431, -0.357820022124745 ], [ 102.502372900749123, -0.357729719142434 ], [ 102.502462600976386, -0.357729684633673 ], [ 102.502462463930186, -0.357368472739063 ], [ 102.5025521641453, -0.357368438264269 ], [ 102.502552129904515, -0.357278135299276 ], [ 102.502462429690269, -0.357278169765358 ], [ 102.502462395459006, -0.357187866791631 ], [ 102.502282995006283, -0.357187935703738 ], [ 102.502282926573201, -0.357007329721377 ], [ 102.502193226335606, -0.357007364158691 ], [ 102.502193192132907, -0.356917061158768 ], [ 102.502282892369635, -0.356917026730164 ], [ 102.502282755641929, -0.356555814765104 ], [ 102.502103355166795, -0.356555883551747 ], [ 102.50210338933401, -0.356646186560465 ], [ 102.501923988822526, -0.356646255361023 ] ], [ [ 102.515021756640763, -0.360885406028635 ], [ 102.514842358543433, -0.360885475903464 ], [ 102.514842462692556, -0.361156381209067 ], [ 102.515021860795144, -0.361156311281784 ], [ 102.515021756640763, -0.360885406028635 ] ], [ [ 102.518254077969914, -0.369011276846272 ], [ 102.518343776772952, -0.369011241088029 ], [ 102.51834374125724, -0.368920939662507 ], [ 102.518433440050671, -0.368920903912108 ], [ 102.518433333552991, -0.368649999661663 ], [ 102.518343634762246, -0.368650035385809 ], [ 102.518343599281309, -0.368559733960199 ], [ 102.518253900482776, -0.368559769674689 ], [ 102.518254077969914, -0.369011276846272 ] ], [ [ 102.512872311322411, -0.369464930475113 ], [ 102.513231108585146, -0.369464787479644 ], [ 102.5132311796267, -0.369645391327276 ], [ 102.513410578209601, -0.369645319789139 ], [ 102.513410436153976, -0.369284112163694 ], [ 102.512872240322764, -0.369284326557492 ], [ 102.512872311322411, -0.369464930475113 ] ], [ [ 102.509281243059675, -0.361519756433677 ], [ 102.509281173658195, -0.361339151813629 ], [ 102.509101774441376, -0.361339221662189 ], [ 102.509101843839318, -0.36151982631715 ], [ 102.509281243059675, -0.361519756433677 ] ], [ [ 102.511358193298733, -0.395924054519915 ], [ 102.511447893048754, -0.395924016228895 ], [ 102.511447816993922, -0.395743412044992 ], [ 102.511358117245848, -0.395743450318544 ], [ 102.511358193298733, -0.395924054519915 ] ], [ [ 102.522382833021723, -0.375601606269289 ], [ 102.522382869221985, -0.37569190729917 ], [ 102.522293170743055, -0.375691943746522 ], [ 102.522293206951105, -0.375782244785142 ], [ 102.522472603902074, -0.375782171871993 ], [ 102.522472531491019, -0.375601569829775 ], [ 102.522382833021723, -0.375601606269289 ] ], [ [ 102.521934557849235, -0.376143594894772 ], [ 102.521934594097118, -0.376233895968321 ], [ 102.522024292616365, -0.376233859472105 ], [ 102.52202432887384, -0.376324160536871 ], [ 102.5221140273853, -0.37632412403097 ], [ 102.522113954877156, -0.376143521918934 ], [ 102.521934557849235, -0.376143594894772 ] ], [ [ 102.521665136427501, -0.375330994452152 ], [ 102.521665244954065, -0.375601897752167 ], [ 102.521485847850116, -0.375601970613653 ], [ 102.521485884041212, -0.375692271731131 ], [ 102.521396185475282, -0.375692308169248 ], [ 102.521396221674138, -0.375782609295463 ], [ 102.521306523098588, -0.375782645741414 ], [ 102.521306559305231, -0.375872946876365 ], [ 102.521396257881705, -0.375872910421655 ], [ 102.521396294097968, -0.375963211547824 ], [ 102.521844786854402, -0.375963029216621 ], [ 102.521844678217931, -0.375692125969429 ], [ 102.521934376740361, -0.375692089526694 ], [ 102.521934340544703, -0.375601788453012 ], [ 102.521844642023183, -0.375601824886987 ], [ 102.521844605837131, -0.375511523804523 ], [ 102.521754907307837, -0.375511560228815 ], [ 102.521754834963673, -0.375330958046301 ], [ 102.521665136427501, -0.375330994452152 ] ], [ [ 102.520677982709529, -0.374157479300882 ], [ 102.520678054805529, -0.374338081694163 ], [ 102.521036849240517, -0.374337936491127 ], [ 102.521036885305236, -0.374428237652706 ], [ 102.521126583893135, -0.374428201340889 ], [ 102.521126656050498, -0.374608803646465 ], [ 102.521216354631505, -0.374608767316213 ], [ 102.521216390724149, -0.37469906846021 ], [ 102.521306089297397, -0.374699032120278 ], [ 102.521306125399647, -0.374789333255495 ], [ 102.52166491960935, -0.374789187851523 ], [ 102.521664883503433, -0.374698886751341 ], [ 102.521754582033182, -0.374698850406804 ], [ 102.52175450984565, -0.374518248223891 ], [ 102.52166481131772, -0.37451828455091 ], [ 102.521664775237909, -0.374427983450661 ], [ 102.521395679604666, -0.374428092399917 ], [ 102.521395643536309, -0.374337791273369 ], [ 102.521216246405814, -0.374337863884089 ], [ 102.521216210347973, -0.374247562740003 ], [ 102.520947114589731, -0.374247671622908 ], [ 102.520947078543344, -0.374157370452528 ], [ 102.520677982709529, -0.374157479300882 ] ], [ [ 102.521216210347973, -0.374247562740003 ], [ 102.521305908916673, -0.374247526443862 ], [ 102.521305836825277, -0.37406692417314 ], [ 102.521126439682845, -0.374066996729471 ], [ 102.521126475722383, -0.374157297882359 ], [ 102.521216174298843, -0.374157261595895 ], [ 102.521216210347973, -0.374247562740003 ] ], [ [ 102.521306269895646, -0.37515053779614 ], [ 102.521306306041396, -0.375240838931246 ], [ 102.521485703172814, -0.375240766143519 ], [ 102.521485667025217, -0.37515046502593 ], [ 102.521306269895646, -0.37515053779614 ] ], [ [ 102.520768295270145, -0.37569256321021 ], [ 102.520768331462577, -0.375782864397727 ], [ 102.520947728709388, -0.375782791515984 ], [ 102.520947692515108, -0.375692490345981 ], [ 102.520768295270145, -0.37569256321021 ] ], [ [ 102.520051031921383, -0.376505565947469 ], [ 102.52005110445684, -0.376686168462175 ], [ 102.520230501861192, -0.376686095420107 ], [ 102.520230465587275, -0.376595794180275 ], [ 102.520140766890393, -0.376595830693017 ], [ 102.520140730626068, -0.376505529444407 ], [ 102.520051031921383, -0.376505565947469 ] ], [ [ 102.519782153449327, -0.377047483152537 ], [ 102.51978218976214, -0.377137784436032 ], [ 102.519871888499338, -0.377137747874466 ], [ 102.519871852185631, -0.377047446599725 ], [ 102.519782153449327, -0.377047483152537 ] ], [ [ 102.51969227327541, -0.376596013242841 ], [ 102.519692309543814, -0.376686314535202 ], [ 102.519782008285105, -0.376686278018334 ], [ 102.519781972015792, -0.376595976734728 ], [ 102.51969227327541, -0.376596013242841 ] ], [ [ 102.519433593652181, -0.401699888461732 ], [ 102.519433748436313, -0.402061093710477 ], [ 102.519613146496724, -0.402061015761773 ], [ 102.519613069083334, -0.401880413172463 ], [ 102.519523370059446, -0.401880452129801 ], [ 102.519523292682806, -0.401699849522888 ], [ 102.519433593652181, -0.401699888461732 ] ], [ [ 102.519331389750803, -0.371358682240314 ], [ 102.519331461280302, -0.37153928489761 ], [ 102.519421160004313, -0.371539248883388 ], [ 102.51942108847301, -0.371358646243599 ], [ 102.519331389750803, -0.371358682240314 ] ], [ [ 102.518882717360455, -0.370907355347757 ], [ 102.518882753072845, -0.370997656720289 ], [ 102.518972451834898, -0.370997620763147 ], [ 102.518972666297259, -0.371539428945364 ], [ 102.519062365056058, -0.371539392934796 ], [ 102.519062329289682, -0.3714490915799 ], [ 102.519152028038889, -0.371449055577171 ], [ 102.519151849332928, -0.370997548846127 ], [ 102.519062150588269, -0.370997584805093 ], [ 102.519062114874075, -0.370907283450066 ], [ 102.518882717360455, -0.370907355347757 ] ], [ [ 102.518793340306942, -0.371720103726001 ], [ 102.518793376096681, -0.371810405107087 ], [ 102.518883074875589, -0.371810369072089 ], [ 102.518883110674921, -0.371900670444401 ], [ 102.518972809446041, -0.371900634399737 ], [ 102.5189728810726, -0.372081237126791 ], [ 102.51906257983687, -0.372081201063707 ], [ 102.519062544018325, -0.371990899708944 ], [ 102.519152242772961, -0.371990863653698 ], [ 102.519152135366795, -0.371719959615533 ], [ 102.518793340306942, -0.371720103726001 ] ], [ [ 102.518524817556056, -0.373165034314074 ], [ 102.518524961312622, -0.373526239941896 ], [ 102.518704358948483, -0.373526167543913 ], [ 102.518704287049175, -0.373345564765052 ], [ 102.518614588237412, -0.373345600946999 ], [ 102.518614552301699, -0.373255299548784 ], [ 102.518704251112553, -0.373255263375588 ], [ 102.518704215184641, -0.373164961986103 ], [ 102.518524817556056, -0.373165034314074 ] ], [ [ 102.518434795793226, -0.372352357734033 ], [ 102.518434867495827, -0.372532960565887 ], [ 102.518703963932609, -0.372532852259085 ], [ 102.518703928074245, -0.372442550869423 ], [ 102.518524530460226, -0.37244262305737 ], [ 102.518524494612365, -0.372352321650183 ], [ 102.518434795793226, -0.372352357734033 ] ], [ [ 102.517537628064858, -0.371901211004668 ], [ 102.517537878808184, -0.372533321529039 ], [ 102.51762757771607, -0.372533285436845 ], [ 102.517627613572216, -0.372623586931489 ], [ 102.517717312472314, -0.37262355082963 ], [ 102.517717384212503, -0.372804153801355 ], [ 102.51789678199026, -0.37280408155989 ], [ 102.517896817875211, -0.372894383028221 ], [ 102.517986516751975, -0.372894346897364 ], [ 102.517986480866085, -0.372804045437784 ], [ 102.518076179733242, -0.37280400931476 ], [ 102.518076143855168, -0.372713707863908 ], [ 102.518165842712719, -0.372713671748719 ], [ 102.518165878591702, -0.372803973190821 ], [ 102.518255577441465, -0.372803937065965 ], [ 102.518255469827835, -0.372533032765843 ], [ 102.518076072125083, -0.372533104962137 ], [ 102.518075964595141, -0.372262200609315 ], [ 102.517896566863072, -0.372262272749446 ], [ 102.517896495223539, -0.372081669812455 ], [ 102.517806796346278, -0.372081705863648 ], [ 102.517806760540466, -0.37199140438637 ], [ 102.517627362761687, -0.371991476468515 ], [ 102.517627326966377, -0.371901174973716 ], [ 102.517537628064858, -0.371901211004668 ] ], [ [ 102.51771788736724, -0.374068374600955 ], [ 102.517717923372047, -0.374158676086475 ], [ 102.517628224456459, -0.37415871233707 ], [ 102.517628332520275, -0.374429616819745 ], [ 102.517538633593261, -0.374429653095667 ], [ 102.517538777796389, -0.374790859107252 ], [ 102.517718175649065, -0.374790786484496 ], [ 102.517718103526462, -0.374610183513743 ], [ 102.518076899120217, -0.374610038327172 ], [ 102.518076827025055, -0.374429435426329 ], [ 102.517987128141485, -0.374429471706853 ], [ 102.51798705608293, -0.374248868788422 ], [ 102.517897357192481, -0.374248905050525 ], [ 102.517897321177159, -0.374158603582526 ], [ 102.517987020066684, -0.374158567329172 ], [ 102.517986984059135, -0.374068265869901 ], [ 102.51771788736724, -0.374068374600955 ] ], [ [ 102.516462534248575, -0.375152501197515 ], [ 102.516462606449821, -0.375333104412937 ], [ 102.516103810201116, -0.375333249813071 ], [ 102.516103882429775, -0.37551385309837 ], [ 102.516014183344055, -0.375513889463587 ], [ 102.516014400233033, -0.376055699371422 ], [ 102.516552594650122, -0.376055480851427 ], [ 102.516552739438566, -0.376416687246308 ], [ 102.516732137515433, -0.376416614328942 ], [ 102.516732209965483, -0.376597217491262 ], [ 102.516911608011256, -0.376597144535207 ], [ 102.516911680499717, -0.37677774766245 ], [ 102.51709107851444, -0.376777674667701 ], [ 102.517091151041342, -0.376958277759866 ], [ 102.517449946973855, -0.376958131689269 ], [ 102.517450237458533, -0.377680543777093 ], [ 102.517270839494913, -0.377680616954218 ], [ 102.517270912199308, -0.377861220010945 ], [ 102.517540009137221, -0.377861110191373 ], [ 102.517539936427298, -0.377680507187138 ], [ 102.517719334338793, -0.377680434004442 ], [ 102.517719261659934, -0.377499831035114 ], [ 102.51789865953296, -0.377499757883702 ], [ 102.517898296641789, -0.376596743210712 ], [ 102.517718898787194, -0.376596816187133 ], [ 102.517718609114752, -0.375874404307145 ], [ 102.517539211240091, -0.375874477139879 ], [ 102.51753906661979, -0.375513271129358 ], [ 102.517359668717702, -0.375513343888408 ], [ 102.517359596463365, -0.37533274084802 ], [ 102.51718019853017, -0.375332813568384 ], [ 102.517180126314273, -0.375152210492915 ], [ 102.516462534248575, -0.375152501197515 ] ], [ [ 102.517728385081313, -0.399533392621053 ], [ 102.517728423537079, -0.399623694100121 ], [ 102.517818122710381, -0.399623655381275 ], [ 102.517818161175811, -0.39971395685157 ], [ 102.517907860341396, -0.399713918122992 ], [ 102.517907783417272, -0.399533315199878 ], [ 102.517728385081313, -0.399533392621053 ] ], [ [ 102.51708945584852, -0.372714105070523 ], [ 102.517089527593356, -0.372894708164682 ], [ 102.517179226548308, -0.372894672042075 ], [ 102.517179262434681, -0.372984973580374 ], [ 102.517358660320355, -0.372984901314914 ], [ 102.517358732122787, -0.373165504356453 ], [ 102.517627828891605, -0.373165395898894 ], [ 102.517627900734269, -0.373345998887852 ], [ 102.517807298540333, -0.373345926543229 ], [ 102.517807190783927, -0.373075022112254 ], [ 102.517538094069977, -0.373075130549069 ], [ 102.517537950527355, -0.372713924535804 ], [ 102.51708945584852, -0.372714105070523 ] ], [ [ 102.517627900734269, -0.373345998887852 ], [ 102.517358803959979, -0.373346107397903 ], [ 102.51735891178096, -0.373617011959913 ], [ 102.517448610717139, -0.373616975764568 ], [ 102.517448574767215, -0.373526674252669 ], [ 102.517538273693802, -0.373526638065154 ], [ 102.51753823775168, -0.373436336561982 ], [ 102.517627936668632, -0.373436300382298 ], [ 102.517627900734269, -0.373345998887852 ] ], [ [ 102.517537413480952, -0.371359401982921 ], [ 102.517537520733796, -0.371630306493894 ], [ 102.517716918522694, -0.37163023448357 ], [ 102.517716847008472, -0.371449631511273 ], [ 102.517627148120184, -0.371449667499393 ], [ 102.517627112377028, -0.371359366004463 ], [ 102.517537413480952, -0.371359401982921 ] ], [ [ 102.517266788161393, -0.36747654410534 ], [ 102.517266823527265, -0.367566845636205 ], [ 102.517177124634301, -0.367566881243594 ], [ 102.517177160007947, -0.367657182783185 ], [ 102.517446256663391, -0.367657075932061 ], [ 102.517446292048447, -0.367747377445386 ], [ 102.517625689777077, -0.367747306189287 ], [ 102.517625654390272, -0.36765700469346 ], [ 102.517535955531173, -0.367657040313213 ], [ 102.517535920153932, -0.367566738808615 ], [ 102.51735652241149, -0.367566810027912 ], [ 102.517356487044736, -0.367476508505796 ], [ 102.517266788161393, -0.36747654410534 ] ], [ [ 102.517176348612452, -0.365580247367106 ], [ 102.517176418986097, -0.36576085044722 ], [ 102.517535214434105, -0.36576070871211 ], [ 102.517535249637533, -0.365851010217141 ], [ 102.517445550787684, -0.365851045661016 ], [ 102.517445621218812, -0.366031648688511 ], [ 102.517355922358476, -0.366031684148983 ], [ 102.51735595758619, -0.366121985671446 ], [ 102.517266258716262, -0.366122021139767 ], [ 102.517266293951792, -0.366212322670957 ], [ 102.517176595072272, -0.366212358147126 ], [ 102.517176700828273, -0.36648326276681 ], [ 102.517445797448758, -0.366483156256868 ], [ 102.517445762185389, -0.36639285474324 ], [ 102.517535461040609, -0.366392819246873 ], [ 102.517535320070479, -0.366031613227138 ], [ 102.517625018913421, -0.366031577764866 ], [ 102.517624878078749, -0.365670371779781 ], [ 102.51753517923936, -0.365670407207057 ], [ 102.517535144053326, -0.365580105701983 ], [ 102.517176348612452, -0.365580247367106 ] ], [ [ 102.517357053955706, -0.368921332857044 ], [ 102.517357089461512, -0.369011634378812 ], [ 102.517267390562878, -0.369011670127077 ], [ 102.517267426076472, -0.369101971657571 ], [ 102.517446823866862, -0.369101900142637 ], [ 102.517446752844762, -0.368921297116621 ], [ 102.517357053955706, -0.368921332857044 ] ], [ [ 102.517093048941177, -0.381653958124709 ], [ 102.517093122406578, -0.381834561214451 ], [ 102.517272520490266, -0.381834487236228 ], [ 102.517272447021142, -0.381653884181479 ], [ 102.517093048941177, -0.381653958124709 ] ], [ [ 102.516907076171918, -0.365128845774635 ], [ 102.516907111308257, -0.365219147341054 ], [ 102.516817412403825, -0.365219182717404 ], [ 102.516817447547979, -0.365309484292548 ], [ 102.516907146453306, -0.365309448907451 ], [ 102.516907181607039, -0.365399750473827 ], [ 102.516996880504564, -0.365399715079084 ], [ 102.516996775066772, -0.365128810406135 ], [ 102.516907076171918, -0.365128845774635 ] ], [ [ 102.516284513841697, -0.378584035606929 ], [ 102.516284586699541, -0.37876463885564 ], [ 102.516194887598061, -0.378764675537546 ], [ 102.516194960488789, -0.378945278803659 ], [ 102.516015562256015, -0.378945352199657 ], [ 102.516015598712585, -0.379035653850171 ], [ 102.515925899582228, -0.379035690555518 ], [ 102.515926009001248, -0.379306595533159 ], [ 102.515567212381896, -0.379306742450162 ], [ 102.515567248868564, -0.379397044144308 ], [ 102.515477549691113, -0.379397080879972 ], [ 102.515477622688636, -0.379577684285685 ], [ 102.515387923500626, -0.379577721037903 ], [ 102.515388179259162, -0.380209833018397 ], [ 102.515746975985081, -0.380209685759095 ], [ 102.515747122338752, -0.380570892464693 ], [ 102.516464715403359, -0.380570597621379 ], [ 102.516464642194279, -0.380389994408549 ], [ 102.516644040369854, -0.380389920723352 ], [ 102.51664382093999, -0.379848111189279 ], [ 102.517002617164565, -0.379847964017592 ], [ 102.517002471036946, -0.379486757801047 ], [ 102.516912771997539, -0.37948679456038 ], [ 102.51691269898771, -0.379306191434478 ], [ 102.516822999941482, -0.379306228175384 ], [ 102.516822963450537, -0.379215926603652 ], [ 102.516912662495841, -0.379215889871494 ], [ 102.516912626012669, -0.379125588308487 ], [ 102.516643528853422, -0.379125698475924 ], [ 102.516643383018675, -0.378764492118709 ], [ 102.516553683951926, -0.378764528804338 ], [ 102.516553647515892, -0.378674227206232 ], [ 102.51646394844137, -0.378674263882184 ], [ 102.516463912014942, -0.378583962275309 ], [ 102.516284513841697, -0.378584035606929 ] ], [ [ 102.516475229611174, -0.405674443309659 ], [ 102.516475268644086, -0.405764744909576 ], [ 102.516564968005909, -0.405764705609733 ], [ 102.516565085159755, -0.406035610383102 ], [ 102.51665478451585, -0.406035571056021 ], [ 102.516654628324162, -0.405674364726468 ], [ 102.516475229611174, -0.405674443309659 ] ], [ [ 102.516385296232613, -0.405132672947274 ], [ 102.516385374200894, -0.405313276164865 ], [ 102.51647507356644, -0.405313236909749 ], [ 102.516474995596198, -0.405132633709651 ], [ 102.516385296232613, -0.405132672947274 ] ], [ [ 102.51582967389065, -0.362510521647539 ], [ 102.515829813437762, -0.362871728335385 ], [ 102.516009211382851, -0.362871658056268 ], [ 102.516009176481276, -0.362781356401828 ], [ 102.516278273331125, -0.362781251002699 ], [ 102.516278238435575, -0.362690949374474 ], [ 102.516188539495204, -0.362690984499663 ], [ 102.516188469731944, -0.362510381225658 ], [ 102.51582967389065, -0.362510521647539 ] ], [ [ 102.516025488369024, -0.402784987140887 ], [ 102.516025565877626, -0.402965590429685 ], [ 102.516294663975529, -0.40296547335545 ], [ 102.516294586461015, -0.402784870119125 ], [ 102.516025488369024, -0.402784987140887 ] ], [ [ 102.516012316739634, -0.370818203562323 ], [ 102.51601242378986, -0.371089108519785 ], [ 102.516191821863302, -0.371089036645463 ], [ 102.516191714807661, -0.370818131740474 ], [ 102.516012316739634, -0.370818203562323 ] ], [ [ 102.515919756962674, -0.363503804837963 ], [ 102.515919791932873, -0.363594106500976 ], [ 102.516009490908161, -0.363594071291013 ], [ 102.51600952588791, -0.363684372945259 ], [ 102.516099224855424, -0.363684337725656 ], [ 102.516099154902832, -0.363503734434632 ], [ 102.515919756962674, -0.363503804837963 ] ], [ [ 102.515471892672565, -0.365129411548573 ], [ 102.515471962925432, -0.365310014961244 ], [ 102.515741060006306, -0.365309908843669 ], [ 102.515741095148442, -0.36540021052374 ], [ 102.516010192153814, -0.365400104371848 ], [ 102.516010157009006, -0.365309802718011 ], [ 102.516099855992536, -0.365309767340996 ], [ 102.516099820855516, -0.365219465695883 ], [ 102.516010121872881, -0.365219501064153 ], [ 102.516010086745453, -0.365129199410273 ], [ 102.515471892672565, -0.365129411548573 ] ], [ [ 102.515559673319004, -0.360162782793197 ], [ 102.515559777280828, -0.36043368788948 ], [ 102.516008272089522, -0.360433513378881 ], [ 102.516008237422511, -0.360343211723864 ], [ 102.515739140565984, -0.360343316406647 ], [ 102.515739105910271, -0.360253014725374 ], [ 102.515649406941606, -0.36025304960912 ], [ 102.515649372295485, -0.360162747919082 ], [ 102.515559673319004, -0.360162782793197 ] ], [ [ 102.515290299509232, -0.359440473609364 ], [ 102.51529040325471, -0.359711378784849 ], [ 102.515469801242276, -0.359711309128479 ], [ 102.515469835843206, -0.359801610836112 ], [ 102.51573893276209, -0.359801506318693 ], [ 102.515738898158517, -0.359711204637293 ], [ 102.515649199195124, -0.359711239468572 ], [ 102.515649164601101, -0.359620937778407 ], [ 102.51538006766144, -0.359621042240709 ], [ 102.515380033078742, -0.359530740524291 ], [ 102.51546973206645, -0.359530705713151 ], [ 102.515469697491554, -0.359440404005455 ], [ 102.515290299509232, -0.359440473609364 ] ], [ [ 102.51573893276209, -0.359801506318693 ], [ 102.515738967374361, -0.359891808000072 ], [ 102.515828666330819, -0.359891773150419 ], [ 102.515828700952653, -0.359982074823032 ], [ 102.515918399901309, -0.35998203996375 ], [ 102.515918365278608, -0.359891738299881 ], [ 102.516008064217687, -0.359891703448459 ], [ 102.516008029602787, -0.359801401793314 ], [ 102.515918330664576, -0.359801436635991 ], [ 102.51591829605924, -0.35971113497208 ], [ 102.515828597113213, -0.359711169805128 ], [ 102.515828631717682, -0.359801471477784 ], [ 102.51573893276209, -0.359801506318693 ] ], [ [ 102.515829499652241, -0.362059013287249 ], [ 102.515829534482563, -0.36214931495935 ], [ 102.515919233452379, -0.362149279890195 ], [ 102.515919198621177, -0.362058978226839 ], [ 102.515829499652241, -0.362059013287249 ] ], [ [ 102.515649060871183, -0.359350032707782 ], [ 102.51564909543913, -0.359440334398011 ], [ 102.515738794399894, -0.359440299592964 ], [ 102.515738828977405, -0.359530601274428 ], [ 102.515828527930367, -0.359530566459753 ], [ 102.515828458782252, -0.359349963114293 ], [ 102.515649060871183, -0.359350032707782 ] ], [ [ 102.514932265978118, -0.361427251525053 ], [ 102.514932300738792, -0.361517553284739 ], [ 102.514842601679618, -0.361517588282905 ], [ 102.514842636448094, -0.361607890051311 ], [ 102.514932335508149, -0.361607855044402 ], [ 102.514932370286189, -0.361698156804045 ], [ 102.515201467416901, -0.361698051751756 ], [ 102.515201502206281, -0.361788353485149 ], [ 102.515291201233353, -0.361788318457199 ], [ 102.515291236032297, -0.361878620181827 ], [ 102.515829430017689, -0.361878409942983 ], [ 102.515829395213444, -0.361788108270818 ], [ 102.515649997254826, -0.361788178336502 ], [ 102.515649962461026, -0.361697876646827 ], [ 102.515291166443092, -0.361698016732549 ], [ 102.515291131661513, -0.361607715007877 ], [ 102.515201432636204, -0.361607750018342 ], [ 102.515201397864189, -0.361517448284906 ], [ 102.515111698831078, -0.361517483285739 ], [ 102.515111664068641, -0.361427181543539 ], [ 102.514932265978118, -0.361427251525053 ] ], [ [ 102.515650450364603, -0.36296210030033 ], [ 102.515650485280005, -0.363052401989705 ], [ 102.515560786275273, -0.36305243714363 ], [ 102.515560821198477, -0.363142738841727 ], [ 102.515471122184181, -0.363142774003503 ], [ 102.515471157115186, -0.363233075710323 ], [ 102.515381458091312, -0.36323311087995 ], [ 102.515381527977581, -0.363413714311013 ], [ 102.515471227003232, -0.363413679123899 ], [ 102.5154712619603, -0.363503980830654 ], [ 102.515740358987799, -0.36350387523772 ], [ 102.515740289077044, -0.363323271876652 ], [ 102.51582998806704, -0.363323236694709 ], [ 102.515829883263393, -0.363052331679179 ], [ 102.515740184276041, -0.363052366834888 ], [ 102.515740149359758, -0.362962065154257 ], [ 102.515650450364603, -0.36296210030033 ] ], [ [ 102.514859589506358, -0.403237002922371 ], [ 102.514859783496192, -0.403688511711928 ], [ 102.515039182478404, -0.403688433549304 ], [ 102.515039143661099, -0.403598131808925 ], [ 102.515577340393378, -0.403597897349697 ], [ 102.515577301578844, -0.403507595661755 ], [ 102.515667001002839, -0.403507556590488 ], [ 102.515666884608407, -0.40323665155275 ], [ 102.515397786319227, -0.403236768684878 ], [ 102.515397825105751, -0.403327070390379 ], [ 102.515128726735426, -0.403327187539816 ], [ 102.515128687951872, -0.403236885808085 ], [ 102.514859589506358, -0.403237002922371 ] ], [ [ 102.515381318422968, -0.362871904017567 ], [ 102.515381353327015, -0.362962205733195 ], [ 102.515291654297116, -0.362962240875699 ], [ 102.515291689208979, -0.363052542600048 ], [ 102.515471087261872, -0.363052472296662 ], [ 102.515471017443289, -0.362871868882914 ], [ 102.515381318422968, -0.362871904017567 ] ], [ [ 102.515385784732331, -0.374249920015936 ], [ 102.515385820730771, -0.374340221728817 ], [ 102.51547551986539, -0.374340185483728 ], [ 102.515475483866055, -0.37424988377959 ], [ 102.515385784732331, -0.374249920015936 ] ], [ [ 102.514678877192807, -0.400166820614389 ], [ 102.5146789156762, -0.40025712239064 ], [ 102.514589216191965, -0.400257161136296 ], [ 102.514589293182837, -0.40043776470621 ], [ 102.514768692146461, -0.400437687178947 ], [ 102.514768730656868, -0.400527988946385 ], [ 102.514858430126637, -0.400527950172535 ], [ 102.514858468646693, -0.400618251931207 ], [ 102.514948168108774, -0.400618213147631 ], [ 102.514948206638493, -0.400708514897537 ], [ 102.515037906092857, -0.400708476104233 ], [ 102.515037944632255, -0.400798777845373 ], [ 102.515127644078902, -0.400798739042341 ], [ 102.515127682627949, -0.400889040774714 ], [ 102.515217382066893, -0.400889001961954 ], [ 102.515217343516866, -0.400798700238324 ], [ 102.515307042946148, -0.400798661433321 ], [ 102.515307004403809, -0.400708359718411 ], [ 102.515396703823427, -0.400708320921167 ], [ 102.515396665288804, -0.400618019214976 ], [ 102.515306965870167, -0.400618058003476 ], [ 102.515306927345222, -0.400527756288518 ], [ 102.515217227918868, -0.40052779506729 ], [ 102.515217189403572, -0.400437493343565 ], [ 102.514948091075354, -0.400437609647748 ], [ 102.51494801407668, -0.40025700614777 ], [ 102.51485831461855, -0.400257044896377 ], [ 102.514858276133211, -0.40016674313761 ], [ 102.514678877192807, -0.400166820614389 ] ], [ [ 102.515027854382154, -0.376417306894489 ], [ 102.515027999247081, -0.37677851388364 ], [ 102.515117698441216, -0.376778477406178 ], [ 102.515117625989532, -0.376597873929133 ], [ 102.515297024348058, -0.376597801006403 ], [ 102.515296951927454, -0.376417197564241 ], [ 102.515027854382154, -0.376417306894489 ] ], [ [ 102.514932788300115, -0.362781777918085 ], [ 102.514932927915979, -0.363142984955413 ], [ 102.514843228840903, -0.36314302011094 ], [ 102.514843263765684, -0.36323332187896 ], [ 102.515022661908972, -0.363233251549528 ], [ 102.5150226269824, -0.363142949798993 ], [ 102.515112326040125, -0.36314291464168 ], [ 102.515112221309892, -0.362872009416172 ], [ 102.51502252225481, -0.362872044547257 ], [ 102.515022487362998, -0.362781742796635 ], [ 102.514932788300115, -0.362781777918085 ] ], [ [ 102.514933979464061, -0.365852037724394 ], [ 102.514934120261032, -0.36621324475879 ], [ 102.514844421155644, -0.366213280211554 ], [ 102.514844597342758, -0.366664789047773 ], [ 102.515023995553747, -0.366664718053921 ], [ 102.515023925049277, -0.366484114554468 ], [ 102.515113624139957, -0.366484079073676 ], [ 102.515113412829592, -0.365942268627252 ], [ 102.515023713744284, -0.365942304055588 ], [ 102.515023678557185, -0.365852002305699 ], [ 102.514933979464061, -0.365852037724394 ] ], [ [ 102.514933102631232, -0.363594493751589 ], [ 102.514933137600323, -0.363684795510759 ], [ 102.515112535735099, -0.363684725092116 ], [ 102.515112500764232, -0.36359442335043 ], [ 102.514933102631232, -0.363594493751589 ] ], [ [ 102.514770122815094, -0.403778852558333 ], [ 102.514770200487206, -0.403959456091426 ], [ 102.514949599492709, -0.403959377878333 ], [ 102.514949560650336, -0.403869076129283 ], [ 102.514859861152914, -0.403869115227584 ], [ 102.514859822320219, -0.403778813469768 ], [ 102.514770122815094, -0.403778852558333 ] ], [ [ 102.514589910360073, -0.401882593262107 ], [ 102.514589949007458, -0.401972895046649 ], [ 102.514679648510267, -0.401972856134902 ], [ 102.514679609861915, -0.401882554359101 ], [ 102.514589910360073, -0.401882593262107 ] ], [ [ 102.514215684648647, -0.364046284465769 ], [ 102.514215754668143, -0.364226888123738 ], [ 102.514305453814686, -0.364226852869571 ], [ 102.514305488838346, -0.364317154689782 ], [ 102.514484887107145, -0.36431708416128 ], [ 102.514484817064968, -0.3641364805558 ], [ 102.514395117936672, -0.364136515803016 ], [ 102.514395082929468, -0.364046213991503 ], [ 102.514215684648647, -0.364046284465769 ] ], [ [ 102.513946307452869, -0.363323975327957 ], [ 102.513946342386163, -0.363414277183344 ], [ 102.51385664321289, -0.363414312355272 ], [ 102.513856678153985, -0.363504614219378 ], [ 102.51403607649361, -0.36350454385715 ], [ 102.514036006616593, -0.363323940163876 ], [ 102.513946307452869, -0.363323975327957 ] ], [ [ 102.513856713103749, -0.363594916083463 ], [ 102.513856818005138, -0.363865821675588 ], [ 102.513767118818734, -0.36386585689032 ], [ 102.513767258805231, -0.364227064381143 ], [ 102.513946657176433, -0.364226993880867 ], [ 102.51394658716228, -0.364046390170457 ], [ 102.514036286333095, -0.364046354936456 ], [ 102.514036216351869, -0.36386575124344 ], [ 102.513946517182831, -0.363865786459961 ], [ 102.513946412278784, -0.363594880894056 ], [ 102.513856713103749, -0.363594916083463 ] ], [ [ 102.513949736405024, -0.372083255199742 ], [ 102.513949807964579, -0.372263858906278 ], [ 102.513860108703284, -0.372263894934707 ], [ 102.513860144495183, -0.372354196796682 ], [ 102.514039543010895, -0.372354124721427 ], [ 102.514039435655818, -0.372083219187877 ], [ 102.513949736405024, -0.372083255199742 ] ], [ [ 102.513496145127917, -0.358989659953739 ], [ 102.513496179640086, -0.359079961853848 ], [ 102.513316781282725, -0.359080031348972 ], [ 102.513316815801829, -0.359170333266538 ], [ 102.513227116609258, -0.359170368021514 ], [ 102.513227185671752, -0.359350971874058 ], [ 102.513585982396989, -0.359350832778947 ], [ 102.513585947857891, -0.35926053088764 ], [ 102.513675647016612, -0.359260496120393 ], [ 102.513675612485329, -0.359170194237804 ], [ 102.513765311634501, -0.359170159478413 ], [ 102.51376527711102, -0.359079857604542 ], [ 102.513854976250627, -0.359079822853008 ], [ 102.513854941734948, -0.358989520987855 ], [ 102.513496145127917, -0.358989659953739 ] ], [ [ 102.513585982396989, -0.359350832778947 ], [ 102.513586086066354, -0.359621738452741 ], [ 102.513765484382148, -0.35962166884745 ], [ 102.513765449815253, -0.359531366973685 ], [ 102.513944848094553, -0.359531297382337 ], [ 102.513944778983316, -0.359350693669702 ], [ 102.513585982396989, -0.359350832778947 ] ], [ [ 102.512600609618033, -0.362782690762775 ], [ 102.512600644485929, -0.362872992749366 ], [ 102.512421245880944, -0.362873062960691 ], [ 102.512421315639259, -0.363053666968753 ], [ 102.512331616321973, -0.36305370209055 ], [ 102.512331686113214, -0.363234306115998 ], [ 102.512241986785483, -0.363234341254374 ], [ 102.512242056609665, -0.363414945297208 ], [ 102.512062657924631, -0.363415015606223 ], [ 102.512062832628061, -0.363866525800287 ], [ 102.512242231321991, -0.363866455403917 ], [ 102.51224219636218, -0.363776153382618 ], [ 102.512331895695226, -0.363776118191827 ], [ 102.512331930655932, -0.36386642020439 ], [ 102.512511329297794, -0.363866349802654 ], [ 102.512511294335312, -0.363776047807563 ], [ 102.512780392230354, -0.36377594222446 ], [ 102.512780427195494, -0.36386624419334 ], [ 102.512870126477381, -0.363866208988447 ], [ 102.512870231427556, -0.364137114868748 ], [ 102.512959930703417, -0.364137079636748 ], [ 102.512959965705065, -0.364227381588068 ], [ 102.513408461958633, -0.364227205370952 ], [ 102.513408426952566, -0.364136903463322 ], [ 102.513498126176316, -0.364136868225952 ], [ 102.513497986235208, -0.363775660630172 ], [ 102.513587685446751, -0.363775625426862 ], [ 102.513587510711247, -0.363324115975349 ], [ 102.513497811504166, -0.363324151134964 ], [ 102.513497706769684, -0.363053245437581 ], [ 102.513318308334746, -0.363053315701701 ], [ 102.513318273442394, -0.362963013785053 ], [ 102.512869777207555, -0.362963189386046 ], [ 102.51286974232832, -0.362872887425688 ], [ 102.512690343775404, -0.362872957642365 ], [ 102.512690308906613, -0.362782655664511 ], [ 102.512600609618033, -0.362782690762775 ] ], [ [ 102.513140030946758, -0.365943047842856 ], [ 102.513140206918663, -0.366394557509704 ], [ 102.513499003955062, -0.366394415691756 ], [ 102.51349886314587, -0.366033208098135 ], [ 102.513319464652184, -0.366033278939002 ], [ 102.51331942947337, -0.365942977023065 ], [ 102.513140030946758, -0.365943047842856 ] ], [ [ 102.513047821799546, -0.35944134336003 ], [ 102.513047890910599, -0.359621947247398 ], [ 102.512958191687602, -0.359621982043414 ], [ 102.512958226255279, -0.359712283995804 ], [ 102.513047925479142, -0.35971224919105 ], [ 102.513047960056383, -0.359802551134681 ], [ 102.512958260831624, -0.359802585948172 ], [ 102.512958295416652, -0.359892887900519 ], [ 102.512778896939338, -0.359892957542322 ], [ 102.512778931531287, -0.359983259512122 ], [ 102.512689232278731, -0.359983294340434 ], [ 102.512689266878482, -0.36007359631895 ], [ 102.512599567616363, -0.360073631155113 ], [ 102.512599636840136, -0.360254235129555 ], [ 102.5125099375676, -0.360254269982305 ], [ 102.512510006824328, -0.360434873974135 ], [ 102.512689405364256, -0.360434804232801 ], [ 102.512689474659226, -0.360615408189599 ], [ 102.512868873167974, -0.360615338409774 ], [ 102.51286880386948, -0.360434734487924 ], [ 102.513137901562231, -0.360434629863962 ], [ 102.513137832293182, -0.360254025994453 ], [ 102.513317230708097, -0.360253956275668 ], [ 102.513317161470241, -0.360073352441026 ], [ 102.513227462268887, -0.360073387283384 ], [ 102.513227393067524, -0.35989278343118 ], [ 102.513406791458038, -0.359892713780531 ], [ 102.513406722287883, -0.359712109963196 ], [ 102.513317023098708, -0.359712144771486 ], [ 102.513316988527535, -0.359621842854048 ], [ 102.513227289330572, -0.359621877652715 ], [ 102.51322722021601, -0.359441273800299 ], [ 102.513047821799546, -0.35944134336003 ] ], [ [ 102.513318029438949, -0.362330900367919 ], [ 102.513318099110805, -0.362511504201493 ], [ 102.513407798327293, -0.36251146912231 ], [ 102.513407728653661, -0.362330865306213 ], [ 102.513318029438949, -0.362330900367919 ] ], [ [ 102.512062972547, -0.364227733955151 ], [ 102.512063112604793, -0.36458894210967 ], [ 102.512242511312934, -0.364588871573532 ], [ 102.512242476283689, -0.364498569552406 ], [ 102.512421874955365, -0.364498499030155 ], [ 102.512421839933026, -0.364408197026479 ], [ 102.512332140602439, -0.364408232279316 ], [ 102.512332105589635, -0.364317930266882 ], [ 102.512152706904175, -0.364318000752398 ], [ 102.512152671901873, -0.364227698722471 ], [ 102.512062972547, -0.364227733955151 ] ], [ [ 102.511345307433174, -0.364047411567214 ], [ 102.511345342410138, -0.364137713675794 ], [ 102.511076244087945, -0.364137819320772 ], [ 102.511076314062549, -0.364318423590267 ], [ 102.511345412390114, -0.36431831789289 ], [ 102.511345447393097, -0.364408620001405 ], [ 102.511524846236497, -0.364408549514542 ], [ 102.51152488124994, -0.364498851605569 ], [ 102.511704280060442, -0.364498781097654 ], [ 102.511704245045223, -0.364408479024096 ], [ 102.511883643819246, -0.364408408530066 ], [ 102.511883573811261, -0.364227804417823 ], [ 102.51161447564256, -0.364227910105117 ], [ 102.511614440654256, -0.36413760802276 ], [ 102.511524741248223, -0.364137643241333 ], [ 102.511524706269483, -0.36404734115022 ], [ 102.511345307433174, -0.364047411567214 ] ], [ [ 102.511704000181595, -0.363776364508584 ], [ 102.511704035136077, -0.363866666582293 ], [ 102.511793734522101, -0.363866631388133 ], [ 102.511793699566724, -0.363776329323159 ], [ 102.511704000181595, -0.363776364508584 ] ], [ [ 102.503539346354813, -0.358632299149458 ], [ 102.503539415123925, -0.358812904887106 ], [ 102.503629115249183, -0.358812870262342 ], [ 102.503629080859398, -0.358722567402243 ], [ 102.503718780975134, -0.358722532785311 ], [ 102.503718746593151, -0.358632229933906 ], [ 102.503539346354813, -0.358632299149458 ] ], [ [ 102.503718746593151, -0.358632229933906 ], [ 102.503898146796871, -0.358632160714827 ], [ 102.503898215572988, -0.358812766382757 ], [ 102.503808515473708, -0.358812801010167 ], [ 102.503808584282709, -0.358993406695443 ], [ 102.503898284383752, -0.358993372050603 ], [ 102.503898387664819, -0.359264280552212 ], [ 102.503988087759822, -0.359264245880344 ], [ 102.503988294560983, -0.359806062830698 ], [ 102.50407799465259, -0.359806028105655 ], [ 102.504077960163215, -0.359715725289364 ], [ 102.504167660245287, -0.359715690572152 ], [ 102.50416786731671, -0.360257507417282 ], [ 102.504347267465448, -0.360257437875613 ], [ 102.504347336562049, -0.360438043455623 ], [ 102.504526736679693, -0.360437973875546 ], [ 102.504526805814407, -0.360618579420605 ], [ 102.504347405693267, -0.360618649035548 ], [ 102.504347544059613, -0.360979860195141 ], [ 102.504437244128042, -0.360979825353248 ], [ 102.504437313364932, -0.361160430915484 ], [ 102.504796113559095, -0.361160291469303 ], [ 102.50479618283768, -0.361340896961719 ], [ 102.504975582886345, -0.361340827198432 ], [ 102.5049756522031, -0.361521432655893 ], [ 102.50515505222063, -0.36152136285418 ], [ 102.505155121575541, -0.361701968276684 ], [ 102.507128519520705, -0.361701199839526 ], [ 102.507128450126942, -0.361520594800729 ], [ 102.507666648828163, -0.361520385256956 ], [ 102.507666579458473, -0.361339780322758 ], [ 102.507845978952687, -0.361339710502622 ], [ 102.507845909614119, -0.361159105603237 ], [ 102.508025309070135, -0.361159035814449 ], [ 102.50802496287973, -0.360256011490746 ], [ 102.50784556344135, -0.360256081105034 ], [ 102.507845425214882, -0.359894871305156 ], [ 102.507666025748847, -0.359894940846104 ], [ 102.507665956691142, -0.359714335911139 ], [ 102.507486557193957, -0.359714405413653 ], [ 102.507486488174422, -0.359533800443706 ], [ 102.507576187925594, -0.35953376571034 ], [ 102.507576049987023, -0.359172555805088 ], [ 102.507665749726044, -0.359172521105735 ], [ 102.507665715262164, -0.359082218638093 ], [ 102.507755414991607, -0.359082183946581 ], [ 102.507755311649419, -0.358811276569702 ], [ 102.507934711077084, -0.35881120723638 ], [ 102.507934676645263, -0.358720904794827 ], [ 102.508114076036478, -0.358720835475427 ], [ 102.50811414491227, -0.35890144032361 ], [ 102.508024445219263, -0.358901475001202 ], [ 102.508024514127968, -0.359082079866751 ], [ 102.508203913508865, -0.359082010475783 ], [ 102.508203947977989, -0.359172312891075 ], [ 102.508742145917907, -0.35917210464463 ], [ 102.508742214892663, -0.359352709370433 ], [ 102.508921614140135, -0.359352639912979 ], [ 102.508921683153076, -0.359533244603788 ], [ 102.509101082369369, -0.359533175107889 ], [ 102.509101151420509, -0.359713779763703 ], [ 102.509549649318316, -0.359713605921205 ], [ 102.509549718412927, -0.359894210489649 ], [ 102.510087915614676, -0.359894001744716 ], [ 102.51008795018025, -0.359984303976527 ], [ 102.510177649684394, -0.359984269173878 ], [ 102.510177684259531, -0.360074571396938 ], [ 102.510536482192919, -0.360074432142568 ], [ 102.510536516780263, -0.360164734330683 ], [ 102.510715915696665, -0.360164664680724 ], [ 102.510715950294426, -0.360254966851353 ], [ 102.510985048606642, -0.360254862343578 ], [ 102.510985083215701, -0.36034516448799 ], [ 102.511254181452472, -0.360345059946046 ], [ 102.511254146840756, -0.360254757827833 ], [ 102.511433545620136, -0.360254688146241 ], [ 102.511433511015341, -0.360164386045474 ], [ 102.511523210391147, -0.360164351212084 ], [ 102.511523175794139, -0.360074049120029 ], [ 102.511612875160395, -0.360074014294488 ], [ 102.511612805990666, -0.359893410127783 ], [ 102.511702505346477, -0.359893375318825 ], [ 102.511702470773741, -0.359803073244175 ], [ 102.511612771418811, -0.359803108044399 ], [ 102.511612736855653, -0.359712805960993 ], [ 102.51143333812152, -0.35971287554132 ], [ 102.51143337268293, -0.359803177642193 ], [ 102.51134367330198, -0.359803212439764 ], [ 102.511343638741437, -0.359712910330156 ], [ 102.51107454054916, -0.359713014691362 ], [ 102.511074436927501, -0.359442108283815 ], [ 102.510895038094532, -0.359442177801135 ], [ 102.510895003573083, -0.359351875647778 ], [ 102.510805304144469, -0.359351910396381 ], [ 102.510805235129368, -0.359171306072139 ], [ 102.510894934556219, -0.359171271341001 ], [ 102.510894796626587, -0.358810062727192 ], [ 102.511074195447264, -0.358809993332128 ], [ 102.511073885597256, -0.357997274107004 ], [ 102.511163584986718, -0.357997239486745 ], [ 102.51116351622484, -0.357816635231728 ], [ 102.511073816837126, -0.357816669834521 ], [ 102.511073748111698, -0.357636065561954 ], [ 102.51116344749768, -0.357636030976627 ], [ 102.511163413147088, -0.357545728849044 ], [ 102.51134281189124, -0.357545659693219 ], [ 102.511342777547583, -0.357455357583082 ], [ 102.511522176255284, -0.357455288441209 ], [ 102.511522107590523, -0.357274684255806 ], [ 102.511432408242769, -0.357274718809714 ], [ 102.511432339614444, -0.35709411460676 ], [ 102.5109838427542, -0.357094287275796 ], [ 102.510983808457425, -0.357003985130622 ], [ 102.510894109060217, -0.357004019653063 ], [ 102.510894280626516, -0.357455530422388 ], [ 102.510983980028087, -0.357455495856284 ], [ 102.510984048717077, -0.357636100146402 ], [ 102.510894349313745, -0.35763613472997 ], [ 102.51089438367039, -0.35772643688373 ], [ 102.510804684257536, -0.357726471475152 ], [ 102.510804718621969, -0.357816773637622 ], [ 102.510715019199552, -0.357816808236897 ], [ 102.510714984836, -0.357726506065694 ], [ 102.510356187063152, -0.357726644419071 ], [ 102.510356118369018, -0.357546040006751 ], [ 102.510266418905857, -0.357546074575435 ], [ 102.510266350248216, -0.357365470145568 ], [ 102.510176650778121, -0.357365504695912 ], [ 102.51017661646317, -0.357275202472216 ], [ 102.509997217498736, -0.357275271552807 ], [ 102.50999728613381, -0.357455876035099 ], [ 102.509728187616886, -0.357455979701778 ], [ 102.509728153297644, -0.357365677434453 ], [ 102.509638453775523, -0.357365711979526 ], [ 102.509638419465787, -0.35727540970345 ], [ 102.509548719935879, -0.357275444238915 ], [ 102.509548754244733, -0.35736574652372 ], [ 102.509459054705289, -0.357365781067036 ], [ 102.509459089021931, -0.357456083360548 ], [ 102.509369389472923, -0.357456117911714 ], [ 102.509369423797366, -0.357546420213934 ], [ 102.509190024671611, -0.357546489331087 ], [ 102.509190162049094, -0.357907698609581 ], [ 102.509010762881672, -0.357907767793042 ], [ 102.509011175825478, -0.358991395835964 ], [ 102.508562677702699, -0.358991569302848 ], [ 102.508562643247416, -0.358901266922419 ], [ 102.508472943597724, -0.358901301604421 ], [ 102.508472874714897, -0.358720696826046 ], [ 102.508652274002117, -0.358720627496065 ], [ 102.508652308440944, -0.35881092986781 ], [ 102.508921407309359, -0.358810825840042 ], [ 102.508921372867903, -0.358720523494479 ], [ 102.508831673254647, -0.358720558162556 ], [ 102.508831604399504, -0.35853995345391 ], [ 102.508652205150469, -0.358540022752511 ], [ 102.508652101938026, -0.358269115637021 ], [ 102.508562402303127, -0.358269150258819 ], [ 102.508562333539928, -0.3580885454976 ], [ 102.50874173279756, -0.35808847628803 ], [ 102.508741664065511, -0.357907871561634 ], [ 102.508921063284959, -0.357907802383452 ], [ 102.508920994584116, -0.35772719769188 ], [ 102.509010694179082, -0.357727163118925 ], [ 102.509010659840783, -0.357636860781835 ], [ 102.508920960246698, -0.357636895346063 ], [ 102.508920925917948, -0.357546593000224 ], [ 102.508741526705492, -0.357546662108588 ], [ 102.508741561032494, -0.357636964471881 ], [ 102.508651861412389, -0.357636999033471 ], [ 102.508651827086268, -0.357546696661451 ], [ 102.508562127458362, -0.357546731213436 ], [ 102.508562230460143, -0.357817638355613 ], [ 102.508382831173094, -0.357817707509304 ], [ 102.508382796832251, -0.357727405111146 ], [ 102.508203397512276, -0.357727474243866 ], [ 102.508203363181863, -0.357637171828236 ], [ 102.508113663509747, -0.357637206384551 ], [ 102.508113629188841, -0.357546903960174 ], [ 102.507485731247471, -0.357547145768694 ], [ 102.507485765562251, -0.357637448254144 ], [ 102.507306366070679, -0.357637517351829 ], [ 102.50730640039238, -0.357727819854706 ], [ 102.507216700632725, -0.357727854410953 ], [ 102.507216769300371, -0.357908459434089 ], [ 102.507127069530327, -0.357908494006904 ], [ 102.507127138230857, -0.358089099047401 ], [ 102.506947738661225, -0.358089168225282 ], [ 102.506947669964177, -0.357908563149893 ], [ 102.506857970168113, -0.357908597720068 ], [ 102.506857935833452, -0.357818295173619 ], [ 102.5067682360296, -0.357818329734192 ], [ 102.506768167388032, -0.357637724623786 ], [ 102.506588767757833, -0.357637793707405 ], [ 102.506588802072528, -0.357728096280062 ], [ 102.50667850189285, -0.357728061729971 ], [ 102.506678742344505, -0.358360179676926 ], [ 102.506589042518087, -0.35836021428807 ], [ 102.506589076902102, -0.358450516860558 ], [ 102.506140577635634, -0.358450689946673 ], [ 102.506140440169034, -0.358089479482171 ], [ 102.506050740293261, -0.358089514061868 ], [ 102.506050705949136, -0.35799921143697 ], [ 102.505871306173361, -0.357999280576283 ], [ 102.505871340515711, -0.358089583218623 ], [ 102.5056919407035, -0.358089652371856 ], [ 102.505691975052798, -0.358179955031613 ], [ 102.505422875266902, -0.358180058781018 ], [ 102.505422840920247, -0.358089756095103 ], [ 102.505333140975168, -0.358089790667759 ], [ 102.505333072309583, -0.357909185278428 ], [ 102.505243372357597, -0.357909219832766 ], [ 102.505243338038653, -0.357818917129351 ], [ 102.505153638078895, -0.357818951674091 ], [ 102.505153672396929, -0.357909254386224 ], [ 102.505063972427621, -0.357909288938803 ], [ 102.505064006753472, -0.357999591659633 ], [ 102.504974306774642, -0.35799962622005 ], [ 102.504974341108266, -0.358089928949577 ], [ 102.504705241117151, -0.358090032651698 ], [ 102.504705275456814, -0.358180335407357 ], [ 102.504615575441576, -0.358180369981687 ], [ 102.504615541102794, -0.358090067217312 ], [ 102.504525841079769, -0.358090101782045 ], [ 102.504525806750522, -0.357999799008931 ], [ 102.504256706632148, -0.3579999026717 ], [ 102.504256775294067, -0.358180508270203 ], [ 102.504167075235543, -0.35818054284013 ], [ 102.504167178290757, -0.358451451263873 ], [ 102.503898078055357, -0.358451555046812 ], [ 102.503898009348475, -0.358270949378712 ], [ 102.503718609151775, -0.358271018528072 ], [ 102.503718677855133, -0.358451624231031 ], [ 102.503808377959572, -0.358451589639362 ], [ 102.503808412325128, -0.358541892482095 ], [ 102.503718712219808, -0.358541927082479 ], [ 102.503718746593151, -0.358632229933906 ] ], [ [ 102.50802496287973, -0.360256011490746 ], [ 102.50820436228345, -0.360255941872916 ], [ 102.508204396865253, -0.360346244287931 ], [ 102.508294096555005, -0.360346209468962 ], [ 102.508294131146357, -0.36043651187523 ], [ 102.508563230166217, -0.360436407386829 ], [ 102.50856316098691, -0.360255802626629 ], [ 102.50874256028662, -0.360255732998172 ], [ 102.508742525708215, -0.360165430635494 ], [ 102.508832225344193, -0.360165395828664 ], [ 102.508832190773575, -0.360075093474692 ], [ 102.508742491138477, -0.360075128272794 ], [ 102.508742456577409, -0.359984825910074 ], [ 102.508383657953857, -0.359984965058726 ], [ 102.508383623404981, -0.359894662661078 ], [ 102.50811452434894, -0.359894766987098 ], [ 102.508114489811362, -0.359804464563251 ], [ 102.508024790109545, -0.359804499328096 ], [ 102.50802496287973, -0.360256011490746 ] ], [ [ 102.510177684259531, -0.360074571396938 ], [ 102.509908585718421, -0.360074675828421 ], [ 102.509908551145926, -0.359984373579171 ], [ 102.509818851615776, -0.359984408379165 ], [ 102.509819024560571, -0.360435919668854 ], [ 102.510177822646796, -0.360435780288964 ], [ 102.510177684259531, -0.360074571396938 ] ], [ [ 102.511439590625798, -0.375696347059797 ], [ 102.511439662828536, -0.375876951253826 ], [ 102.511619061884161, -0.37587687854675 ], [ 102.511618989677757, -0.375696274387657 ], [ 102.511439590625798, -0.375696347059797 ] ], [ [ 102.511165733816398, -0.363595971350072 ], [ 102.511165838637837, -0.36386687772847 ], [ 102.511524636338038, -0.36386673696793 ], [ 102.511524531505927, -0.363595830694334 ], [ 102.511165733816398, -0.363595971350072 ] ], [ [ 102.510640139282145, -0.394840734765072 ], [ 102.51064017720978, -0.394931036935864 ], [ 102.510729877018576, -0.394930998748682 ], [ 102.510730066791695, -0.395382509558632 ], [ 102.510999166180525, -0.395382394860273 ], [ 102.510999204164051, -0.395472696995996 ], [ 102.511088903943957, -0.395472658752534 ], [ 102.511088941937132, -0.3955629608795 ], [ 102.511268341472828, -0.395562884372192 ], [ 102.511268227513497, -0.39529197804362 ], [ 102.511178527752904, -0.395292016271561 ], [ 102.511178489784768, -0.395201714153257 ], [ 102.511447589037672, -0.39520159949272 ], [ 102.511447513121666, -0.395020995308443 ], [ 102.511178413874546, -0.395021109916579 ], [ 102.51117837593246, -0.394930807798205 ], [ 102.51108867616702, -0.394930845990242 ], [ 102.511088638234568, -0.394840543863111 ], [ 102.510640139282145, -0.394840734765072 ] ], [ [ 102.511171034307822, -0.377050987907135 ], [ 102.511171179257502, -0.37741219639857 ], [ 102.511260878831308, -0.377412159899802 ], [ 102.511260733877961, -0.3770509514433 ], [ 102.511171034307822, -0.377050987907135 ] ], [ [ 102.508656859304054, -0.370550238012156 ], [ 102.50865693046164, -0.370730842749977 ], [ 102.50847753093754, -0.370730914401236 ], [ 102.508477602126163, -0.370911519173877 ], [ 102.508298202563779, -0.370911590856394 ], [ 102.508298345037815, -0.371272800471222 ], [ 102.508118945433509, -0.371272872219898 ], [ 102.508119195084092, -0.371904989167161 ], [ 102.507760395746033, -0.371905132897864 ], [ 102.507760502858261, -0.372176040265348 ], [ 102.507850202708497, -0.37217600430787 ], [ 102.507850166994857, -0.372085701860788 ], [ 102.507939866835514, -0.37208566591112 ], [ 102.507939831129633, -0.371995363472742 ], [ 102.508119230783123, -0.371995291588111 ], [ 102.508119445159394, -0.372537106113347 ], [ 102.508298844789138, -0.37253703412035 ], [ 102.508298987887287, -0.372898243733595 ], [ 102.508478387489646, -0.372898171667126 ], [ 102.508478459094363, -0.373078776438711 ], [ 102.508657858665686, -0.373078704333668 ], [ 102.508657930308729, -0.373259309070259 ], [ 102.509016729354627, -0.37325916477935 ], [ 102.50901680103965, -0.373439769446035 ], [ 102.509375599954126, -0.373439625070619 ], [ 102.509375743442789, -0.373800834264072 ], [ 102.509555142855305, -0.373800762001026 ], [ 102.509555214655308, -0.373981366562705 ], [ 102.509914013383593, -0.37398122195575 ], [ 102.509913869803668, -0.373620012971976 ], [ 102.510721166402092, -0.373619687866862 ], [ 102.510721022928095, -0.37325847919705 ], [ 102.510810722503109, -0.373258443104595 ], [ 102.510810650816339, -0.373077838787021 ], [ 102.510900350380879, -0.373077802711113 ], [ 102.510900063973452, -0.372355385509792 ], [ 102.510720664850254, -0.372355457520975 ], [ 102.510720593338775, -0.372174853185496 ], [ 102.51054119418454, -0.37217492515809 ], [ 102.510541122711416, -0.371994320787596 ], [ 102.510361723526088, -0.371994392721606 ], [ 102.510361652091262, -0.371813788316099 ], [ 102.510182252874898, -0.371813860211528 ], [ 102.510182181478399, -0.37163325577101 ], [ 102.509554283960654, -0.371633507254003 ], [ 102.509554248281759, -0.371543204972602 ], [ 102.509285149218243, -0.371543312711138 ], [ 102.509285113550732, -0.371453010403529 ], [ 102.509105714133497, -0.371453082207197 ], [ 102.509105642828146, -0.371272477557 ], [ 102.508926243379875, -0.371272549322105 ], [ 102.508926172112822, -0.371091944636909 ], [ 102.508746772633501, -0.371092016363454 ], [ 102.508746559051303, -0.370550202202613 ], [ 102.508656859304054, -0.370550238012156 ] ], [ [ 102.510714573149855, -0.356642880009616 ], [ 102.510714641677495, -0.356823484352507 ], [ 102.510894040494421, -0.356823415345185 ], [ 102.510893971963313, -0.356642811037223 ], [ 102.510714573149855, -0.356642880009616 ] ], [ [ 102.510552269729928, -0.399175277533264 ], [ 102.510552308072931, -0.399265579711661 ], [ 102.510642007936937, -0.39926554110633 ], [ 102.510641969592953, -0.399175238936664 ], [ 102.510552269729928, -0.399175277533264 ] ], [ [ 102.510373023394109, -0.399536563506819 ], [ 102.510373100154283, -0.399717167898326 ], [ 102.510462800040528, -0.399717129251301 ], [ 102.510462723278394, -0.399536524877256 ], [ 102.510373023394109, -0.399536563506819 ] ], [ [ 102.510196252775032, -0.40567719120837 ], [ 102.510196291738595, -0.405767493419978 ], [ 102.510375691668855, -0.405767414958936 ], [ 102.510375652703317, -0.405677112764789 ], [ 102.510196252775032, -0.40567719120837 ] ], [ [ 102.509645850930596, -0.376329189479146 ], [ 102.509645923218017, -0.376509794022125 ], [ 102.509466523767884, -0.376509866810753 ], [ 102.509466596086327, -0.376690471388558 ], [ 102.509287196597839, -0.376690544208399 ], [ 102.509287268947276, -0.37687114882103 ], [ 102.509376968697694, -0.376871112394116 ], [ 102.509377041083653, -0.377051716989201 ], [ 102.50973584000603, -0.377051571202447 ], [ 102.509735767612696, -0.376870966677195 ], [ 102.510094566388929, -0.376870820945451 ], [ 102.510094494022923, -0.376690216489949 ], [ 102.510273893355333, -0.376690143653441 ], [ 102.510273748720067, -0.376328934812015 ], [ 102.509645850930596, -0.376329189479146 ] ], [ [ 102.510193700355799, -0.399717245189428 ], [ 102.510193777146768, -0.399897849615764 ], [ 102.510283477052312, -0.399897810953243 ], [ 102.510283400259382, -0.399717206544368 ], [ 102.510193700355799, -0.399717245189428 ] ], [ [ 102.509834593868959, -0.398994981774185 ], [ 102.509834670513371, -0.399175586270741 ], [ 102.509744970572271, -0.39917562485851 ], [ 102.509745008906521, -0.399265927115482 ], [ 102.509565608996354, -0.399266004305535 ], [ 102.509565647337325, -0.399356306579942 ], [ 102.509386247390523, -0.399356383783527 ], [ 102.509386324094564, -0.399536988367186 ], [ 102.50956572404526, -0.399536911128686 ], [ 102.509565762412237, -0.399627213403022 ], [ 102.509834862276165, -0.399627097511717 ], [ 102.50983482390626, -0.399536795263569 ], [ 102.510014223770227, -0.399536718015248 ], [ 102.510014185407073, -0.399446415784536 ], [ 102.510103885325051, -0.399446377167632 ], [ 102.510103846969571, -0.399356074945627 ], [ 102.509924447126849, -0.399356152160992 ], [ 102.509924332118274, -0.399085245442455 ], [ 102.510014032041056, -0.399085206861453 ], [ 102.51001399372123, -0.398994904630624 ], [ 102.509834593868959, -0.398994981774185 ] ], [ [ 102.51001399372123, -0.398994904630624 ], [ 102.510103693634363, -0.398994866057372 ], [ 102.510103617018785, -0.398814261613102 ], [ 102.510013917107614, -0.398814300168894 ], [ 102.51001399372123, -0.398994904630624 ] ], [ [ 102.509563059905233, -0.393215751866763 ], [ 102.509563097665236, -0.39330605414274 ], [ 102.509652797560761, -0.393306016124332 ], [ 102.509652759799835, -0.393215713857085 ], [ 102.509563059905233, -0.393215751866763 ] ], [ [ 102.509383132387597, -0.391951595772702 ], [ 102.509383170024293, -0.392041898066462 ], [ 102.509562569814534, -0.392041822276956 ], [ 102.509562532175948, -0.391951520000655 ], [ 102.509383132387597, -0.391951595772702 ] ], [ [ 102.509380778757702, -0.386262551219401 ], [ 102.509380815848118, -0.386352853514609 ], [ 102.509291115999858, -0.386352890858018 ], [ 102.50929115309799, -0.386443193161932 ], [ 102.509380852947203, -0.386443155809794 ], [ 102.509380890054942, -0.386533458104957 ], [ 102.509470589896438, -0.38653342074314 ], [ 102.509470478596356, -0.386262513883771 ], [ 102.509380778757702, -0.386262551219401 ] ], [ [ 102.509024860355623, -0.393215979904533 ], [ 102.509024898109828, -0.39330628223288 ], [ 102.509114598057408, -0.393306244220274 ], [ 102.509114560302237, -0.393215941900654 ], [ 102.509024860355623, -0.393215979904533 ] ], [ [ 102.508397111528595, -0.393577455462221 ], [ 102.508397300526156, -0.394028967408704 ], [ 102.508487000542104, -0.394028929333055 ], [ 102.508487038368571, -0.394119231713555 ], [ 102.508576738376817, -0.394119193628211 ], [ 102.508576700549369, -0.394028891256437 ], [ 102.508756100537923, -0.394028815100296 ], [ 102.508756062717239, -0.393938512745952 ], [ 102.5089354626692, -0.393938436603391 ], [ 102.508935311465393, -0.393577227255604 ], [ 102.508397111528595, -0.393577455462221 ] ], [ [ 102.508204777837094, -0.361339570851692 ], [ 102.508204812522919, -0.361429873266451 ], [ 102.507935713369974, -0.361429978032157 ], [ 102.507935782762274, -0.361610582913964 ], [ 102.508204881920534, -0.361610478095906 ], [ 102.508204916632351, -0.361700780510601 ], [ 102.508384316029634, -0.361700710609999 ], [ 102.50838428131604, -0.361610408212755 ], [ 102.508473981000805, -0.361610373269847 ], [ 102.508473946294998, -0.361520070881309 ], [ 102.508563645970185, -0.361520035946238 ], [ 102.50856361127218, -0.361429733566404 ], [ 102.508473911597861, -0.361429768492749 ], [ 102.508473876909406, -0.361339466104168 ], [ 102.508204777837094, -0.361339570851692 ] ], [ [ 102.508308017048364, -0.395022331859583 ], [ 102.508308092896854, -0.395202936654952 ], [ 102.508487492962459, -0.395202860277741 ], [ 102.508487455031968, -0.39511255789752 ], [ 102.508577155050801, -0.395112519716184 ], [ 102.508577117127999, -0.395022217344667 ], [ 102.508308017048364, -0.395022331859583 ] ], [ [ 102.508204051437332, -0.359443220136822 ], [ 102.508204085941131, -0.359533522552029 ], [ 102.508473184960621, -0.359533418328067 ], [ 102.508473150454208, -0.359443115939038 ], [ 102.508204051437332, -0.359443220136822 ] ], [ [ 102.508125797806969, -0.388249726995764 ], [ 102.508125872351414, -0.388430331829508 ], [ 102.508036172360022, -0.388430369360306 ], [ 102.508036284238869, -0.388701276636927 ], [ 102.508125984233104, -0.388701239079953 ], [ 102.508126058864235, -0.388881843913468 ], [ 102.508215758851705, -0.388881806338087 ], [ 102.50821572153086, -0.388791503930067 ], [ 102.508305421508709, -0.388791466362456 ], [ 102.50830538419558, -0.388701163963139 ], [ 102.508395084163809, -0.388701126403298 ], [ 102.508395046858396, -0.388610824012684 ], [ 102.508484746817018, -0.388610786460614 ], [ 102.508484709519323, -0.388520484078703 ], [ 102.508305309595315, -0.388520559164435 ], [ 102.508305235029738, -0.388339954365639 ], [ 102.508215535056635, -0.388339991889621 ], [ 102.508215497787788, -0.388249689481462 ], [ 102.508125797806969, -0.388249726995764 ] ], [ [ 102.507936234657464, -0.362784514643623 ], [ 102.507936269479302, -0.362874817084216 ], [ 102.507846569730162, -0.36287485214394 ], [ 102.50784667424503, -0.363145759491766 ], [ 102.507936373996827, -0.363145724405867 ], [ 102.507936408853325, -0.363236026846374 ], [ 102.508026108597349, -0.363235991750857 ], [ 102.508026073739956, -0.363145689319075 ], [ 102.508205473200206, -0.363145619142814 ], [ 102.508205508059376, -0.363235921557145 ], [ 102.508474607187409, -0.363235816259879 ], [ 102.508474467792112, -0.362874606707139 ], [ 102.508205368674709, -0.362874711899692 ], [ 102.508205333850213, -0.362784409485275 ], [ 102.507936234657464, -0.362784514643623 ] ], [ [ 102.508308282669731, -0.395654448642966 ], [ 102.508308358639567, -0.395835053438008 ], [ 102.508398058683454, -0.395835015188805 ], [ 102.508398020693249, -0.395744712800022 ], [ 102.508487720727516, -0.395744674558573 ], [ 102.508487682744999, -0.395654372178493 ], [ 102.508308282669731, -0.395654448642966 ] ], [ [ 102.508311774399004, -0.403871966722024 ], [ 102.508311851946473, -0.404052571512765 ], [ 102.508401552079249, -0.404052532469486 ], [ 102.508401474529819, -0.403871927696197 ], [ 102.508311774399004, -0.403871966722024 ] ], [ [ 102.508292720008996, -0.356734113200834 ], [ 102.508292788506907, -0.356914718015044 ], [ 102.508382488154709, -0.356914683526778 ], [ 102.508382419655049, -0.35673407873002 ], [ 102.508292720008996, -0.356734113200834 ] ], [ [ 102.508305086002593, -0.387978744767772 ], [ 102.508305123246373, -0.388069047167273 ], [ 102.508394823207979, -0.388069009668515 ], [ 102.508394785963233, -0.38797870727774 ], [ 102.508305086002593, -0.387978744767772 ] ], [ [ 102.507947294595411, -0.390417060439185 ], [ 102.507947332069421, -0.390507362872967 ], [ 102.507857632038821, -0.39050740060253 ], [ 102.507857707010942, -0.390688005487475 ], [ 102.50794740704346, -0.390687967740462 ], [ 102.507947482052145, -0.390868572607865 ], [ 102.508037182077885, -0.390868534842442 ], [ 102.50803721959619, -0.390958837267383 ], [ 102.508126919614227, -0.390958799492273 ], [ 102.508127032223996, -0.391229706740783 ], [ 102.508037332203102, -0.391229744542069 ], [ 102.508037407317715, -0.391410349391744 ], [ 102.508127107340542, -0.391410311573007 ], [ 102.50812718249172, -0.391590916405139 ], [ 102.508216882507782, -0.391590878567989 ], [ 102.508216769791119, -0.391319971345933 ], [ 102.508306469795642, -0.391319933533998 ], [ 102.508306357154126, -0.391049026337912 ], [ 102.508216657152474, -0.39104906412367 ], [ 102.508216582103373, -0.390868459308712 ], [ 102.508306282103135, -0.390868421540406 ], [ 102.508306244590628, -0.390778119141618 ], [ 102.508395944580741, -0.390778081381077 ], [ 102.508395832092404, -0.390507174210754 ], [ 102.508216432109208, -0.390507249678519 ], [ 102.508216394632342, -0.390416947270913 ], [ 102.507947294595411, -0.390417060439185 ] ], [ [ 102.508204120453584, -0.359623824967214 ], [ 102.508204154974692, -0.359714127382378 ], [ 102.508293854658291, -0.35971409262449 ], [ 102.508293820136288, -0.359623790218051 ], [ 102.508204120453584, -0.359623824967214 ] ], [ [ 102.508030103309608, -0.373440166402692 ], [ 102.508030139155082, -0.373530468831993 ], [ 102.5082095388222, -0.373530396648866 ], [ 102.508209502974907, -0.373440094237016 ], [ 102.508030103309608, -0.373440166402692 ] ], [ [ 102.508132451654916, -0.404052649596344 ], [ 102.508132490439664, -0.404142952009131 ], [ 102.508222190590757, -0.404142912959112 ], [ 102.508222151805015, -0.404052610555051 ], [ 102.508132451654916, -0.404052649596344 ] ], [ [ 102.507844392936704, -0.357185797795249 ], [ 102.507844495813515, -0.357456705147097 ], [ 102.507934195509876, -0.357456670610868 ], [ 102.507934161208084, -0.357366368168999 ], [ 102.508023860894895, -0.357366333640617 ], [ 102.508023792315541, -0.357185728774264 ], [ 102.507844392936704, -0.357185797795249 ] ], [ [ 102.50793993827331, -0.37226627078781 ], [ 102.507939974005197, -0.372356573226123 ], [ 102.508029673839914, -0.372356537249364 ], [ 102.508029638107104, -0.372266234819777 ], [ 102.50793993827331, -0.37226627078781 ] ], [ [ 102.50614665569735, -0.374073042207507 ], [ 102.50614669158432, -0.374163344819835 ], [ 102.5060569915494, -0.374163380951782 ], [ 102.50605709925955, -0.374434288814796 ], [ 102.506236499326178, -0.374434216497658 ], [ 102.506236535248718, -0.374524519101177 ], [ 102.505877735077107, -0.374524663766652 ], [ 102.505877878839215, -0.374885874320034 ], [ 102.505698478694129, -0.374885946717005 ], [ 102.505698550623492, -0.375066552028442 ], [ 102.505339750222021, -0.375066696881079 ], [ 102.505339822178712, -0.375247302262179 ], [ 102.505160421922341, -0.375247374717839 ], [ 102.505160493910012, -0.375427980133725 ], [ 102.504981093615342, -0.375428052620567 ], [ 102.504981165633993, -0.375608658071236 ], [ 102.504801765300996, -0.375608730589257 ], [ 102.504802125895438, -0.376511758015619 ], [ 102.50498152624678, -0.376511685323247 ], [ 102.504981670734381, -0.376872896223429 ], [ 102.505161071058453, -0.376872823457612 ], [ 102.50516114335791, -0.377053428872698 ], [ 102.505519943909448, -0.377053283260197 ], [ 102.505520016250898, -0.377233888605444 ], [ 102.507852216505455, -0.377232941309163 ], [ 102.5078521441161, -0.377052336417458 ], [ 102.507941844007064, -0.377052299987916 ], [ 102.50794177165055, -0.376871695113572 ], [ 102.507762371863635, -0.376871767936828 ], [ 102.507762299545476, -0.376691163027495 ], [ 102.507403499874982, -0.376691308593097 ], [ 102.507403427598859, -0.376510703613882 ], [ 102.506506427834481, -0.376511067288615 ], [ 102.5065065000922, -0.376691672442283 ], [ 102.506327100031683, -0.376691745201008 ], [ 102.506327172320397, -0.376872350389472 ], [ 102.506147772221524, -0.376872423179377 ], [ 102.506147844541232, -0.377053028402635 ], [ 102.505968444404033, -0.377053101223716 ], [ 102.505968408241699, -0.376962798594657 ], [ 102.505609607867044, -0.376962944190817 ], [ 102.505609571717045, -0.376872641526857 ], [ 102.50578897191987, -0.376872568748069 ], [ 102.505788827399144, -0.376511358161762 ], [ 102.505968227559947, -0.376511285449029 ], [ 102.505968083170472, -0.376150074932125 ], [ 102.506147483289283, -0.376150002285453 ], [ 102.506147411142834, -0.375969397061749 ], [ 102.506865011256835, -0.375969106577618 ], [ 102.506864939130367, -0.37578850149337 ], [ 102.507044339068557, -0.375788428897986 ], [ 102.507044266973097, -0.375607823848539 ], [ 102.507223666872946, -0.375607751284352 ], [ 102.507223235005924, -0.374524121195165 ], [ 102.507133535071333, -0.374524157373043 ], [ 102.507133463216633, -0.374343552340422 ], [ 102.506326163431737, -0.374343877742888 ], [ 102.506326055739379, -0.374072969958295 ], [ 102.50614665569735, -0.374073042207507 ] ], [ [ 102.507590719994781, -0.39574505692929 ], [ 102.507590795966493, -0.395925661863887 ], [ 102.507770196186243, -0.395925585362628 ], [ 102.507770120210665, -0.395744980462929 ], [ 102.507590719994781, -0.39574505692929 ] ], [ [ 102.507588606861432, -0.390688118722751 ], [ 102.507588644357639, -0.390778421191363 ], [ 102.507678344417073, -0.390778383438507 ], [ 102.507678306919928, -0.39068808097862 ], [ 102.507588606861432, -0.390688118722751 ] ], [ [ 102.507401667661526, -0.372085881595411 ], [ 102.507401703370633, -0.372176184086114 ], [ 102.507491403255543, -0.372176148132295 ], [ 102.507491367545526, -0.372085845650316 ], [ 102.507401667661526, -0.372085881595411 ] ], [ [ 102.507220740651604, -0.368202945611691 ], [ 102.507220811329631, -0.36838355062985 ], [ 102.507310511193879, -0.368383515044243 ], [ 102.507310440514075, -0.368202910043531 ], [ 102.507220740651604, -0.368202945611691 ] ], [ [ 102.506863468175567, -0.372086097246775 ], [ 102.506863503879231, -0.372176399789816 ], [ 102.506504704044985, -0.372176543573986 ], [ 102.50650473975368, -0.372266846151893 ], [ 102.506415039772548, -0.372266882104369 ], [ 102.506415075489016, -0.372357184690976 ], [ 102.506504775471029, -0.372357148729778 ], [ 102.506504811197047, -0.372447451307641 ], [ 102.506684211136943, -0.372447379365055 ], [ 102.506684282618593, -0.372627984485828 ], [ 102.506773982577371, -0.372627948495718 ], [ 102.506774054095487, -0.372808553598958 ], [ 102.506863754047416, -0.372808517590488 ], [ 102.506863789820386, -0.372898820133353 ], [ 102.50695348976457, -0.372898784115243 ], [ 102.506953525547118, -0.372989086649363 ], [ 102.507132925411298, -0.372989014592948 ], [ 102.507132818084173, -0.372718107042857 ], [ 102.507222518000532, -0.372718071039444 ], [ 102.507222410748696, -0.372447163515325 ], [ 102.507132710835066, -0.372447199492569 ], [ 102.507132675102682, -0.372356896975762 ], [ 102.507042975181307, -0.372356932943367 ], [ 102.507042939458515, -0.372266630417815 ], [ 102.507222339290777, -0.372266558499135 ], [ 102.507222303574821, -0.372176255991007 ], [ 102.507312003477068, -0.372176220039018 ], [ 102.507311967768857, -0.372085917539592 ], [ 102.506863468175567, -0.372086097246775 ] ], [ [ 102.506870071683295, -0.388430857173786 ], [ 102.506870183525123, -0.388701764790638 ], [ 102.506959883632021, -0.388701727246086 ], [ 102.506959771787336, -0.388430819655401 ], [ 102.506870071683295, -0.388430857173786 ] ], [ [ 102.506872777410436, -0.394932639920896 ], [ 102.506872891123848, -0.395203547532748 ], [ 102.506962591299654, -0.395203509360172 ], [ 102.506962477583343, -0.394932601774488 ], [ 102.506872777410436, -0.394932639920896 ] ], [ [ 102.506690187726974, -0.387256998972168 ], [ 102.506690262050469, -0.387437604085578 ], [ 102.506600561930838, -0.387437641505157 ], [ 102.506600599104644, -0.38752794407055 ], [ 102.506779999337141, -0.387527869212994 ], [ 102.506779887836032, -0.387256961569081 ], [ 102.506690187726974, -0.387256998972168 ] ], [ [ 102.50641828894922, -0.380394114810199 ], [ 102.506418361950196, -0.380574719979386 ], [ 102.506508062015868, -0.380574683224539 ], [ 102.506507989013059, -0.380394078072795 ], [ 102.50641828894922, -0.380394114810199 ] ], [ [ 102.506328515912273, -0.380213546359948 ], [ 102.506328552390173, -0.380303848953318 ], [ 102.506418252461742, -0.380303812225571 ], [ 102.506418215982933, -0.380213509640921 ], [ 102.506328515912273, -0.380213546359948 ] ], [ [ 102.505973667405158, -0.38987607432135 ], [ 102.505973742215929, -0.390056679572965 ], [ 102.506063442423738, -0.390056641907163 ], [ 102.506063405013052, -0.389966339290087 ], [ 102.506332505581625, -0.38996622631309 ], [ 102.506332468176737, -0.389875923722154 ], [ 102.505973667405158, -0.38987607432135 ] ], [ [ 102.503813558231656, -0.371816410130634 ], [ 102.503813629533894, -0.371997015809693 ], [ 102.503634229048814, -0.371997087606536 ], [ 102.503634300382046, -0.372177693320365 ], [ 102.503454899858724, -0.372177765148407 ], [ 102.503454971222922, -0.372358370897005 ], [ 102.50327557066133, -0.372358442756243 ], [ 102.50327571348636, -0.372719654322885 ], [ 102.503096312882889, -0.372719726248167 ], [ 102.503096455839128, -0.373080937884164 ], [ 102.502917055193706, -0.373081009875484 ], [ 102.502917269876789, -0.373622827433372 ], [ 102.502737869185822, -0.373622899525572 ], [ 102.502738012473671, -0.373984111300089 ], [ 102.502558611740781, -0.373984183458311 ], [ 102.50255868343298, -0.374164789380285 ], [ 102.502379282661835, -0.374164861569676 ], [ 102.502379354384985, -0.374345467526408 ], [ 102.502020552731537, -0.374345611963839 ], [ 102.502020624482, -0.374526217990169 ], [ 102.501482421731268, -0.374526434723227 ], [ 102.50148249350535, -0.374707040853985 ], [ 102.500944290432201, -0.374707257658399 ], [ 102.500944362229916, -0.374887863893569 ], [ 102.50076496113266, -0.374887936189168 ], [ 102.500765032961311, -0.375068542459081 ], [ 102.500406230655713, -0.375068687108875 ], [ 102.500406302511621, -0.375249293448353 ], [ 102.500226901303265, -0.375249365802543 ], [ 102.500227045111558, -0.375610578550884 ], [ 102.500047643861251, -0.37561065097103 ], [ 102.500047787800582, -0.375971863788662 ], [ 102.499868386508354, -0.375971936274757 ], [ 102.499868458526223, -0.376152542718261 ], [ 102.499689057195738, -0.376152615235478 ], [ 102.499689201327925, -0.376513828191859 ], [ 102.499420099256298, -0.376513937065202 ], [ 102.499420243515786, -0.376875150125679 ], [ 102.499240842084106, -0.376875222772909 ], [ 102.49924105872168, -0.377417042467402 ], [ 102.499061657244368, -0.377417115215366 ], [ 102.499061946563856, -0.378139541612695 ], [ 102.499241348055918, -0.378139468725477 ], [ 102.499241420475926, -0.378320075289773 ], [ 102.499510522654717, -0.378319965899751 ], [ 102.499510450229167, -0.378139359387679 ], [ 102.499869253005755, -0.378139213590934 ], [ 102.499869325438723, -0.378319820033369 ], [ 102.500228128084359, -0.378319674152106 ], [ 102.500228055644016, -0.378139067779316 ], [ 102.50058685814389, -0.378138921952824 ], [ 102.500586821932998, -0.378048618801221 ], [ 102.500676522535429, -0.378048582350981 ], [ 102.500676486332253, -0.377958279208063 ], [ 102.500855887509317, -0.377958206322209 ], [ 102.500855815125249, -0.377777600071135 ], [ 102.501035216264, -0.377777527216396 ], [ 102.501035071592284, -0.377416314783641 ], [ 102.501214472689071, -0.377416241994853 ], [ 102.501214183746114, -0.376693817267604 ], [ 102.50103478266405, -0.376693889917061 ], [ 102.501034710518496, -0.376513283700193 ], [ 102.500855309405523, -0.376513356311115 ], [ 102.500855237298254, -0.376332750059327 ], [ 102.500675836154358, -0.376332822631717 ], [ 102.500675764085358, -0.376152216345011 ], [ 102.500855165225573, -0.376152143807451 ], [ 102.500855093187496, -0.375971537555485 ], [ 102.501034494289442, -0.375971465049057 ], [ 102.501034422282302, -0.375790858831834 ], [ 102.501213823345978, -0.375790786356542 ], [ 102.501213751369761, -0.375610180174062 ], [ 102.502290157003088, -0.375609745453743 ], [ 102.502290085039462, -0.375429139480209 ], [ 102.502828287377866, -0.37542892217473 ], [ 102.502828215437873, -0.375248316305648 ], [ 102.503187016816369, -0.375248171486573 ], [ 102.503186944903661, -0.375067565687106 ], [ 102.503545746136354, -0.375067420922982 ], [ 102.50354567425093, -0.374886815193136 ], [ 102.504980877767267, -0.374886236268029 ], [ 102.504980805887172, -0.374705630817005 ], [ 102.505519006623302, -0.374705413763888 ], [ 102.505518934766883, -0.374524808417397 ], [ 102.505698334939311, -0.374524736093866 ], [ 102.505697904506434, -0.373441104222326 ], [ 102.505877304622302, -0.373441032104386 ], [ 102.505877233001101, -0.373260426827032 ], [ 102.506056633078671, -0.373260354740301 ], [ 102.506056561488478, -0.37307974949774 ], [ 102.50623596152775, -0.373079677442221 ], [ 102.506235889968565, -0.372899072234455 ], [ 102.505966789902132, -0.372899180264034 ], [ 102.505966718383064, -0.372718575003856 ], [ 102.505607918180502, -0.372718718960704 ], [ 102.505607846703342, -0.37253811363068 ], [ 102.505876946862813, -0.372538005716736 ], [ 102.505876839703859, -0.372267097800012 ], [ 102.50569743961168, -0.372267169691239 ], [ 102.505697475320844, -0.372357472347608 ], [ 102.50542837511486, -0.372357580203742 ], [ 102.50542841082995, -0.372447882886247 ], [ 102.505069610430425, -0.372448026716485 ], [ 102.505069574718959, -0.372357723999106 ], [ 102.504710774184517, -0.372357867779825 ], [ 102.504710702794839, -0.372177262275261 ], [ 102.504351902129116, -0.372177405971601 ], [ 102.504351830781346, -0.371996800397216 ], [ 102.503993029984329, -0.371996944009192 ], [ 102.503992994327078, -0.371906641187103 ], [ 102.50390329410709, -0.371906677079096 ], [ 102.503903258459388, -0.371816374248271 ], [ 102.503813558231656, -0.371816410130634 ] ], [ [ 102.505781434694882, -0.357547801889008 ], [ 102.505781503299943, -0.357728407191317 ], [ 102.505960903087825, -0.357728338106082 ], [ 102.505960834479282, -0.357547732838654 ], [ 102.505781434694882, -0.357547801889008 ] ], [ [ 102.505614866494952, -0.389876224905212 ], [ 102.505614903892209, -0.38996652756591 ], [ 102.505884004590712, -0.389966414603292 ], [ 102.505883967190599, -0.389876111968753 ], [ 102.505614866494952, -0.389876224905212 ] ], [ [ 102.505424429830725, -0.362243679625204 ], [ 102.505424638431037, -0.362785495734498 ], [ 102.505693738351596, -0.362785390651062 ], [ 102.505693703560567, -0.362695087992391 ], [ 102.505783403515878, -0.362695052971514 ], [ 102.505783299192103, -0.36242414502153 ], [ 102.505872999136102, -0.362424110025922 ], [ 102.505872964377957, -0.362333807384605 ], [ 102.505603864522641, -0.362333912342598 ], [ 102.505603829775808, -0.3622436096751 ], [ 102.505424429830725, -0.362243679625204 ] ], [ [ 102.505437157353114, -0.393939920684641 ], [ 102.505437232931982, -0.394120526038806 ], [ 102.505526933234833, -0.394120487986402 ], [ 102.505526971038208, -0.394210790654731 ], [ 102.505706371619851, -0.394210714529578 ], [ 102.505706258229907, -0.393939806576838 ], [ 102.505437157353114, -0.393939920684641 ] ], [ [ 102.505601932038488, -0.357276962929909 ], [ 102.505601966308959, -0.357367265598576 ], [ 102.505691666221054, -0.357367231093035 ], [ 102.505691631949716, -0.357276928433088 ], [ 102.505601932038488, -0.357276962929909 ] ], [ [ 102.505523788671553, -0.386535063764192 ], [ 102.505523825747375, -0.386625366434458 ], [ 102.505613525962474, -0.38662532910478 ], [ 102.505613488885672, -0.386535026443233 ], [ 102.505523788671553, -0.386535063764192 ] ], [ [ 102.505153432352415, -0.357277135400844 ], [ 102.505153466618509, -0.357367438113105 ], [ 102.50551226638818, -0.357367300103239 ], [ 102.505512232118591, -0.357276997425853 ], [ 102.505153432352415, -0.357277135400844 ] ], [ [ 102.504897152141893, -0.389605617835456 ], [ 102.504897226877873, -0.389786223296463 ], [ 102.504717826234142, -0.389786298549874 ], [ 102.504717788863729, -0.389695995801947 ], [ 102.504538388187257, -0.389696071034092 ], [ 102.504538462932942, -0.389876676564789 ], [ 102.504448762579813, -0.389876714196858 ], [ 102.504448725203602, -0.389786411422804 ], [ 102.504269324473285, -0.389786486666633 ], [ 102.504269361847591, -0.389876789458119 ], [ 102.503641459012101, -0.389877052842345 ], [ 102.503641533773362, -0.390057658547261 ], [ 102.504000335453213, -0.390057507978021 ], [ 102.504000298064454, -0.389967205160434 ], [ 102.504448799964692, -0.389967016970888 ], [ 102.504448837358254, -0.390057319744896 ], [ 102.505076739661575, -0.390057056178249 ], [ 102.505076702261377, -0.389966753465262 ], [ 102.505435503383254, -0.389966602869528 ], [ 102.505435465987901, -0.389876300191392 ], [ 102.50525606544619, -0.389876375473739 ], [ 102.505256028061396, -0.389786072778142 ], [ 102.505076627486957, -0.389786148039219 ], [ 102.505076552747198, -0.389605542613083 ], [ 102.504897152141893, -0.389605617835456 ] ], [ [ 102.503643868547655, -0.395656435353735 ], [ 102.50364390647799, -0.395746738204719 ], [ 102.503285104417856, -0.395746890954547 ], [ 102.503285142352993, -0.395837193840364 ], [ 102.503464543402302, -0.395837117449969 ], [ 102.503464581348013, -0.395927420318335 ], [ 102.503554281860644, -0.395927382112963 ], [ 102.50355435777999, -0.396107987832197 ], [ 102.503464657265425, -0.396108026054997 ], [ 102.503464733217456, -0.396288631791566 ], [ 102.50328533215847, -0.396288708269099 ], [ 102.50328537014552, -0.396379011154776 ], [ 102.50337507068032, -0.396378972907783 ], [ 102.503375108677005, -0.396469275784722 ], [ 102.504003012184896, -0.396469007967483 ], [ 102.504003050197014, -0.396559310783397 ], [ 102.504092750664483, -0.396559272511178 ], [ 102.504092864755705, -0.396830180932633 ], [ 102.50427226567048, -0.396830104332975 ], [ 102.504272189597131, -0.396649498753558 ], [ 102.504720691722852, -0.396649307324506 ], [ 102.504720653694335, -0.396559004578345 ], [ 102.504810354092541, -0.396558966298326 ], [ 102.504810316071698, -0.396468663560859 ], [ 102.504720615674472, -0.39646870183216 ], [ 102.50472057766325, -0.396378399085952 ], [ 102.504541176844754, -0.396378475608197 ], [ 102.504541138844147, -0.396288172844532 ], [ 102.504451438422876, -0.396288211095476 ], [ 102.504451324475895, -0.396017302778191 ], [ 102.504541024894252, -0.396017264553396 ], [ 102.504540986928276, -0.395926961789637 ], [ 102.50436158608484, -0.39592703822082 ], [ 102.504361548129424, -0.395836735439605 ], [ 102.504271847695705, -0.39583677364502 ], [ 102.504271809749923, -0.395746470855065 ], [ 102.504092408858398, -0.395746547245545 ], [ 102.504092370923203, -0.395656244438136 ], [ 102.503643868547655, -0.395656435353735 ] ], [ [ 102.504537605448775, -0.38779971295622 ], [ 102.504537642635455, -0.387890015722062 ], [ 102.504447942303216, -0.387890053162367 ], [ 102.504448016700636, -0.388070658711416 ], [ 102.504717117677032, -0.388070546335342 ], [ 102.504717043273928, -0.387889940838593 ], [ 102.504627342959026, -0.387889978280804 ], [ 102.504627305771407, -0.387799675523679 ], [ 102.504537605448775, -0.38779971295622 ] ], [ [ 102.504263708206082, -0.375970159301169 ], [ 102.504263744255681, -0.376060462096116 ], [ 102.504174044019663, -0.376060498391781 ], [ 102.504174080077007, -0.376150801195422 ], [ 102.504443180761854, -0.376150692279506 ], [ 102.504443144701753, -0.376060389502014 ], [ 102.504353444483044, -0.376060425799527 ], [ 102.504353408432536, -0.375970123013296 ], [ 102.504263708206082, -0.375970159301169 ] ], [ [ 102.504359548884395, -0.391050688001879 ], [ 102.504359586380886, -0.391140990784326 ], [ 102.504449286756014, -0.391140953031188 ], [ 102.50444924925857, -0.391050650257457 ], [ 102.504359548884395, -0.391050688001879 ] ], [ [ 102.503914188156571, -0.398546011190555 ], [ 102.503914226366845, -0.398636314014645 ], [ 102.504003926865295, -0.39863627554295 ], [ 102.504003888654054, -0.398545972727576 ], [ 102.503914188156571, -0.398546011190555 ] ], [ [ 102.504003926865295, -0.39863627554295 ], [ 102.504003965085204, -0.3987265783583 ], [ 102.504273066531539, -0.398726462911188 ], [ 102.504273028308731, -0.398636160121984 ], [ 102.504362728772549, -0.398636121646369 ], [ 102.504362690557414, -0.398545818865858 ], [ 102.504272990094549, -0.398545857332757 ], [ 102.50427295188905, -0.398455554543507 ], [ 102.50418325141851, -0.39845559300071 ], [ 102.504183289623057, -0.398545895798676 ], [ 102.504093589142883, -0.398545934263616 ], [ 102.504093627355104, -0.398636237070275 ], [ 102.504003926865295, -0.39863627554295 ] ], [ [ 102.503734825343955, -0.398636390955095 ], [ 102.503734863560936, -0.398726693796591 ], [ 102.503824564077689, -0.398726655318141 ], [ 102.503824525859741, -0.39863635248536 ], [ 102.503734825343955, -0.398636390955095 ] ], [ [ 102.503285484158653, -0.396649919811666 ], [ 102.503285560210685, -0.396830525582809 ], [ 102.503644362317274, -0.396830372414708 ], [ 102.503644286257483, -0.396649766713278 ], [ 102.503285484158653, -0.396649919811666 ] ], [ [ 102.503271593072853, -0.362154215854477 ], [ 102.503271627788038, -0.362244518748622 ], [ 102.503361327972712, -0.362244483795387 ], [ 102.503361362697433, -0.362334786680797 ], [ 102.503540763042594, -0.362334716754228 ], [ 102.503540728316096, -0.362244413886245 ], [ 102.503630428474793, -0.362244378930338 ], [ 102.503630393756083, -0.362154076071049 ], [ 102.503271593072853, -0.362154215854477 ] ], [ [ 102.503271454298726, -0.361793004277681 ], [ 102.503271523668474, -0.361973610066122 ], [ 102.50354062418856, -0.361973505282169 ], [ 102.503540554813497, -0.361792899546012 ], [ 102.503271454298726, -0.361793004277681 ] ], [ [ 102.502474904928704, -0.388793906269226 ], [ 102.502474942188783, -0.388884209235241 ], [ 102.502385241647033, -0.38888424674944 ], [ 102.502385278914815, -0.388974549724143 ], [ 102.502026476657448, -0.388974699806222 ], [ 102.50202651393009, -0.389065002815746 ], [ 102.501936813343164, -0.389065040342585 ], [ 102.501936850623508, -0.389155343360796 ], [ 102.501847150026975, -0.38915538089539 ], [ 102.501847336553723, -0.38960689602965 ], [ 102.50175763594379, -0.389606933606836 ], [ 102.501757785317125, -0.38996814574867 ], [ 102.501847485930867, -0.389968108136645 ], [ 102.501847523296789, -0.390058411163336 ], [ 102.501937223902829, -0.390058373541641 ], [ 102.501937298662511, -0.390238979577534 ], [ 102.501847598054567, -0.390239017216649 ], [ 102.501847672846964, -0.390419623269869 ], [ 102.501757972228475, -0.390419660925444 ], [ 102.501758084479093, -0.390690570031232 ], [ 102.501847785100452, -0.390690532349527 ], [ 102.501847822535595, -0.390780835376034 ], [ 102.50193752314928, -0.390780797684659 ], [ 102.501937560594001, -0.390871100702432 ], [ 102.502206662385944, -0.39087098759641 ], [ 102.50220673730712, -0.391051593579624 ], [ 102.50292434172016, -0.3910512917819 ], [ 102.502924266783722, -0.390870685938074 ], [ 102.503283068774905, -0.390870535085845 ], [ 102.503283031315846, -0.39078023219875 ], [ 102.503372731791046, -0.390780194492004 ], [ 102.503372694339689, -0.3906898916136 ], [ 102.503462394805283, -0.390689853914608 ], [ 102.50346228250028, -0.390418945305398 ], [ 102.503282881566179, -0.390419020650139 ], [ 102.503282918990607, -0.390509323537327 ], [ 102.5029241170147, -0.390509474250146 ], [ 102.502924042182116, -0.390328868406043 ], [ 102.503013742687173, -0.390328830746704 ], [ 102.503013667887302, -0.390148224919935 ], [ 102.503103368381801, -0.390148187277062 ], [ 102.503103330993895, -0.390057884372356 ], [ 102.503462132881495, -0.390057733826128 ], [ 102.503462095498449, -0.389967430956253 ], [ 102.503372395040472, -0.389967468585534 ], [ 102.503372357667018, -0.389877165706923 ], [ 102.503103256244046, -0.389877278562874 ], [ 102.503103218882131, -0.389786975658099 ], [ 102.503372320302233, -0.389786862828288 ], [ 102.503372245598612, -0.389606257070949 ], [ 102.503461946052767, -0.389606219476523 ], [ 102.503461871381859, -0.38942561373652 ], [ 102.503372170929609, -0.389425651313518 ], [ 102.503372096295251, -0.389245045555995 ], [ 102.503192695368568, -0.389245120672264 ], [ 102.503192658066268, -0.389154817776041 ], [ 102.503102957590897, -0.389154855324028 ], [ 102.503102994892245, -0.389245158228964 ], [ 102.50292359391365, -0.389245233339493 ], [ 102.502923631221748, -0.389335536261832 ], [ 102.502833930718509, -0.389335573824373 ], [ 102.502833818823007, -0.389064665031149 ], [ 102.502744118313956, -0.389064702566597 ], [ 102.502744081033725, -0.388974399626764 ], [ 102.502654380516972, -0.388974437152543 ], [ 102.50265430598435, -0.388793831255384 ], [ 102.502474904928704, -0.388793906269226 ] ], [ [ 102.50335977431925, -0.358180853929857 ], [ 102.503359842998321, -0.358361459702571 ], [ 102.503270142851477, -0.358361494281121 ], [ 102.503270211563432, -0.358542100071179 ], [ 102.503180511406157, -0.358542134666274 ], [ 102.503180545774242, -0.358632437569984 ], [ 102.503359946081829, -0.358632368361485 ], [ 102.503359877350832, -0.358451762588897 ], [ 102.503449577489889, -0.358451728000752 ], [ 102.503449474455692, -0.358180819367853 ], [ 102.50335977431925, -0.358180853929857 ] ], [ [ 102.503288012156816, -0.402609910209638 ], [ 102.503288050749788, -0.402700213093663 ], [ 102.503377751352872, -0.402700174236711 ], [ 102.503377712758919, -0.4026098713614 ], [ 102.503288012156816, -0.402609910209638 ] ], [ [ 102.503090433772314, -0.357548837222434 ], [ 102.503090468044306, -0.35763914013509 ], [ 102.50300076787849, -0.357639174641294 ], [ 102.503000802158255, -0.357729477562642 ], [ 102.50318020248298, -0.357729408531929 ], [ 102.503180133928609, -0.357548802724065 ], [ 102.503090433772314, -0.357548837222434 ] ], [ [ 102.502552301195024, -0.357729650124033 ], [ 102.502552335479066, -0.357819953088921 ], [ 102.502462635259576, -0.357819987607273 ], [ 102.502462703851904, -0.358000593554409 ], [ 102.502552404073157, -0.358000559018634 ], [ 102.502552438383162, -0.358090861983459 ], [ 102.502642138596627, -0.358090827438092 ], [ 102.502642172916168, -0.358181130394184 ], [ 102.502731873121846, -0.358181095839225 ], [ 102.502731941788667, -0.358361701733921 ], [ 102.502821641987438, -0.358361667160656 ], [ 102.502821607648841, -0.358271364222031 ], [ 102.503090708190584, -0.358271260523091 ], [ 102.503090639534093, -0.358090654698054 ], [ 102.503000939363901, -0.358090689247822 ], [ 102.503000870743776, -0.357910083405274 ], [ 102.502821470380937, -0.357910152467319 ], [ 102.50282140179894, -0.357729546589836 ], [ 102.502731701606294, -0.357729581102115 ], [ 102.502731735892084, -0.357819884049579 ], [ 102.502642035689888, -0.35781991856969 ], [ 102.502642001404965, -0.357729615613514 ], [ 102.502552301195024, -0.357729650124033 ] ], [ [ 102.502822537829019, -0.360709543557463 ], [ 102.502822572401314, -0.360799846495515 ], [ 102.502732872178811, -0.360799881304011 ], [ 102.502732906758894, -0.360890184250754 ], [ 102.502643206526869, -0.360890219067074 ], [ 102.502643241114683, -0.360980522022508 ], [ 102.502732941347588, -0.360980487197475 ], [ 102.502733010550969, -0.361161093090854 ], [ 102.502912410994327, -0.361161023403276 ], [ 102.502912445610761, -0.361251326332509 ], [ 102.503002145820332, -0.361251291478676 ], [ 102.503002111203031, -0.361160988558156 ], [ 102.503091811403067, -0.361160953712147 ], [ 102.503091673016812, -0.360799742064706 ], [ 102.5030019728203, -0.360799776875863 ], [ 102.503001938246243, -0.360709473955236 ], [ 102.502822537829019, -0.360709543557463 ] ], [ [ 102.50255312640094, -0.359896921275504 ], [ 102.502553195393091, -0.360077527204242 ], [ 102.502732595849935, -0.360077457729303 ], [ 102.502732561347756, -0.359987154782368 ], [ 102.502822261562329, -0.359987120052283 ], [ 102.502822227067938, -0.35989681711404 ], [ 102.50255312640094, -0.359896921275504 ] ], [ [ 102.50264296465437, -0.360258098378444 ], [ 102.502643102815298, -0.360619310200646 ], [ 102.50273280304468, -0.360619275410462 ], [ 102.502732768490603, -0.360528972463655 ], [ 102.50282246871042, -0.360528937681296 ], [ 102.502822399626439, -0.360348331805044 ], [ 102.502732699408369, -0.360348366569978 ], [ 102.502732664880227, -0.360258063623108 ], [ 102.50264296465437, -0.360258098378444 ] ], [ [ 102.502473237181718, -0.384730272774882 ], [ 102.502473274052392, -0.384820575741925 ], [ 102.502832075962843, -0.384820427243729 ], [ 102.502832039088418, -0.384730124311534 ], [ 102.502473237181718, -0.384730272774882 ] ], [ [ 102.501761068436437, -0.3978245097418 ], [ 102.501761106554142, -0.397914812775176 ], [ 102.501671405847119, -0.397914851152695 ], [ 102.501671482106502, -0.398095457236798 ], [ 102.501761182815486, -0.398095418841859 ], [ 102.501761220959139, -0.398185721875165 ], [ 102.501671520249204, -0.398185760278813 ], [ 102.501671558400517, -0.398276063320806 ], [ 102.501492156952693, -0.398276140142583 ], [ 102.501492195110728, -0.398366443201971 ], [ 102.501312793626369, -0.39836652003725 ], [ 102.501312869964494, -0.39854712619079 ], [ 102.501402570712955, -0.398547087756223 ], [ 102.501402532538592, -0.398456784688173 ], [ 102.501761335442012, -0.398456630974943 ], [ 102.501761411807195, -0.398637237041343 ], [ 102.501851112513364, -0.398637198593167 ], [ 102.501851074325472, -0.398546895568688 ], [ 102.501940775022035, -0.398546857128242 ], [ 102.501940736841817, -0.39845655411245 ], [ 102.502209838876624, -0.398456438811365 ], [ 102.502209724379156, -0.398185529842243 ], [ 102.502299425037208, -0.398185491432723 ], [ 102.502299348746888, -0.398004885470612 ], [ 102.502119947426024, -0.398004962253832 ], [ 102.5021199092958, -0.397914659255319 ], [ 102.502030208623353, -0.397914697636751 ], [ 102.502030170502749, -0.397824394629505 ], [ 102.501761068436437, -0.3978245097418 ] ], [ [ 102.502206887253294, -0.391412805545775 ], [ 102.502206924761467, -0.391503108537255 ], [ 102.502296625348166, -0.391503070772349 ], [ 102.502296587839027, -0.39141276778958 ], [ 102.502206887253294, -0.391412805545775 ] ], [ [ 102.501576453106594, -0.385272462191591 ], [ 102.501576526941605, -0.385453068299589 ], [ 102.50166622752532, -0.385453031124953 ], [ 102.501666264456716, -0.385543334170208 ], [ 102.501486863278771, -0.385543408535952 ], [ 102.501487011083427, -0.385904620786422 ], [ 102.501397310477714, -0.385904658002708 ], [ 102.501397421419227, -0.386175567216447 ], [ 102.501307720802004, -0.386175604457911 ], [ 102.50130775779887, -0.386265907537821 ], [ 102.501397458417017, -0.386265870287648 ], [ 102.501397643535796, -0.386717385643311 ], [ 102.501577044755564, -0.386717311053026 ], [ 102.501577007712626, -0.386627007999358 ], [ 102.501666708308576, -0.386626970711499 ], [ 102.50166667127337, -0.386536667666517 ], [ 102.501756371859713, -0.386536630386417 ], [ 102.501756260803077, -0.386265721277463 ], [ 102.501845961377953, -0.386265684022543 ], [ 102.501845924375431, -0.386175380994889 ], [ 102.502115026045331, -0.386175269250562 ], [ 102.502114878110476, -0.385814057244242 ], [ 102.502025177566267, -0.385814094458459 ], [ 102.502025066708811, -0.385543185427348 ], [ 102.502204467782917, -0.385543111050231 ], [ 102.50220443084585, -0.385452808057237 ], [ 102.502114730314048, -0.385452845237559 ], [ 102.502114693386574, -0.385362542235831 ], [ 102.502024992847069, -0.385362579406494 ], [ 102.502024955929201, -0.385272276396033 ], [ 102.501576453106594, -0.385272462191591 ] ], [ [ 102.501942039822964, -0.401526856636141 ], [ 102.501942078297361, -0.401617159651129 ], [ 102.502121479730931, -0.401617082174986 ], [ 102.502121441254573, -0.401526779177419 ], [ 102.501942039822964, -0.401526856636141 ] ], [ [ 102.501836077035321, -0.361342047542986 ], [ 102.501836146290273, -0.361522653610415 ], [ 102.501746445965566, -0.361522688478833 ], [ 102.501746549910251, -0.361793597605946 ], [ 102.501925950556355, -0.361793527815962 ], [ 102.501925915897687, -0.361703224791032 ], [ 102.502015616206876, -0.361703189903416 ], [ 102.502015477655277, -0.361341977838324 ], [ 102.501836077035321, -0.361342047542986 ] ], [ [ 102.501925950556355, -0.361793527815962 ], [ 102.501925985223664, -0.36188383084087 ], [ 102.502015685534602, -0.361883795935833 ], [ 102.502015650866412, -0.361793492919635 ], [ 102.501925950556355, -0.361793527815962 ] ], [ [ 102.501656988284751, -0.362154844703628 ], [ 102.501657022984006, -0.36224514775458 ], [ 102.501746723324445, -0.362245112817374 ], [ 102.501746688624308, -0.362154809775131 ], [ 102.501656988284751, -0.362154844703628 ] ], [ [ 102.501746723324445, -0.362245112817374 ], [ 102.501746792750694, -0.362425718901795 ], [ 102.501836493084255, -0.362425683946279 ], [ 102.501836527811236, -0.362515986979748 ], [ 102.501746827476808, -0.362516021943974 ], [ 102.501746862211533, -0.362606324986131 ], [ 102.501836562546856, -0.362606290013195 ], [ 102.50183659729116, -0.362696593046621 ], [ 102.501926297618738, -0.362696558064083 ], [ 102.501926123979374, -0.36224504294029 ], [ 102.501746723324445, -0.362245112817374 ] ], [ [ 102.501746688624308, -0.362154809775131 ], [ 102.501836388955212, -0.362154774845744 ], [ 102.501836354262835, -0.36206447181219 ], [ 102.501746653932813, -0.362064506732867 ], [ 102.501746688624308, -0.362154809775131 ] ], [ [ 102.501757263116104, -0.388703903250642 ], [ 102.501757300359941, -0.388794206286364 ], [ 102.501936701554044, -0.388794131287814 ], [ 102.501936664308317, -0.388703828269511 ], [ 102.501757263116104, -0.388703903250642 ] ], [ [ 102.501572733409745, -0.376061550563917 ], [ 102.50157280547981, -0.376242156676503 ], [ 102.501662505968667, -0.376242120390229 ], [ 102.501662469928391, -0.376151817342656 ], [ 102.501841870878295, -0.376151744784753 ], [ 102.501841834844825, -0.376061441754577 ], [ 102.501572733409745, -0.376061550563917 ] ], [ [ 102.501565256045666, -0.35682699907351 ], [ 102.501565290233586, -0.356917302134425 ], [ 102.501475589927651, -0.356917336556009 ], [ 102.501475692540751, -0.357188245764754 ], [ 102.501655093149196, -0.357188176868452 ], [ 102.501654956342065, -0.356826964659758 ], [ 102.501565256045666, -0.35682699907351 ] ], [ [ 102.500321829142436, -0.388162683911295 ], [ 102.500321866319183, -0.388252987086484 ], [ 102.500232165576449, -0.388253024516796 ], [ 102.500232202760898, -0.388343327700668 ], [ 102.500142502008558, -0.388343365138732 ], [ 102.500142613610961, -0.388614274716328 ], [ 102.500052912847138, -0.388614312179554 ], [ 102.50005298729009, -0.388794918581914 ], [ 102.499963286515708, -0.388794956061596 ], [ 102.49996343550157, -0.389156168900862 ], [ 102.499873734714754, -0.389156206414409 ], [ 102.499873846542101, -0.389427116069734 ], [ 102.499784145743774, -0.389427153608439 ], [ 102.499784183035899, -0.389517456835539 ], [ 102.499873883835178, -0.389517419288129 ], [ 102.499873995766293, -0.389788328943177 ], [ 102.499784294964186, -0.389788366516703 ], [ 102.499784332290886, -0.389878669743711 ], [ 102.499246127290803, -0.389878895216966 ], [ 102.499246201958755, -0.390059501775364 ], [ 102.500681414630975, -0.390058900158106 ], [ 102.500681564131625, -0.390420112717485 ], [ 102.500860965567583, -0.390420037428409 ], [ 102.500860928177559, -0.390329734306014 ], [ 102.500950628881611, -0.390329696668744 ], [ 102.500950554125581, -0.390149090441299 ], [ 102.500860853423433, -0.390149128061154 ], [ 102.50086081605933, -0.390058824938689 ], [ 102.501578421426757, -0.390058524022666 ], [ 102.50157834670928, -0.389877917917003 ], [ 102.501398945423134, -0.389877993116925 ], [ 102.501398908079295, -0.389787690046641 ], [ 102.500771003311968, -0.389787953155223 ], [ 102.500771040649155, -0.389878256286464 ], [ 102.50041223773087, -0.389878406647972 ], [ 102.50041227507289, -0.389968709814018 ], [ 102.500143172790501, -0.389968822601203 ], [ 102.500143135451324, -0.389878519409039 ], [ 102.5000534346742, -0.389878556994145 ], [ 102.500053322711423, -0.389607647391398 ], [ 102.500143023485705, -0.389607609832409 ], [ 102.500142986181132, -0.389517306640153 ], [ 102.500232686945807, -0.389517269088912 ], [ 102.5002325750811, -0.389246359538124 ], [ 102.500322275834293, -0.389246322012044 ], [ 102.500322201299156, -0.389065715662149 ], [ 102.500411902041805, -0.389065678152525 ], [ 102.500411827539367, -0.388885071819951 ], [ 102.500501528271457, -0.388885034326784 ], [ 102.500501491032253, -0.388794731169169 ], [ 102.500591191754765, -0.388794693683752 ], [ 102.500591080086224, -0.38852378423689 ], [ 102.500680780797211, -0.388523746776638 ], [ 102.500680632023119, -0.388162534215328 ], [ 102.500321829142436, -0.388162683911295 ] ], [ [ 102.500847448458728, -0.356285455568017 ], [ 102.500847516725514, -0.356466061829412 ], [ 102.500937217087653, -0.356466027457507 ], [ 102.500937285390776, -0.356646633701403 ], [ 102.501026985745995, -0.356646599311207 ], [ 102.501027054085469, -0.356827205537603 ], [ 102.501116754433781, -0.356827171129114 ], [ 102.501116788617367, -0.356917474233572 ], [ 102.501206488957919, -0.356917439815497 ], [ 102.501206386430539, -0.356646530528184 ], [ 102.501296086759808, -0.356646496135357 ], [ 102.501296052600424, -0.356556193048253 ], [ 102.501385752920186, -0.356556158663258 ], [ 102.50138568462566, -0.356375552506403 ], [ 102.501295984307646, -0.35637558687398 ], [ 102.501295950174224, -0.356285283786812 ], [ 102.500847448458728, -0.356285455568017 ] ], [ [ 102.501035614824872, -0.378770861404631 ], [ 102.501035651109589, -0.378861164512518 ], [ 102.501215052235906, -0.378861091445068 ], [ 102.501215015949356, -0.378770788354597 ], [ 102.501035614824872, -0.378770861404631 ] ], [ [ 102.501136433620999, -0.405500541237386 ], [ 102.501136472467195, -0.405590844329709 ], [ 102.501226173309533, -0.405590805217849 ], [ 102.501226134462343, -0.405500502134234 ], [ 102.501136433620999, -0.405500541237386 ] ], [ [ 102.50095418144457, -0.398818189253896 ], [ 102.500954219648662, -0.398908492365393 ], [ 102.501043920435649, -0.398908453899913 ], [ 102.501043882230547, -0.398818150797124 ], [ 102.50095418144457, -0.398818189253896 ] ], [ [ 102.498439379930929, -0.391233783722741 ], [ 102.498439454841062, -0.391414390437094 ], [ 102.49772184693802, -0.391414692128712 ], [ 102.497721921867424, -0.391595298982183 ], [ 102.497542519801414, -0.391595374430264 ], [ 102.497542594761555, -0.391775981318441 ], [ 102.497452893713671, -0.391776019058436 ], [ 102.497453269023325, -0.392679053584925 ], [ 102.497542970080787, -0.392679015757938 ], [ 102.497543045248335, -0.392859622645559 ], [ 102.497722447341175, -0.392859546953891 ], [ 102.49772252254715, -0.393040153806621 ], [ 102.498081326636751, -0.393040002342092 ], [ 102.49808140188496, -0.393220609125128 ], [ 102.498260803881749, -0.393220533352263 ], [ 102.49826087916837, -0.393401140100402 ], [ 102.498440281134435, -0.393401064288864 ], [ 102.498440431819077, -0.393762277715253 ], [ 102.498799235662844, -0.393762125941341 ], [ 102.49879931106473, -0.393942732584779 ], [ 102.499158114777885, -0.393942580725756 ], [ 102.499158039368311, -0.393761974151941 ], [ 102.499516842935435, -0.393761822347053 ], [ 102.499516767552763, -0.393581215842775 ], [ 102.500054972632512, -0.393580988210863 ], [ 102.500054897272889, -0.393400381810951 ], [ 102.500234298893119, -0.39340030596073 ], [ 102.500234223564235, -0.393219699595548 ], [ 102.500413625146024, -0.393219623776284 ], [ 102.500412948708359, -0.391594166798897 ], [ 102.500233547161073, -0.391594242304737 ], [ 102.500233472178124, -0.391413635938628 ], [ 102.500054070600072, -0.391413711405795 ], [ 102.500053995655534, -0.391233105004771 ], [ 102.498439379930929, -0.391233783722741 ] ], [ [ 102.499773661118937, -0.36314891356706 ], [ 102.499773800274042, -0.363510126501201 ], [ 102.500132602360111, -0.363509986334339 ], [ 102.500132532758158, -0.363329379936953 ], [ 102.500222233256281, -0.363329344910415 ], [ 102.50022216368717, -0.363148738530356 ], [ 102.499773661118937, -0.36314891356706 ] ], [ [ 102.492520487414154, -0.394577515121117 ], [ 102.492520525121122, -0.394667819051267 ], [ 102.492610226674671, -0.394667781086259 ], [ 102.492610264391246, -0.394758085007699 ], [ 102.492699965937135, -0.394758047033033 ], [ 102.492700003663288, -0.394848350945762 ], [ 102.492789705201531, -0.394848312961439 ], [ 102.492789780681647, -0.395028920769453 ], [ 102.492969183736079, -0.395028844763142 ], [ 102.492969221491009, -0.395119148649739 ], [ 102.493058923006245, -0.395119110636439 ], [ 102.493058960770782, -0.395209414514323 ], [ 102.493148662278358, -0.395209376491364 ], [ 102.493148700052487, -0.395299680360537 ], [ 102.493238401552389, -0.395299642327917 ], [ 102.49323843933611, -0.395389946188378 ], [ 102.493328140828368, -0.395389908146098 ], [ 102.493328178621667, -0.395480211997847 ], [ 102.49341788010625, -0.395480173945905 ], [ 102.493417917909156, -0.395570477788942 ], [ 102.493597320854334, -0.395570401664763 ], [ 102.493597358667827, -0.395660705490398 ], [ 102.493687060128437, -0.39566066741816 ], [ 102.493687097951508, -0.395750971235082 ], [ 102.493776799404458, -0.395750933153182 ], [ 102.493776837237135, -0.39584123696139 ], [ 102.493866538682425, -0.395841198869827 ], [ 102.493866576524695, -0.395931502669321 ], [ 102.493956277962297, -0.395931464568095 ], [ 102.49395635367469, -0.396112072149633 ], [ 102.494135756527896, -0.396111995909497 ], [ 102.494135794398957, -0.396202299682849 ], [ 102.494225495813581, -0.39620226155263 ], [ 102.494225533694262, -0.396292565317268 ], [ 102.494315235101212, -0.396292527177383 ], [ 102.494315272991486, -0.396382830933307 ], [ 102.494404974390775, -0.396382792783756 ], [ 102.494405088116324, -0.396653704025312 ], [ 102.493956581019049, -0.396653894893687 ], [ 102.493956505203073, -0.396473287312429 ], [ 102.493777102307604, -0.396473363618192 ], [ 102.493777026530026, -0.39629275600208 ], [ 102.493687325071292, -0.39629279413612 ], [ 102.493687287196394, -0.396202490319338 ], [ 102.493597585730001, -0.396202528443714 ], [ 102.493597547864709, -0.39611222461822 ], [ 102.493507846390642, -0.396112262732932 ], [ 102.493507808534972, -0.396021958898725 ], [ 102.49341810705323, -0.396021997003774 ], [ 102.493418069207152, -0.395931693160854 ], [ 102.49323866621971, -0.395931769350654 ], [ 102.493238628384205, -0.395841465490333 ], [ 102.492969523841211, -0.395841579741668 ], [ 102.492969561673817, -0.395931883628054 ], [ 102.492879860141272, -0.395931921718574 ], [ 102.492879935830459, -0.396112529508652 ], [ 102.492969637364936, -0.396112491400756 ], [ 102.492969675223435, -0.396202795287072 ], [ 102.493059376750253, -0.396202757169514 ], [ 102.493059452495089, -0.3963833649247 ], [ 102.493149154015242, -0.396383326788791 ], [ 102.49314919190158, -0.396473630657661 ], [ 102.493238893414031, -0.396473592512089 ], [ 102.493238931309961, -0.396563896372246 ], [ 102.493418334310974, -0.396563820060802 ], [ 102.493418410132577, -0.39674442774629 ], [ 102.493597813102909, -0.396744351396188 ], [ 102.493597851028611, -0.396834655221519 ], [ 102.493777253966357, -0.396834578850136 ], [ 102.493777329847518, -0.397015186465967 ], [ 102.493867031305399, -0.397015148261432 ], [ 102.493867107223053, -0.39719575585979 ], [ 102.493777405763225, -0.397195794081705 ], [ 102.493777443734047, -0.397286097889539 ], [ 102.493687742264612, -0.397286136119167 ], [ 102.493687780243093, -0.397376439935668 ], [ 102.493598078764066, -0.39737647817301 ], [ 102.493598116750206, -0.397466781998176 ], [ 102.493687818230185, -0.397466743752144 ], [ 102.493687856225904, -0.397557047568598 ], [ 102.493777557698223, -0.397557009312899 ], [ 102.493777633717514, -0.397737616928355 ], [ 102.493687932243262, -0.397737655201434 ], [ 102.493687894230263, -0.397647351385027 ], [ 102.493508491257785, -0.397647427910872 ], [ 102.493508529268837, -0.397737731744657 ], [ 102.493418827768679, -0.397737770014802 ], [ 102.49341886578739, -0.397828073857254 ], [ 102.493598268781014, -0.397827997298607 ], [ 102.493598306810298, -0.397918301123656 ], [ 102.493688008295123, -0.397918262834176 ], [ 102.493688046334015, -0.398008566650512 ], [ 102.493867449279733, -0.398008490051237 ], [ 102.493867487329197, -0.398098793850169 ], [ 102.493957188790077, -0.398098755540373 ], [ 102.493957112697856, -0.397918147959866 ], [ 102.494046814148135, -0.397918109666473 ], [ 102.49404677611399, -0.397827805884875 ], [ 102.49413647755469, -0.397827767599194 ], [ 102.494136287508638, -0.397376248734305 ], [ 102.494225988935838, -0.397376210491101 ], [ 102.494225950951559, -0.397285906726744 ], [ 102.494405353778134, -0.39728583025479 ], [ 102.49440539176436, -0.397376134001764 ], [ 102.494495093165668, -0.39737609575563 ], [ 102.4944951311615, -0.39746639949389 ], [ 102.494674533940156, -0.397466322981307 ], [ 102.494674495942391, -0.397376019260432 ], [ 102.494764197317792, -0.397375981011367 ], [ 102.494764159327673, -0.397285677299161 ], [ 102.495122964739068, -0.397285524327905 ], [ 102.495123002733052, -0.39737582800534 ], [ 102.495302405388884, -0.397375751496465 ], [ 102.495302443393442, -0.397466055156489 ], [ 102.495392144709371, -0.397466016891892 ], [ 102.495392182723535, -0.397556320543199 ], [ 102.49548188403179, -0.397556282268931 ], [ 102.495481922055561, -0.39764658591152 ], [ 102.49557162335617, -0.39764654762758 ], [ 102.495571699431579, -0.397827154895299 ], [ 102.495661400725467, -0.397827116592992 ], [ 102.495661438777105, -0.397917420218122 ], [ 102.495751140063334, -0.397917381906143 ], [ 102.495751178124578, -0.398007685522554 ], [ 102.495840879403147, -0.398007647200902 ], [ 102.495840917473998, -0.398097950808594 ], [ 102.495930618744893, -0.398097912477268 ], [ 102.495930656825351, -0.398188216076242 ], [ 102.496020358088586, -0.398188177735242 ], [ 102.496020434277355, -0.398368784915728 ], [ 102.496110135533911, -0.398368746556358 ], [ 102.496110173642222, -0.39845905013787 ], [ 102.496199874891104, -0.398459011768824 ], [ 102.496199913009036, -0.398549315341617 ], [ 102.496289614250259, -0.398549276962896 ], [ 102.496289652377783, -0.398639580526969 ], [ 102.49637935361136, -0.398639542138571 ], [ 102.496379391748491, -0.398729845693924 ], [ 102.496469092974394, -0.39872980729585 ], [ 102.496469131121145, -0.398820110842483 ], [ 102.496558832339375, -0.398820072434732 ], [ 102.496558870495747, -0.398910375972645 ], [ 102.496648571706288, -0.398910337555216 ], [ 102.49664860987231, -0.399000641084408 ], [ 102.496738311075177, -0.399000602657302 ], [ 102.496738349250776, -0.399090906177773 ], [ 102.496828050445998, -0.399090867740988 ], [ 102.496828088631219, -0.399181171252738 ], [ 102.496917789818781, -0.399181132806274 ], [ 102.496917828013636, -0.399271436309304 ], [ 102.49700752919351, -0.399271397853161 ], [ 102.497007567397958, -0.399361701347468 ], [ 102.497097268570187, -0.399361662881645 ], [ 102.497097306784255, -0.399451966367231 ], [ 102.49718700794881, -0.399451927891728 ], [ 102.497187046172499, -0.399542231368592 ], [ 102.497276747329394, -0.399542192883409 ], [ 102.497276823804626, -0.399722799819669 ], [ 102.497366524954842, -0.399722761316105 ], [ 102.497366563206398, -0.399813064775501 ], [ 102.497456264348941, -0.399813026262256 ], [ 102.497456302610118, -0.399903329712929 ], [ 102.497635704871229, -0.399903252666092 ], [ 102.497635743142993, -0.399993556099343 ], [ 102.497725444261562, -0.39999351756575 ], [ 102.497725482542947, -0.400083820990277 ], [ 102.497815183653856, -0.400083782447001 ], [ 102.497815221944862, -0.400174085862805 ], [ 102.497904923048111, -0.400174047309845 ], [ 102.497904999658004, -0.400354654123981 ], [ 102.49799470075456, -0.400354615552637 ], [ 102.497994777400976, -0.400535222349279 ], [ 102.498084478490838, -0.400535183759549 ], [ 102.498084747032436, -0.401167307486144 ], [ 102.497905344830386, -0.401167384786426 ], [ 102.497905421630406, -0.401347991600042 ], [ 102.497546617114708, -0.401348146258369 ], [ 102.497546693941473, -0.401528753141489 ], [ 102.497367291627853, -0.401528830499529 ], [ 102.497367368485257, -0.401709437417351 ], [ 102.49727766731354, -0.401709476112288 ], [ 102.497277705754215, -0.401799779579862 ], [ 102.497098303382856, -0.401799856984171 ], [ 102.497098341830224, -0.401890160469119 ], [ 102.497008640630625, -0.401890199178489 ], [ 102.4970087560216, -0.402161109659283 ], [ 102.497188158418084, -0.402161032187364 ], [ 102.497188196900993, -0.402251335663518 ], [ 102.497008794502548, -0.402251413152834 ], [ 102.497008948512729, -0.402612627126798 ], [ 102.497278052109237, -0.40261251078696 ], [ 102.497277975080962, -0.402431903852216 ], [ 102.497636779747467, -0.402431748788169 ], [ 102.49763674124236, -0.402341445355558 ], [ 102.497816143521803, -0.402341367834998 ], [ 102.497816105023375, -0.402251064419763 ], [ 102.497995507266282, -0.402250986912647 ], [ 102.497995430291425, -0.402070380116906 ], [ 102.498174832495835, -0.402070302640638 ], [ 102.498174678641973, -0.401709089118477 ], [ 102.498354080803949, -0.401709011707865 ], [ 102.498354003924973, -0.401528404981446 ], [ 102.498533406048452, -0.40152832760169 ], [ 102.498533329200114, -0.401347720909983 ], [ 102.498712731285096, -0.401347643561086 ], [ 102.498712654467425, -0.401167036904093 ], [ 102.498802355494988, -0.40116699824557 ], [ 102.498802393900476, -0.401257301565376 ], [ 102.498892094920393, -0.401257262897163 ], [ 102.498892133335502, -0.401347566208243 ], [ 102.498981834347731, -0.401347527530342 ], [ 102.49898187277249, -0.401437830832695 ], [ 102.499071573777073, -0.401437792145104 ], [ 102.499071650654443, -0.401618398732334 ], [ 102.499161351652333, -0.401618360026349 ], [ 102.499161390104973, -0.401708663311225 ], [ 102.499251091095189, -0.40170862459555 ], [ 102.49925112955745, -0.401798927871699 ], [ 102.499340830540007, -0.401798889146332 ], [ 102.499340869011903, -0.401889192413754 ], [ 102.499430569986799, -0.401889153678695 ], [ 102.499430646958487, -0.402069760196059 ], [ 102.499610048886254, -0.402069682688162 ], [ 102.499610087387026, -0.402159985929399 ], [ 102.49969978833893, -0.402159947165263 ], [ 102.499699826849337, -0.402250250397773 ], [ 102.499789527793581, -0.402250211623944 ], [ 102.499789566313623, -0.402340514847724 ], [ 102.499968968178095, -0.402340437279689 ], [ 102.499968929656092, -0.402250134073318 ], [ 102.499879228729156, -0.402250172849125 ], [ 102.499879190216774, -0.402159869634026 ], [ 102.499789489282179, -0.402159908400139 ], [ 102.499789373799885, -0.401888998728583 ], [ 102.499699672859592, -0.401889037467593 ], [ 102.499699634383759, -0.401798734234989 ], [ 102.499609933435792, -0.401798772964306 ], [ 102.499609856512052, -0.401618166481617 ], [ 102.499430454594105, -0.401618243902472 ], [ 102.499430416147163, -0.401527940643683 ], [ 102.499340715176203, -0.401527979343926 ], [ 102.499340676738882, -0.40143767607641 ], [ 102.499250975760262, -0.401437714766961 ], [ 102.499250937332562, -0.401347411490718 ], [ 102.49907153535132, -0.401347488851454 ], [ 102.499071496934235, -0.40125718555778 ], [ 102.498981795931641, -0.401257224227965 ], [ 102.498981757524206, -0.401166920925564 ], [ 102.49889205651391, -0.40116695958606 ], [ 102.498892018116081, -0.401076656274933 ], [ 102.498802317098139, -0.40107669492574 ], [ 102.498802278709945, -0.400986391605886 ], [ 102.498891979726892, -0.400986352963782 ], [ 102.498891711244667, -0.400354229785062 ], [ 102.498263803992359, -0.400354499832699 ], [ 102.498263765679184, -0.400264196460445 ], [ 102.498084363531234, -0.400264273590653 ], [ 102.49808432522866, -0.400173970200974 ], [ 102.497994624142706, -0.400174008755901 ], [ 102.497994585849739, -0.400083705357498 ], [ 102.497904884756124, -0.400083743902741 ], [ 102.497904846472778, -0.399993440495614 ], [ 102.497815145371504, -0.399993479031173 ], [ 102.497815107097765, -0.399903175615322 ], [ 102.497725405988817, -0.399903214141199 ], [ 102.497725329469262, -0.399722607292026 ], [ 102.497635628353606, -0.399722645799519 ], [ 102.497635590107777, -0.399632342366198 ], [ 102.497545888984462, -0.39963238086401 ], [ 102.497545850748239, -0.399542077421965 ], [ 102.497366448477649, -0.399542154397243 ], [ 102.497366410252013, -0.399451850937776 ], [ 102.497276709104739, -0.399451889415243 ], [ 102.497276670888709, -0.399361585947054 ], [ 102.497186969733775, -0.399361624414841 ], [ 102.497186931527366, -0.39927132093793 ], [ 102.497097230364759, -0.399271359396036 ], [ 102.497097192167971, -0.399181055910403 ], [ 102.497007490997703, -0.399181094358829 ], [ 102.497007452810521, -0.399090790864475 ], [ 102.49691775163258, -0.399090829303222 ], [ 102.496917713455034, -0.399000525800145 ], [ 102.496828012269418, -0.399000564229214 ], [ 102.496827974101478, -0.398910260717416 ], [ 102.496738272908203, -0.398910299136806 ], [ 102.496738234749884, -0.398819995616288 ], [ 102.496648533548935, -0.398820034026 ], [ 102.496648495400237, -0.398729730496761 ], [ 102.496558794191628, -0.398729768896796 ], [ 102.496558756052536, -0.398639465358836 ], [ 102.496469054836254, -0.398639503749193 ], [ 102.496469016706769, -0.398549200202513 ], [ 102.496379315482827, -0.398549238583194 ], [ 102.496379277362962, -0.398458935027794 ], [ 102.496289576131375, -0.398458973398799 ], [ 102.496289538021088, -0.398368669834679 ], [ 102.496199836781813, -0.398368708196008 ], [ 102.49619976058915, -0.398188101050304 ], [ 102.496110059343195, -0.398188139393263 ], [ 102.496110021260805, -0.39809783581168 ], [ 102.496020320007176, -0.398097874144963 ], [ 102.496020243870205, -0.397917266964336 ], [ 102.495930542609898, -0.39791730527925 ], [ 102.495930504555346, -0.397827001680205 ], [ 102.495840803287365, -0.397827039985445 ], [ 102.49584076524242, -0.397736736377682 ], [ 102.495751063966779, -0.39773677467325 ], [ 102.495750987904742, -0.397556167440263 ], [ 102.495661286622408, -0.397556205717463 ], [ 102.495661248605344, -0.397465902092239 ], [ 102.495571547315308, -0.397465940359767 ], [ 102.495571509307837, -0.397375636725825 ], [ 102.495481808010155, -0.397375674983682 ], [ 102.495481770012276, -0.397285371341023 ], [ 102.495392068706934, -0.397285409589208 ], [ 102.495392030718691, -0.397195105937831 ], [ 102.495302329405675, -0.397195144176346 ], [ 102.495302291427009, -0.397104840516252 ], [ 102.49521259010632, -0.397104878745097 ], [ 102.495212552137275, -0.397014575076285 ], [ 102.495122850808926, -0.39701461329546 ], [ 102.495122812849488, -0.396924309617932 ], [ 102.495033111513465, -0.396924347827438 ], [ 102.495033073563633, -0.396834044141193 ], [ 102.49494337221995, -0.39683408234103 ], [ 102.494943334279725, -0.396743778646068 ], [ 102.494853632928368, -0.396743816836237 ], [ 102.494853594997736, -0.396653513132559 ], [ 102.494763893638719, -0.39665355131306 ], [ 102.494763855717707, -0.396563247600666 ], [ 102.494674154351017, -0.396563285771499 ], [ 102.494674116439612, -0.39647298205039 ], [ 102.494584415065262, -0.396473020211556 ], [ 102.494584377163434, -0.396382716481731 ], [ 102.494494675781411, -0.396382754633231 ], [ 102.494494600005638, -0.396202147156126 ], [ 102.494404898616907, -0.396202185289268 ], [ 102.494404860742918, -0.396111881541989 ], [ 102.494315159346556, -0.396111919665465 ], [ 102.49431512148216, -0.396021615909472 ], [ 102.494225420078124, -0.396021654023283 ], [ 102.494225382223348, -0.395931350258575 ], [ 102.494135680811638, -0.395931388362721 ], [ 102.494135642966455, -0.395841084589298 ], [ 102.494045941547071, -0.395841122683781 ], [ 102.494045903711495, -0.395750818901644 ], [ 102.493956202284451, -0.395750856986463 ], [ 102.493956164458467, -0.395660553195612 ], [ 102.49377676158042, -0.39566062934495 ], [ 102.493776685958224, -0.395480021728417 ], [ 102.493686984508173, -0.395480059784248 ], [ 102.49368694671098, -0.395389755967256 ], [ 102.493597245253284, -0.395389794013425 ], [ 102.493597207465697, -0.39529949018772 ], [ 102.493507506000327, -0.395299528224227 ], [ 102.493507468222347, -0.39520922438981 ], [ 102.493417766749275, -0.395209262416656 ], [ 102.493417728980887, -0.395118958573526 ], [ 102.493238326010825, -0.395119034606925 ], [ 102.493238288252996, -0.395028730746394 ], [ 102.493148586755993, -0.395028768752948 ], [ 102.493148549007756, -0.394938464883705 ], [ 102.493058847503079, -0.394938502880599 ], [ 102.493058809764449, -0.394848199002645 ], [ 102.49287940673112, -0.394848274976145 ], [ 102.492879369003035, -0.394757971080791 ], [ 102.492789667474412, -0.394758009057397 ], [ 102.492789629755919, -0.394667705153332 ], [ 102.492699928219608, -0.394667743120281 ], [ 102.492699890510735, -0.394577439207505 ], [ 102.492520487414154, -0.394577515121117 ] ], [ [ 102.499968968178095, -0.402340437279689 ], [ 102.499969006708753, -0.402430740486036 ], [ 102.500058707629009, -0.402430701691829 ], [ 102.500058669097371, -0.402340398494188 ], [ 102.499968968178095, -0.402340437279689 ] ], [ [ 102.500058707629009, -0.402430701691829 ], [ 102.500058746169287, -0.402521004889446 ], [ 102.50014844708187, -0.402520966085545 ], [ 102.500148408540625, -0.402430662896633 ], [ 102.500058707629009, -0.402430701691829 ] ], [ [ 102.499779878536927, -0.378951979110114 ], [ 102.499779914825979, -0.379042282339846 ], [ 102.499869615516417, -0.379042245802216 ], [ 102.499869688122303, -0.379222852244204 ], [ 102.499959388805948, -0.379222815688231 ], [ 102.499959279907287, -0.378951906051331 ], [ 102.499779878536927, -0.378951979110114 ] ], [ [ 102.499959388805948, -0.379222815688231 ], [ 102.49995946144827, -0.379403422112719 ], [ 102.500049162125109, -0.379403385538403 ], [ 102.50004908948091, -0.379222779131326 ], [ 102.499959388805948, -0.379222815688231 ] ], [ [ 102.49979084232605, -0.405320521219131 ], [ 102.499790881140086, -0.405410824442101 ], [ 102.499880582110208, -0.405410785362606 ], [ 102.499880620933865, -0.405501088576847 ], [ 102.499970321896313, -0.405501049487651 ], [ 102.499970244255621, -0.405320443076555 ], [ 102.49979084232605, -0.405320521219131 ] ], [ [ 102.499788989420992, -0.40098596648852 ], [ 102.499789066227606, -0.401166572936723 ], [ 102.499968468066569, -0.401166495595021 ], [ 102.499968391256047, -0.400985889181639 ], [ 102.499788989420992, -0.40098596648852 ] ], [ [ 102.499609664354026, -0.40116665027448 ], [ 102.499609702768325, -0.401256953515954 ], [ 102.499699403710437, -0.401256914838864 ], [ 102.499699365295129, -0.401166611606094 ], [ 102.499609664354026, -0.40116665027448 ] ], [ [ 102.4995939127664, -0.362245951064546 ], [ 102.499593982150174, -0.362426557566906 ], [ 102.499055778721726, -0.362426767152999 ], [ 102.499055848129458, -0.362607373759718 ], [ 102.498966147526033, -0.362607408705021 ], [ 102.498966286441686, -0.362968621953016 ], [ 102.498876585826068, -0.362968656932238 ], [ 102.498876655334001, -0.363149263573512 ], [ 102.498966355951396, -0.363149228576884 ], [ 102.498966495074569, -0.363510441824364 ], [ 102.499145896290514, -0.363510371758806 ], [ 102.499145548724258, -0.362607338813524 ], [ 102.499683752111437, -0.362607129117638 ], [ 102.499683613305777, -0.362245916147821 ], [ 102.4995939127664, -0.362245951064546 ] ], [ [ 102.499072846676114, -0.404417800822237 ], [ 102.499072924124107, -0.404598407407896 ], [ 102.499252326176205, -0.404598329420517 ], [ 102.499252287445898, -0.404508026145106 ], [ 102.499431689461431, -0.404507948171156 ], [ 102.499431650737804, -0.404417644913129 ], [ 102.499072846676114, -0.404417800822237 ] ], [ [ 102.499241492930551, -0.378500681853979 ], [ 102.499241529170803, -0.378590985136049 ], [ 102.499331229908492, -0.378590948647527 ], [ 102.499331193667288, -0.378500645374161 ], [ 102.499241492930551, -0.378500681853979 ] ], [ [ 102.499062236436657, -0.378861968008594 ], [ 102.499062272709637, -0.378952271307981 ], [ 102.498972571942332, -0.378952307828522 ], [ 102.498972608223056, -0.37904261113659 ], [ 102.499241710501849, -0.379042501546062 ], [ 102.499241674218339, -0.378952198264104 ], [ 102.499151973468329, -0.378952234786508 ], [ 102.499151937194398, -0.378861931495825 ], [ 102.499062236436657, -0.378861968008594 ] ], [ [ 102.498982373080892, -0.402611773761131 ], [ 102.49898241162667, -0.402702077063152 ], [ 102.499072112644981, -0.402702038253718 ], [ 102.499072074098208, -0.4026117349604 ], [ 102.498982373080892, -0.402611773761131 ] ], [ [ 102.498791726315574, -0.375340247829609 ], [ 102.498791762248658, -0.375430551155972 ], [ 102.49888146299736, -0.375430514976693 ], [ 102.498881427063338, -0.375340211659032 ], [ 102.498791726315574, -0.375340247829609 ] ], [ [ 102.49844225082245, -0.3980968388028 ], [ 102.498442327046462, -0.39827744551361 ], [ 102.498173223927807, -0.398277560639067 ], [ 102.498173300180554, -0.39845816740199 ], [ 102.49808359912177, -0.398458205792586 ], [ 102.49808367540713, -0.398638812572817 ], [ 102.498352778563415, -0.398638697345885 ], [ 102.498352740413466, -0.398548393981884 ], [ 102.498801245496153, -0.398548201960907 ], [ 102.498801169212513, -0.398367595319854 ], [ 102.498621767209258, -0.398367672096376 ], [ 102.498621652854467, -0.398096762082407 ], [ 102.49844225082245, -0.3980968388028 ] ], [ [ 102.498169716356927, -0.389879346059963 ], [ 102.498169791002027, -0.390059952827215 ], [ 102.498707996636014, -0.39005972731855 ], [ 102.498707959303403, -0.389969423987145 ], [ 102.498438856528196, -0.389969536719687 ], [ 102.498438819207109, -0.389879233362153 ], [ 102.498169716356927, -0.389879346059963 ] ], [ [ 102.498606894551145, -0.361433604966448 ], [ 102.498606963759855, -0.361614211660663 ], [ 102.498696664388149, -0.361614176814649 ], [ 102.498696595177663, -0.361433570137838 ], [ 102.498606894551145, -0.361433604966448 ] ], [ [ 102.498337171344829, -0.359808248725287 ], [ 102.498337205786626, -0.359898552098894 ], [ 102.498516607052949, -0.359898482741967 ], [ 102.498516572609404, -0.359808179385764 ], [ 102.498337171344829, -0.359808248725287 ] ], [ [ 102.498434803029426, -0.380036167254097 ], [ 102.498434839408318, -0.380126470614109 ], [ 102.498524540239558, -0.380126433986036 ], [ 102.498524503859727, -0.380036130634726 ], [ 102.498434803029426, -0.380036167254097 ] ], [ [ 102.498337378125285, -0.360350068966607 ], [ 102.498337412618937, -0.360440372340086 ], [ 102.498427113261712, -0.360440337609857 ], [ 102.498427078767165, -0.360350034245079 ], [ 102.498337378125285, -0.360350068966607 ] ], [ [ 102.497988754932592, -0.386086678322686 ], [ 102.49798879188593, -0.386176981724687 ], [ 102.497540287070578, -0.386177167742138 ], [ 102.497540397968251, -0.386448078078504 ], [ 102.497899201849137, -0.386447929162044 ], [ 102.497899164870816, -0.386357625751411 ], [ 102.497988865818471, -0.386357588528621 ], [ 102.497988976782167, -0.386628498734351 ], [ 102.498258079581802, -0.386628386981977 ], [ 102.498258042582435, -0.386538083606192 ], [ 102.498347743497419, -0.386538046362201 ], [ 102.498347669522715, -0.386357439627965 ], [ 102.498257968609622, -0.386357476854554 ], [ 102.498257894671397, -0.386176870102824 ], [ 102.498168193751539, -0.386176907311061 ], [ 102.498168156796325, -0.386086603926461 ], [ 102.497988754932592, -0.386086678322686 ] ], [ [ 102.498176068305156, -0.404960010804225 ], [ 102.498176145837107, -0.405140617563638 ], [ 102.497996743565679, -0.405140695631554 ], [ 102.497996821128254, -0.405321302425674 ], [ 102.497817418818315, -0.405321380524407 ], [ 102.497817496411486, -0.405501987353233 ], [ 102.497727795241573, -0.405502026418505 ], [ 102.497727834050139, -0.405592329841582 ], [ 102.497996937536939, -0.405592212616675 ], [ 102.497996898725404, -0.405501909219698 ], [ 102.498176301004747, -0.405501831082177 ], [ 102.498176223403632, -0.405321224322955 ], [ 102.49835562564445, -0.40532114621625 ], [ 102.498355470538044, -0.404959932767129 ], [ 102.498176068305156, -0.404960010804225 ] ], [ [ 102.498073761240121, -0.374437503200025 ], [ 102.49807386878399, -0.374708413388551 ], [ 102.498253270396376, -0.374708341183051 ], [ 102.498253234537927, -0.374618037804299 ], [ 102.498163533736985, -0.374618073898809 ], [ 102.49816346204787, -0.374437467123838 ], [ 102.498073761240121, -0.374437503200025 ] ], [ [ 102.497990351729925, -0.389969724588083 ], [ 102.497990389054877, -0.390060027989099 ], [ 102.498080090032772, -0.390059990408637 ], [ 102.498080052706854, -0.389969687016321 ], [ 102.497990351729925, -0.389969724588083 ] ], [ [ 102.497538340702604, -0.381391085099315 ], [ 102.497538413709734, -0.38157169199265 ], [ 102.497628114642268, -0.38157165523473 ], [ 102.49762818768582, -0.381752262110577 ], [ 102.497538486751409, -0.381752298885895 ], [ 102.497538523285215, -0.381842602332484 ], [ 102.497628224220563, -0.381842565548466 ], [ 102.49762826076396, -0.381932868986333 ], [ 102.497987064422603, -0.381932721806074 ], [ 102.497986991337044, -0.381752114999918 ], [ 102.497897290437194, -0.38175215177899 ], [ 102.497897253908292, -0.381661848367178 ], [ 102.49780755300074, -0.381661885136612 ], [ 102.497807443468716, -0.381390974874939 ], [ 102.497538340702604, -0.381391085099315 ] ], [ [ 102.497714814666409, -0.374076433771356 ], [ 102.497714922095611, -0.374347344064549 ], [ 102.497984024593933, -0.374347235870372 ], [ 102.497983917156503, -0.37407632565548 ], [ 102.497714814666409, -0.374076433771356 ] ], [ [ 102.49754819897251, -0.405050587343319 ], [ 102.497548237735884, -0.405140890783915 ], [ 102.497458536544002, -0.405140929811399 ], [ 102.497458575315022, -0.40523123326067 ], [ 102.497548276507899, -0.405231194224487 ], [ 102.497548315288554, -0.405321497665035 ], [ 102.4976380164738, -0.405321458619155 ], [ 102.497637900154771, -0.405050548323539 ], [ 102.49754819897251, -0.405050587343319 ] ], [ [ 102.497541809404026, -0.389879608987975 ], [ 102.497541846715592, -0.389969912432513 ], [ 102.49763154773575, -0.389969874865545 ], [ 102.497631510423233, -0.389879571429706 ], [ 102.497541809404026, -0.389879608987975 ] ], [ [ 102.497368680349737, -0.404779755005768 ], [ 102.497368719085202, -0.404870058463834 ], [ 102.497458420282769, -0.404870019463443 ], [ 102.497458381546309, -0.404779716014076 ], [ 102.497368680349737, -0.404779755005768 ] ], [ [ 102.497095066938499, -0.394124060677495 ], [ 102.497095104651407, -0.394214364164439 ], [ 102.497364207950554, -0.394214250248539 ], [ 102.497364170234761, -0.39412394678769 ], [ 102.497095066938499, -0.394124060677495 ] ], [ [ 102.496638010806961, -0.373083527260495 ], [ 102.496638046502056, -0.373173830796206 ], [ 102.496099840721158, -0.373174046415131 ], [ 102.49609987641945, -0.373264350002998 ], [ 102.496279278382772, -0.373264278116301 ], [ 102.496279314091495, -0.373354581686754 ], [ 102.49636901506112, -0.373354545733332 ], [ 102.496368979351487, -0.373264242171575 ], [ 102.497265988563484, -0.373263882673854 ], [ 102.497265917151879, -0.373083275724226 ], [ 102.496638010806961, -0.373083527260495 ] ], [ [ 102.497092226039911, -0.387260995602012 ], [ 102.497092263096135, -0.387351299090709 ], [ 102.496912860998549, -0.387351373707699 ], [ 102.496912935133125, -0.387531980719818 ], [ 102.497002636188142, -0.387531943394403 ], [ 102.497002673269336, -0.387622246891731 ], [ 102.497092374316651, -0.387622209556666 ], [ 102.497092411407422, -0.387712513045272 ], [ 102.497182112447035, -0.387712475700555 ], [ 102.497182075355312, -0.387622172220647 ], [ 102.497271776385347, -0.387622134883676 ], [ 102.497271628101046, -0.38726092099861 ], [ 102.497092226039911, -0.387260995602012 ] ], [ [ 102.497003603107387, -0.389879834317462 ], [ 102.497003640413226, -0.389970137814193 ], [ 102.497183042548571, -0.389970062690801 ], [ 102.497183005240814, -0.389879759211467 ], [ 102.497003603107387, -0.389879834317462 ] ], [ [ 102.49251211550397, -0.373988218449522 ], [ 102.492512186991561, -0.374168826320143 ], [ 102.492601888332032, -0.374168790327087 ], [ 102.492602031414393, -0.374530006033316 ], [ 102.492781434076761, -0.374529933974947 ], [ 102.492781577304527, -0.374891149611323 ], [ 102.49260217463484, -0.374891221739191 ], [ 102.49260224629684, -0.375071829591995 ], [ 102.492422843588969, -0.375071901750924 ], [ 102.492422915281836, -0.375252509638388 ], [ 102.492243512535779, -0.375252581828374 ], [ 102.492243584259484, -0.375433189750494 ], [ 102.491974480070198, -0.37543329808067 ], [ 102.491974551822906, -0.375613906054817 ], [ 102.492153954628051, -0.37561383380088 ], [ 102.492154026418959, -0.375794441740196 ], [ 102.492333429193266, -0.37579436944782 ], [ 102.492333501022344, -0.375974977352303 ], [ 102.492512903765814, -0.375974905021485 ], [ 102.492512975633076, -0.376155512891132 ], [ 102.492692378345708, -0.376155440521868 ], [ 102.49269245025117, -0.376336048356678 ], [ 102.49287185293295, -0.376335975948965 ], [ 102.492872068867484, -0.37687779934861 ], [ 102.492154457889114, -0.376878089374226 ], [ 102.492154529921606, -0.37705869731292 ], [ 102.49179572421798, -0.377058842372977 ], [ 102.491795796277614, -0.377239450381066 ], [ 102.49161639337035, -0.377239522940272 ], [ 102.491616465460808, -0.377420130983012 ], [ 102.491437062515345, -0.377420203573246 ], [ 102.491437134636627, -0.377600811650635 ], [ 102.491257731652993, -0.377600884271894 ], [ 102.491257803805098, -0.37778149238393 ], [ 102.491078400783223, -0.37778156503621 ], [ 102.491078472966137, -0.37796217318289 ], [ 102.490899069906106, -0.377962245866188 ], [ 102.490899214368042, -0.378323462228746 ], [ 102.490630109702209, -0.378323571350914 ], [ 102.490630181979384, -0.378504179584155 ], [ 102.490899286650773, -0.378504070409892 ], [ 102.490899503705961, -0.379045894952791 ], [ 102.491078906788189, -0.379045822061099 ], [ 102.491079051671562, -0.37940703835312 ], [ 102.491258454726704, -0.379406965388232 ], [ 102.491258527223863, -0.379587573499373 ], [ 102.491437930248182, -0.379587500496018 ], [ 102.491438002783539, -0.379768108572335 ], [ 102.491617405777077, -0.379768035530509 ], [ 102.49161755095875, -0.380129251613397 ], [ 102.491796953925203, -0.380129178498357 ], [ 102.491797026571518, -0.380309786504927 ], [ 102.491976429507162, -0.380309713351408 ], [ 102.491976502191704, -0.380490321323147 ], [ 102.492155905096567, -0.380490248131145 ], [ 102.492156050576611, -0.380851464004867 ], [ 102.492335453454402, -0.380851390739634 ], [ 102.492335526249903, -0.381031998641615 ], [ 102.492514929096913, -0.38103192533789 ], [ 102.492515001930656, -0.381212533205034 ], [ 102.492694404746842, -0.381212459862814 ], [ 102.492694477618855, -0.38139306769512 ], [ 102.493770893813377, -0.381392627354548 ], [ 102.493770966742247, -0.381573234978236 ], [ 102.494129771871656, -0.381573088098519 ], [ 102.494129917847914, -0.381934303206577 ], [ 102.494309320368274, -0.381934229691561 ], [ 102.494309832399097, -0.383198482323569 ], [ 102.494489234911086, -0.383198408561433 ], [ 102.494489381523906, -0.383559623528804 ], [ 102.494309979004427, -0.383559697360472 ], [ 102.494310052358927, -0.383740304878788 ], [ 102.493233636494381, -0.383740747998149 ], [ 102.493233709860888, -0.383921355724935 ], [ 102.493054307092194, -0.383921429599708 ], [ 102.493054380489497, -0.384102037361157 ], [ 102.492874977682519, -0.384102111266907 ], [ 102.492875271601889, -0.384824542450802 ], [ 102.492695868745358, -0.384824616491777 ], [ 102.492696015904642, -0.38518583215268 ], [ 102.492516613006103, -0.385185906259367 ], [ 102.492516760295928, -0.385547121989404 ], [ 102.492337357355339, -0.385547196161797 ], [ 102.492337394197477, -0.385637500111623 ], [ 102.492247692713306, -0.385637537205084 ], [ 102.492247655872106, -0.385547233246572 ], [ 102.492157954380247, -0.385547270330399 ], [ 102.4921578807256, -0.385366662395934 ], [ 102.49206817922699, -0.385366699461441 ], [ 102.492068142413558, -0.385276395485489 ], [ 102.491978440907246, -0.385276432541363 ], [ 102.491978404103392, -0.385186128556703 ], [ 102.491709299535543, -0.385186239692587 ], [ 102.491709373146264, -0.385366847713997 ], [ 102.491529970054145, -0.38536692183459 ], [ 102.491530006870548, -0.385457225862631 ], [ 102.491440305310604, -0.385457262930191 ], [ 102.491440342134709, -0.385547566966893 ], [ 102.491350640565202, -0.385547604042189 ], [ 102.49135067739698, -0.385637908087552 ], [ 102.491260975817909, -0.385637945170585 ], [ 102.491261012657404, -0.38572824922461 ], [ 102.491171311068726, -0.385728286315378 ], [ 102.491171347915881, -0.385818590378063 ], [ 102.491261049505482, -0.385818553278611 ], [ 102.491261086362229, -0.38590885733259 ], [ 102.492158101793066, -0.385908486199055 ], [ 102.492158138667847, -0.385998790166162 ], [ 102.49224784016441, -0.385998753038904 ], [ 102.492247803288691, -0.385908449080483 ], [ 102.492337504775691, -0.385908411960963 ], [ 102.492337873930609, -0.386811451457283 ], [ 102.492517276897601, -0.386811377041663 ], [ 102.492517424808739, -0.387172592770059 ], [ 102.492607126283062, -0.387172555526074 ], [ 102.492607163283367, -0.387262859449429 ], [ 102.492427760324176, -0.38726293395382 ], [ 102.492427723325775, -0.387172630013092 ], [ 102.492158618825115, -0.387172741736479 ], [ 102.492158655820688, -0.387263045703267 ], [ 102.492248357330482, -0.387263008454403 ], [ 102.492248394335633, -0.387353312412482 ], [ 102.492338095837738, -0.38735327515398 ], [ 102.492338169875822, -0.387533883052696 ], [ 102.492248468371827, -0.387533920328571 ], [ 102.49224854244251, -0.387714528244568 ], [ 102.49233824394841, -0.387714490951321 ], [ 102.492338318055545, -0.387895098849854 ], [ 102.493414735475881, -0.387894651048034 ], [ 102.493414698406639, -0.387804347203033 ], [ 102.493324997003356, -0.387804384516407 ], [ 102.493324959943706, -0.387714080662693 ], [ 102.493235258532735, -0.387714117966425 ], [ 102.493235221482664, -0.387623814104 ], [ 102.493324922892683, -0.387623776808957 ], [ 102.493324885850285, -0.387533472955198 ], [ 102.493593990025715, -0.387533361090419 ], [ 102.493594064124835, -0.387713968745779 ], [ 102.493863168228231, -0.387713856820286 ], [ 102.493863094123455, -0.387533249217066 ], [ 102.494221899466254, -0.387533100039257 ], [ 102.494221825388436, -0.38735249250547 ], [ 102.494580630585531, -0.387352343381951 ], [ 102.494580556534686, -0.387171735917605 ], [ 102.494939361586049, -0.38717158684839 ], [ 102.494939287562175, -0.386990979453492 ], [ 102.495118690032271, -0.386990904947946 ], [ 102.495118616039179, -0.38681029758773 ], [ 102.495298018470933, -0.386810223113153 ], [ 102.495297944508621, -0.38662961578762 ], [ 102.495477346902064, -0.386629541344015 ], [ 102.49547727297049, -0.386448934053166 ], [ 102.495656675325606, -0.386448859640537 ], [ 102.495656527558552, -0.386087645128123 ], [ 102.495835929871589, -0.386087570781253 ], [ 102.495835266596131, -0.384462105783895 ], [ 102.496014668840743, -0.384462031746261 ], [ 102.496014595312474, -0.384281424558659 ], [ 102.496193997518773, -0.384281350552028 ], [ 102.496193924021313, -0.384100743399118 ], [ 102.496014521818751, -0.384100817370967 ], [ 102.496014374934944, -0.38373960299531 ], [ 102.496193777130003, -0.383739529093027 ], [ 102.496193703736182, -0.383558921939846 ], [ 102.496373105892957, -0.383558848068576 ], [ 102.496373032529931, -0.383378240950089 ], [ 102.496911238781635, -0.383378019418012 ], [ 102.496911165441929, -0.3831974124038 ], [ 102.496821464423448, -0.383197449310774 ], [ 102.4968214277675, -0.383107145794936 ], [ 102.496731726741331, -0.38310718269227 ], [ 102.496731690094947, -0.383016879167712 ], [ 102.496552288018535, -0.383016952942161 ], [ 102.496552324663043, -0.383107256484113 ], [ 102.496462623610938, -0.383107293378621 ], [ 102.496462550332453, -0.382926686277301 ], [ 102.496283148206089, -0.382926760028707 ], [ 102.496283001760247, -0.382565545756224 ], [ 102.496193300687835, -0.382565582595731 ], [ 102.496193264098906, -0.382475279018857 ], [ 102.496103563018778, -0.382475315848728 ], [ 102.496103526439427, -0.382385012263136 ], [ 102.495924124255183, -0.382385085902664 ], [ 102.495924160832644, -0.382475389505647 ], [ 102.495834459726623, -0.382475426332697 ], [ 102.495834532905647, -0.382656033555985 ], [ 102.495655130663948, -0.382656107242043 ], [ 102.495654911241743, -0.382114285467567 ], [ 102.49547550897671, -0.382114359045529 ], [ 102.495474961809435, -0.380759804344956 ], [ 102.495295559537794, -0.38075987765834 ], [ 102.495295450343107, -0.380488966665454 ], [ 102.49511604804249, -0.380489039922933 ], [ 102.495115975292933, -0.380308432559456 ], [ 102.494936572961493, -0.38030850577842 ], [ 102.494936500250191, -0.380127898380081 ], [ 102.494757097887913, -0.380127971560535 ], [ 102.494757025214867, -0.379947364127335 ], [ 102.494577622821765, -0.379947437269282 ], [ 102.494577550186975, -0.379766829801224 ], [ 102.494218745304593, -0.379766976004377 ], [ 102.494218672711739, -0.379586368466697 ], [ 102.493949568964865, -0.379586478057114 ], [ 102.493949460148684, -0.379315566672208 ], [ 102.49385975888525, -0.37931560317441 ], [ 102.493859722631385, -0.379225299370706 ], [ 102.493680320080443, -0.379225372354933 ], [ 102.493680138949841, -0.378773853249178 ], [ 102.493590437666057, -0.378773889696444 ], [ 102.493590401466761, -0.378683585866537 ], [ 102.493500700175261, -0.378683622304183 ], [ 102.493500555468103, -0.378322406949571 ], [ 102.493410854171657, -0.378322443351529 ], [ 102.493410818017395, -0.378232139504131 ], [ 102.493321116713247, -0.37823217589647 ], [ 102.493321008304932, -0.377961264328075 ], [ 102.493500410899017, -0.377961191594602 ], [ 102.493499978020466, -0.376877545527554 ], [ 102.493320575448493, -0.376877618052489 ], [ 102.493320431439216, -0.376516402626581 ], [ 102.493141028840057, -0.3765164750783 ], [ 102.493140956890898, -0.376335867330458 ], [ 102.492961554260887, -0.376335939743721 ], [ 102.492961338631531, -0.375794116395405 ], [ 102.49278193597803, -0.375794188700714 ], [ 102.492781720670393, -0.375252365247345 ], [ 102.492961123312867, -0.375252293046289 ], [ 102.492960765138847, -0.374349254129326 ], [ 102.492781362514663, -0.374349326156626 ], [ 102.49278121949402, -0.37398811051972 ], [ 102.49251211550397, -0.373988218449522 ] ], [ [ 102.496829546071851, -0.402612704681741 ], [ 102.496829623124853, -0.402793311703372 ], [ 102.496919324351566, -0.402793272909 ], [ 102.496919247296603, -0.402612665904765 ], [ 102.496829546071851, -0.402612704681741 ] ], [ [ 102.496010354041132, -0.373715903927453 ], [ 102.496010461314611, -0.373986814716677 ], [ 102.495920760304031, -0.373986850727296 ], [ 102.495920867652501, -0.374257761542408 ], [ 102.495831166630566, -0.374257797578192 ], [ 102.495831309879122, -0.374619012032813 ], [ 102.495921010904723, -0.374618975962248 ], [ 102.495921046739369, -0.374709279567153 ], [ 102.496010747757239, -0.374709243486971 ], [ 102.496010711921684, -0.374618939890762 ], [ 102.496100412930005, -0.374618903818354 ], [ 102.496100377102167, -0.374528600230819 ], [ 102.496459181045452, -0.374528455966765 ], [ 102.496459145222573, -0.374438152413992 ], [ 102.496548846185888, -0.374438116354374 ], [ 102.496548810370754, -0.374347812810275 ], [ 102.496638511324505, -0.374347776758433 ], [ 102.496638475517116, -0.37425747322301 ], [ 102.496459073602779, -0.37425754530838 ], [ 102.496459037805835, -0.37416724175554 ], [ 102.496369336836636, -0.374167277788149 ], [ 102.496369301049256, -0.37407697422659 ], [ 102.496279600072313, -0.374077010249583 ], [ 102.496279564294483, -0.373986706679306 ], [ 102.496189863309851, -0.373986742692683 ], [ 102.496189756030887, -0.373715831955633 ], [ 102.496010354041132, -0.373715903927453 ] ], [ [ 102.495927189580939, -0.389880284872925 ], [ 102.495927226875367, -0.389970588474016 ], [ 102.496555134923639, -0.389970325605896 ], [ 102.496555097622547, -0.389880022065678 ], [ 102.495927189580939, -0.389880284872925 ] ], [ [ 102.495214768617402, -0.402252187828442 ], [ 102.495214845565926, -0.402432795163304 ], [ 102.495035442783461, -0.402432872643883 ], [ 102.495035519762581, -0.402613480013424 ], [ 102.494856116941648, -0.402613557524818 ], [ 102.494856425187805, -0.403335987141118 ], [ 102.495125529429885, -0.40333587066391 ], [ 102.495125452310617, -0.403155263312136 ], [ 102.495663660549781, -0.403155030435277 ], [ 102.495663583453251, -0.402974423187736 ], [ 102.496201791369657, -0.402974190379542 ], [ 102.496201714295864, -0.402793583236251 ], [ 102.496291415583073, -0.40279354444881 ], [ 102.496291338541866, -0.402612937322816 ], [ 102.496111935962773, -0.402613014861923 ], [ 102.496111858960049, -0.40243240770105 ], [ 102.495932456350317, -0.402432485201415 ], [ 102.495932379386105, -0.402251878005664 ], [ 102.495214768617402, -0.402252187828442 ] ], [ [ 102.496104406728136, -0.384552298311097 ], [ 102.496104443514795, -0.384642601896146 ], [ 102.496194144617391, -0.384642564857574 ], [ 102.49619410782978, -0.384552261281222 ], [ 102.496104406728136, -0.384552298311097 ] ], [ [ 102.495209579872309, -0.389880585166557 ], [ 102.495209617159091, -0.389970888837203 ], [ 102.495299318403852, -0.38997085129516 ], [ 102.49529935570024, -0.39006115495709 ], [ 102.495478758165774, -0.39006107985274 ], [ 102.495478720867467, -0.389970776208198 ], [ 102.495837525691059, -0.389970626022769 ], [ 102.495837488397612, -0.389880322412983 ], [ 102.495209579872309, -0.389880585166557 ] ], [ [ 102.495389954664518, -0.392228405076136 ], [ 102.495389992177763, -0.392318708728794 ], [ 102.495120888368987, -0.392318822033031 ], [ 102.495121151183469, -0.392950947783561 ], [ 102.495210852468404, -0.392950909955592 ], [ 102.495210890048824, -0.393041213625453 ], [ 102.495300591326114, -0.393041175787824 ], [ 102.495300628916112, -0.393131479448968 ], [ 102.495390330185714, -0.39313144160168 ], [ 102.495390367785319, -0.393221745254106 ], [ 102.49556977030052, -0.393221669539241 ], [ 102.495569807910712, -0.393311973174256 ], [ 102.495659509156326, -0.393311935306679 ], [ 102.495659283619034, -0.392770113548408 ], [ 102.495748984850238, -0.392770075732032 ], [ 102.495748947289968, -0.392679772114268 ], [ 102.495659246059716, -0.392679809921948 ], [ 102.495659095908835, -0.392318595415877 ], [ 102.49556939467378, -0.392318633187814 ], [ 102.495569357158615, -0.392228329552544 ], [ 102.495389954664518, -0.392228405076136 ] ], [ [ 102.495197884678404, -0.360441587339889 ], [ 102.495197953630026, -0.360622194695601 ], [ 102.495287654576941, -0.360622159978997 ], [ 102.495287585623558, -0.360441552640672 ], [ 102.495197884678404, -0.360441587339889 ] ], [ [ 102.494942804023168, -0.395479526914149 ], [ 102.494942841842501, -0.395569830609438 ], [ 102.494853140503736, -0.395569868686601 ], [ 102.494853254010664, -0.395840779798406 ], [ 102.495032656685368, -0.395840703590951 ], [ 102.495032618839161, -0.395750399904426 ], [ 102.495122320162594, -0.395750361807932 ], [ 102.495122282324047, -0.395660058130076 ], [ 102.495211983637873, -0.395660020041303 ], [ 102.495211945807029, -0.395569716372117 ], [ 102.495032543172641, -0.395569792531304 ], [ 102.495032505352341, -0.395479488844708 ], [ 102.494942804023168, -0.395479526914149 ] ], [ [ 102.494312417936456, -0.38951974541682 ], [ 102.494312455179212, -0.389610049174483 ], [ 102.494222753843246, -0.389610086671216 ], [ 102.494222865620443, -0.389880997970141 ], [ 102.494133164273009, -0.389881035491989 ], [ 102.494133201548379, -0.389971339266942 ], [ 102.494222902896766, -0.389971301736403 ], [ 102.494222940181729, -0.390061605502643 ], [ 102.494402342854499, -0.390061530421306 ], [ 102.494402305567633, -0.38997122667245 ], [ 102.495030214643648, -0.389970963918413 ], [ 102.495030177358757, -0.38988066023038 ], [ 102.494581670923822, -0.389880847873165 ], [ 102.494581633652317, -0.389790544141646 ], [ 102.494491932340367, -0.389790581658636 ], [ 102.494491857825167, -0.389609974178145 ], [ 102.494402156506496, -0.389610011676793 ], [ 102.494402119262801, -0.389519707927821 ], [ 102.494312417936456, -0.38951974541682 ] ], [ [ 102.494401376201978, -0.387713632943566 ], [ 102.494401413272996, -0.387803936692996 ], [ 102.494311711964684, -0.387803974016857 ], [ 102.494311786130723, -0.387984581533033 ], [ 102.494222084811867, -0.387984618873323 ], [ 102.494222196122848, -0.388255530173488 ], [ 102.494401598757591, -0.388255455439805 ], [ 102.494401635880422, -0.388345759189099 ], [ 102.494491337185821, -0.388345721812134 ], [ 102.494491374318201, -0.388436025552713 ], [ 102.494760478185356, -0.388435913390014 ], [ 102.494760441050104, -0.388345609675512 ], [ 102.494850142320942, -0.388345572294729 ], [ 102.494850105193379, -0.388255268588897 ], [ 102.494939806454639, -0.388255231215852 ], [ 102.494939732223514, -0.388074623821504 ], [ 102.494850030964173, -0.388074661177163 ], [ 102.494849993862502, -0.387984357471262 ], [ 102.494760292595458, -0.387984394817275 ], [ 102.494760255503408, -0.387894091102658 ], [ 102.494670554228648, -0.387894128439025 ], [ 102.494670517146162, -0.387803824715693 ], [ 102.494580815863742, -0.387803862042414 ], [ 102.494580778790834, -0.387713558310367 ], [ 102.494401376201978, -0.387713632943566 ] ], [ [ 102.494763590512306, -0.395931121613254 ], [ 102.49476362837288, -0.396021425325812 ], [ 102.494853329725117, -0.396021387206159 ], [ 102.494853291863578, -0.395931083502294 ], [ 102.494763590512306, -0.395931121613254 ] ], [ [ 102.494042867700273, -0.388436212471444 ], [ 102.494042904836547, -0.388526516255456 ], [ 102.4939532034861, -0.388526553645028 ], [ 102.493953314943951, -0.388797465022998 ], [ 102.494222418977898, -0.388797352773199 ], [ 102.494222344658354, -0.388616745240053 ], [ 102.494132643324235, -0.388616782640227 ], [ 102.494132569041099, -0.388436175089608 ], [ 102.494042867700273, -0.388436212471444 ] ], [ [ 102.492877419035338, -0.390062168490404 ], [ 102.492877456314645, -0.390152472386962 ], [ 102.492787754834893, -0.390152509920496 ], [ 102.49278782941748, -0.390333117730919 ], [ 102.49287753089915, -0.39033308018001 ], [ 102.492877493602577, -0.390242776283498 ], [ 102.492967195074669, -0.390242738740317 ], [ 102.492967120505512, -0.390062130964599 ], [ 102.492877419035338, -0.390062168490404 ] ], [ [ 102.492967120505512, -0.390062130964599 ], [ 102.49350532914535, -0.390061905789632 ], [ 102.493505254599299, -0.389881298118086 ], [ 102.493415553182814, -0.389881335632266 ], [ 102.493415478673171, -0.38970072794325 ], [ 102.493505180087766, -0.389700690446448 ], [ 102.493505105610765, -0.389520082774719 ], [ 102.493594807014816, -0.389520045294338 ], [ 102.493594695361196, -0.389249133812639 ], [ 102.493774098137692, -0.389249058901144 ], [ 102.493774060935209, -0.389158755091245 ], [ 102.493863762309545, -0.389158717642752 ], [ 102.493863725114707, -0.38906841384152 ], [ 102.49377402374131, -0.389068451281323 ], [ 102.493773986556093, -0.388978147471377 ], [ 102.493684285174979, -0.388978184901534 ], [ 102.493684322359272, -0.389068488720169 ], [ 102.493504919569318, -0.389068563594992 ], [ 102.493504956760333, -0.389158867430983 ], [ 102.493415255351479, -0.389158904875649 ], [ 102.493415329757511, -0.389339512564941 ], [ 102.493325628338098, -0.389339550026029 ], [ 102.493325740009055, -0.389610461585862 ], [ 102.493236038578146, -0.389610499072058 ], [ 102.493236075818118, -0.389700802933979 ], [ 102.493146374377645, -0.389700840427906 ], [ 102.49314641162529, -0.389791144298492 ], [ 102.49305671017521, -0.38979118180015 ], [ 102.493056747430543, -0.389881485679401 ], [ 102.4929670459709, -0.389881523188789 ], [ 102.492967120505512, -0.390062130964599 ] ], [ [ 102.491699678883975, -0.360804155985038 ], [ 102.491699816822432, -0.361165372051551 ], [ 102.491520414218883, -0.361165441517165 ], [ 102.491520690495776, -0.361887873788121 ], [ 102.491161885156885, -0.361888012986581 ], [ 102.491161816042961, -0.361707404849498 ], [ 102.490982413325312, -0.361707474408657 ], [ 102.490982344249417, -0.361526866236756 ], [ 102.490802941500789, -0.361526935757626 ], [ 102.490802803459587, -0.361165719344104 ], [ 102.490533699282537, -0.361165823514556 ], [ 102.490533837313151, -0.361527040032266 ], [ 102.490354434478263, -0.361527109544249 ], [ 102.490354572639802, -0.361888326131071 ], [ 102.490533975481739, -0.361888256549634 ], [ 102.490534044617789, -0.36206886480819 ], [ 102.490713447428774, -0.362068795188466 ], [ 102.490713585811434, -0.362430011635864 ], [ 102.490892988595007, -0.362429941943118 ], [ 102.490893127122746, -0.362791158320713 ], [ 102.49161073794032, -0.36279087923621 ], [ 102.491610807270106, -0.362971487285938 ], [ 102.492328417549729, -0.362971208005386 ], [ 102.492328486928216, -0.363151815916061 ], [ 102.492866694286178, -0.363151606313925 ], [ 102.492866624897033, -0.362970998507495 ], [ 102.493225429622669, -0.362970858824388 ], [ 102.493225360260951, -0.362790251087378 ], [ 102.493584164841366, -0.362790111459507 ], [ 102.493583818515319, -0.361887073120738 ], [ 102.493404416260063, -0.361887142762671 ], [ 102.493404277978414, -0.361525927357051 ], [ 102.492776369837884, -0.361526170832521 ], [ 102.492776300761193, -0.361345563007947 ], [ 102.492507197148242, -0.361345667289122 ], [ 102.492507128111384, -0.361165059412339 ], [ 102.492327725663117, -0.361165128893935 ], [ 102.492327656664287, -0.36098452098232 ], [ 102.492148254185054, -0.360984590425619 ], [ 102.492148185224266, -0.360803982479175 ], [ 102.491699678883975, -0.360804155985038 ] ], [ [ 102.493058621200703, -0.394396679612522 ], [ 102.493058696600301, -0.394577287368641 ], [ 102.493238099593313, -0.394577211443389 ], [ 102.493238061887268, -0.394486907582718 ], [ 102.493148360396049, -0.394486945537141 ], [ 102.493148322699597, -0.394396641667758 ], [ 102.493058621200703, -0.394396679612522 ] ], [ [ 102.490891473898117, -0.358456561767068 ], [ 102.490891610907809, -0.358817778148408 ], [ 102.490173999848366, -0.358818054119775 ], [ 102.490174068390942, -0.358998662449229 ], [ 102.490353471211051, -0.358998593426955 ], [ 102.490353539791656, -0.3591792017216 ], [ 102.490532942580771, -0.359179132661068 ], [ 102.490533011199346, -0.359359740920901 ], [ 102.490712413957496, -0.359359671822108 ], [ 102.490712345335396, -0.359179063597005 ], [ 102.490891748055517, -0.359178994529409 ], [ 102.490891816681113, -0.359359602719782 ], [ 102.491071219370255, -0.359359533613922 ], [ 102.491071288033865, -0.359540141769479 ], [ 102.491250690692027, -0.359540072625351 ], [ 102.491250828129779, -0.359901288866741 ], [ 102.491340529449431, -0.359901254258615 ], [ 102.491340460711527, -0.359720646155331 ], [ 102.491519863321429, -0.359720576971163 ], [ 102.491519794614547, -0.35953996890253 ], [ 102.491699197186406, -0.359539899749563 ], [ 102.491699128510518, -0.359359291715584 ], [ 102.491609427230642, -0.35935932627514 ], [ 102.491609392906497, -0.359269022249434 ], [ 102.491429990322629, -0.359269091348526 ], [ 102.491429956008886, -0.35917878730543 ], [ 102.491250553392277, -0.359178856383622 ], [ 102.491250416230542, -0.358817640141554 ], [ 102.491609221415246, -0.358817502120586 ], [ 102.49160928998586, -0.358998110172189 ], [ 102.491788692529965, -0.358998041121672 ], [ 102.491788761138594, -0.359178649138451 ], [ 102.49205786489533, -0.359178545503945 ], [ 102.492057727702019, -0.358817329574528 ], [ 102.491968026461919, -0.358817364085504 ], [ 102.491967957918803, -0.358636756103297 ], [ 102.491788555416207, -0.358636825087861 ], [ 102.491788486911105, -0.358456217070828 ], [ 102.490891473898117, -0.358456561767068 ] ], [ [ 102.491519863321429, -0.359720576971163 ], [ 102.491520000838761, -0.360081793108174 ], [ 102.49169940342118, -0.360081723850991 ], [ 102.491699472235126, -0.360262331884631 ], [ 102.491878874786551, -0.360262262589167 ], [ 102.491878943638511, -0.360442870587981 ], [ 102.492148047406232, -0.36044276658603 ], [ 102.492147978548985, -0.360262158639329 ], [ 102.492596484647137, -0.360261985371887 ], [ 102.492596415815612, -0.360081377511967 ], [ 102.492775818190964, -0.360081308233539 ], [ 102.492775749390461, -0.359900700408283 ], [ 102.492596347018633, -0.359900769651962 ], [ 102.492596140834678, -0.359358946071437 ], [ 102.492237336008557, -0.359359084339697 ], [ 102.492237473415955, -0.359720300199118 ], [ 102.49232717463893, -0.359720265598633 ], [ 102.492327243396147, -0.359900873510843 ], [ 102.492147840938017, -0.359900942745674 ], [ 102.492147909726242, -0.360081550692544 ], [ 102.491789104699464, -0.360081689221072 ], [ 102.491788967171573, -0.359720473188279 ], [ 102.491519863321429, -0.359720576971163 ] ], [ [ 102.491980366597772, -0.389972239712265 ], [ 102.491980403858918, -0.390062543695714 ], [ 102.491890702293816, -0.390062581210971 ], [ 102.491890776840123, -0.390243189195169 ], [ 102.491801075264476, -0.390243226726838 ], [ 102.491801112549595, -0.390333530727588 ], [ 102.491711410964385, -0.390333568266982 ], [ 102.491711485558625, -0.390514176285783 ], [ 102.49180118714574, -0.390514138729019 ], [ 102.491801261776402, -0.390694746730357 ], [ 102.491890963356795, -0.390694709155263 ], [ 102.491890888724242, -0.390514101171295 ], [ 102.491980590294105, -0.39051406361261 ], [ 102.491980552989816, -0.390423759629277 ], [ 102.492159956101759, -0.3904236845264 ], [ 102.492159993407967, -0.390513988492362 ], [ 102.492249694951937, -0.390513950930797 ], [ 102.492249732267709, -0.39060425488805 ], [ 102.49233943380402, -0.390604217316839 ], [ 102.492339471129384, -0.390694521265382 ], [ 102.492160068046246, -0.390694596424216 ], [ 102.492160105378318, -0.390784900390108 ], [ 102.492249806925187, -0.390784862802485 ], [ 102.492249956343613, -0.39114607863108 ], [ 102.492608762459966, -0.391145928131995 ], [ 102.492608725088587, -0.391055624209627 ], [ 102.492519023573408, -0.391055661827154 ], [ 102.492518911513926, -0.390784750033853 ], [ 102.492429209992963, -0.390784787624358 ], [ 102.492429060704936, -0.390423571864886 ], [ 102.492518762222105, -0.390423534309128 ], [ 102.49251868762795, -0.390242926446628 ], [ 102.492428986112714, -0.390242963985012 ], [ 102.492428948829541, -0.39015266004504 ], [ 102.492339247306631, -0.390152697573778 ], [ 102.492339210033037, -0.390062393625097 ], [ 102.492249508502454, -0.39006243114419 ], [ 102.492249471238438, -0.389972127186799 ], [ 102.491980366597772, -0.389972239712265 ] ], [ [ 102.492518911513926, -0.390784750033853 ], [ 102.492608613026249, -0.390784712442387 ], [ 102.492608538361168, -0.390604104597445 ], [ 102.492518836850749, -0.390604142171537 ], [ 102.492518911513926, -0.390784750033853 ] ], [ [ 102.492161530391286, -0.394216451076884 ], [ 102.49216160573711, -0.394397059006838 ], [ 102.492341008898862, -0.394396983135732 ], [ 102.492340971219733, -0.394306679188139 ], [ 102.492251269644129, -0.39430671711549 ], [ 102.492251231974564, -0.394216413159187 ], [ 102.492161530391286, -0.394216451076884 ] ], [ [ 102.492068769415411, -0.386811563073582 ], [ 102.492068843344271, -0.386992171024689 ], [ 102.492158544859848, -0.386992133802835 ], [ 102.492158581838169, -0.387082437769668 ], [ 102.492248283346072, -0.387082400538177 ], [ 102.492248172434174, -0.386811488663667 ], [ 102.492068769415411, -0.386811563073582 ] ], [ [ 102.491887565978075, -0.382386741797965 ], [ 102.491887602513529, -0.382477045792013 ], [ 102.491708199515926, -0.382477119360548 ], [ 102.491708272609003, -0.382657727383317 ], [ 102.491887675610357, -0.382657653780042 ], [ 102.491887639057637, -0.382567349786039 ], [ 102.491977340544437, -0.382567312991675 ], [ 102.491977267463014, -0.382386705020972 ], [ 102.491887565978075, -0.382386741797965 ] ], [ [ 102.491713437121675, -0.395209984742129 ], [ 102.491713512647678, -0.395390592758426 ], [ 102.491623811000096, -0.39539063078321 ], [ 102.491623848775077, -0.395480934800008 ], [ 102.491713550423597, -0.395480896766539 ], [ 102.491713588208171, -0.39557120077463 ], [ 102.491803289849059, -0.395571162731504 ], [ 102.491803252063519, -0.395480858732098 ], [ 102.491982655317443, -0.395480782660299 ], [ 102.491982617538596, -0.395390478678241 ], [ 102.491892915916907, -0.395390516705942 ], [ 102.491892878147667, -0.395300212715175 ], [ 102.491803176518331, -0.395300250733218 ], [ 102.491803138758669, -0.395209946733743 ], [ 102.491713437121675, -0.395209984742129 ] ], [ [ 102.491626937198916, -0.402795560082703 ], [ 102.491627014172337, -0.402976168112413 ], [ 102.491806417622627, -0.402976090602804 ], [ 102.49180634064524, -0.402795482607834 ], [ 102.491626937198916, -0.402795560082703 ] ], [ [ 102.49180634064524, -0.402795482607834 ], [ 102.491985744057061, -0.402795405129003 ], [ 102.491985667110271, -0.402614797168679 ], [ 102.491806263702387, -0.402614874612768 ], [ 102.49180634064524, -0.402795482607834 ] ], [ [ 102.491807692731768, -0.405956122506052 ], [ 102.491807731518108, -0.406046426502714 ], [ 102.491897433263873, -0.406046387451124 ], [ 102.491897394476538, -0.405956083463147 ], [ 102.491807692731768, -0.405956122506052 ] ], [ [ 102.491261270775226, -0.386360377602143 ], [ 102.491261344600815, -0.386540985709805 ], [ 102.491351046189322, -0.386540948539933 ], [ 102.491351083116001, -0.386631252585046 ], [ 102.49144078469682, -0.38663121540554 ], [ 102.49144085857796, -0.386811823478329 ], [ 102.4916202617175, -0.386811749081727 ], [ 102.491620224770742, -0.386721445062713 ], [ 102.491709926326635, -0.386721407871671 ], [ 102.49170988938755, -0.386631103861319 ], [ 102.491799590933866, -0.386631066678011 ], [ 102.491799554002469, -0.386540762676321 ], [ 102.491620150903088, -0.386540837024617 ], [ 102.491620113982208, -0.386450533005534 ], [ 102.491440710850213, -0.38645060733266 ], [ 102.491440673939834, -0.386360303296186 ], [ 102.491261270775226, -0.386360377602143 ] ], [ [ 102.49153268032417, -0.391959115821427 ], [ 102.491532717770355, -0.392049419847793 ], [ 102.491443016141119, -0.392049457549312 ], [ 102.491443053594978, -0.392139761584338 ], [ 102.491622456846741, -0.392139686162969 ], [ 102.491622381943841, -0.39195907812763 ], [ 102.49153268032417, -0.391959115821427 ] ], [ [ 102.491622381943841, -0.39195907812763 ], [ 102.491712083554873, -0.391959040432869 ], [ 102.491712046115396, -0.391868736423849 ], [ 102.491622344505316, -0.391868774109925 ], [ 102.491622381943841, -0.39195907812763 ] ], [ [ 102.491534411777536, -0.396113101010232 ], [ 102.491534449620559, -0.396203405035528 ], [ 102.491624151285464, -0.396203366933555 ], [ 102.491624113441446, -0.396113062916943 ], [ 102.491534411777536, -0.396113101010232 ] ], [ [ 102.491534563201384, -0.396474317111276 ], [ 102.491534638965092, -0.396654925161658 ], [ 102.4916243406348, -0.396654887016262 ], [ 102.491624264869188, -0.396474278983249 ], [ 102.491534563201384, -0.396474317111276 ] ], [ [ 102.491261862346093, -0.38780524246088 ], [ 102.491261899392597, -0.387895546514357 ], [ 102.491172197781282, -0.387895583813533 ], [ 102.491172234835474, -0.387985887875671 ], [ 102.491082533214595, -0.387985925182578 ], [ 102.491082570276433, -0.388076229253376 ], [ 102.490992868645961, -0.388076266568012 ], [ 102.490992905715501, -0.38816657064747 ], [ 102.490903204075465, -0.388166607969835 ], [ 102.490903315332986, -0.388437520234122 ], [ 102.49126212185277, -0.388437370834736 ], [ 102.491262010583867, -0.388166458674649 ], [ 102.491351712189413, -0.388166421348467 ], [ 102.491351638051384, -0.387985813258996 ], [ 102.4914413396464, -0.387985775949228 ], [ 102.491441265540956, -0.387805167877033 ], [ 102.491261862346093, -0.38780524246088 ] ], [ [ 102.488392707232009, -0.3909670868637 ], [ 102.488393080798545, -0.391870130167068 ], [ 102.488572484630964, -0.391870054863315 ], [ 102.488572634306564, -0.3922312721146 ], [ 102.488752038112167, -0.392231196737574 ], [ 102.488752113005532, -0.392411805328368 ], [ 102.488931516780497, -0.392411729912774 ], [ 102.488931591712145, -0.392592338468764 ], [ 102.489110995456443, -0.392592263014598 ], [ 102.489111070426432, -0.392772871535783 ], [ 102.489200772287575, -0.392772833789895 ], [ 102.489200847293958, -0.392953442293629 ], [ 102.489469952831399, -0.392953328998098 ], [ 102.489470027878028, -0.393133937449666 ], [ 102.489649431530381, -0.393133861879763 ], [ 102.489649506615351, -0.393314470296519 ], [ 102.489828910237065, -0.39331439468803 ], [ 102.489828985360347, -0.393495003069974 ], [ 102.490008388951409, -0.393494927422895 ], [ 102.490008464113046, -0.393675535770024 ], [ 102.490098165897578, -0.393675497927672 ], [ 102.490098090734023, -0.393494889597905 ], [ 102.49081570468428, -0.393494586963157 ], [ 102.490815742269447, -0.393584891058597 ], [ 102.491084847361378, -0.393584777528556 ], [ 102.491084772193929, -0.39340416938975 ], [ 102.491264175541573, -0.393404093732952 ], [ 102.491264100404791, -0.393223485628788 ], [ 102.491443503714095, -0.393223410002857 ], [ 102.491443091057434, -0.392230065619343 ], [ 102.491353389417654, -0.392230103337265 ], [ 102.491353314503243, -0.392049495249866 ], [ 102.491173911201614, -0.392049570648084 ], [ 102.49117383632553, -0.391868962525856 ], [ 102.490815029626418, -0.391869113241261 ], [ 102.490814954792498, -0.391688505049476 ], [ 102.49063555139503, -0.391688580366668 ], [ 102.490635476599437, -0.391507972140061 ], [ 102.490097266211492, -0.391508197964347 ], [ 102.490097191461857, -0.391327589633469 ], [ 102.489558980774945, -0.391327815318943 ], [ 102.489558906071267, -0.391147206883809 ], [ 102.489020695085415, -0.391147432430502 ], [ 102.489020620427695, -0.390966823891129 ], [ 102.488392707232009, -0.3909670868637 ] ], [ [ 102.490008464113046, -0.393675535770024 ], [ 102.489918762319903, -0.393675573611408 ], [ 102.489918799912687, -0.393765877793618 ], [ 102.490008501706797, -0.393765839943553 ], [ 102.490008464113046, -0.393675535770024 ] ], [ [ 102.489918799912687, -0.393765877793618 ], [ 102.489829098109965, -0.393765915642715 ], [ 102.489829135710423, -0.393856219833582 ], [ 102.489649732077169, -0.393856295546231 ], [ 102.489649769684334, -0.393946599754436 ], [ 102.489560067853816, -0.393946637617988 ], [ 102.489560143092049, -0.394127246051685 ], [ 102.4896498449245, -0.394127208170774 ], [ 102.489649882557515, -0.394217512378908 ], [ 102.489739584382292, -0.394217474488348 ], [ 102.489739622024899, -0.394307778687779 ], [ 102.489829323842017, -0.39430774078757 ], [ 102.489829286198443, -0.394217436596819 ], [ 102.489918988005982, -0.39421739870432 ], [ 102.489918799912687, -0.393765877793618 ] ], [ [ 102.491161608908243, -0.361165580437737 ], [ 102.491161677918669, -0.361346188575076 ], [ 102.491341080594736, -0.361346119081831 ], [ 102.491341011580815, -0.361165510979227 ], [ 102.491161608908243, -0.361165580437737 ] ], [ [ 102.491160235945898, -0.357553417673115 ], [ 102.491160270101744, -0.357643721742644 ], [ 102.491070568786753, -0.357643756131914 ], [ 102.491070602950359, -0.357734060210104 ], [ 102.491250005573463, -0.357733991413318 ], [ 102.491249937251382, -0.357553383291649 ], [ 102.491160235945898, -0.357553417673115 ] ], [ [ 102.487313583533776, -0.384375313780506 ], [ 102.487313693591815, -0.384646227089083 ], [ 102.4874033955399, -0.38464619014318 ], [ 102.487403432244093, -0.384736494570653 ], [ 102.48749313418449, -0.38473645761513 ], [ 102.487493207620602, -0.384917066452658 ], [ 102.487672611479312, -0.384916992504077 ], [ 102.487672721703746, -0.385187905708151 ], [ 102.487583019775883, -0.385187942708939 ], [ 102.48758309330006, -0.385368551528891 ], [ 102.487672795229798, -0.385368514510753 ], [ 102.487672979195693, -0.385820036516861 ], [ 102.487403873366461, -0.385820147698551 ], [ 102.487404020683002, -0.386181365407123 ], [ 102.487314318718902, -0.386181402500486 ], [ 102.487314355568643, -0.386271706936246 ], [ 102.487404057533666, -0.386271669834209 ], [ 102.48740413126086, -0.386452278688313 ], [ 102.487493833219162, -0.386452241567977 ], [ 102.487493906982706, -0.386632850404641 ], [ 102.487673310877227, -0.386632776126421 ], [ 102.487673347773836, -0.38672308052737 ], [ 102.487763049709102, -0.386723043378159 ], [ 102.487763123530016, -0.386903652162637 ], [ 102.487852825458575, -0.386903614995125 ], [ 102.487852862382923, -0.386993919378654 ], [ 102.487673458515317, -0.386993993730077 ], [ 102.487673495446359, -0.387084298130934 ], [ 102.487583793498686, -0.387084335313893 ], [ 102.487583756568583, -0.386994030904362 ], [ 102.487494054613222, -0.386994068077695 ], [ 102.487493980780755, -0.386813459241213 ], [ 102.487314576847965, -0.386813533550328 ], [ 102.487314613758031, -0.386903837985929 ], [ 102.487135209788903, -0.386903912308588 ], [ 102.487135172880741, -0.386813607855639 ], [ 102.486955768879056, -0.386813682157147 ], [ 102.486955731981396, -0.386723377686829 ], [ 102.486776327947126, -0.386723451967186 ], [ 102.486776291059982, -0.3866331474795 ], [ 102.486596886993155, -0.38663322173871 ], [ 102.486596813248468, -0.386452612728579 ], [ 102.486238005018976, -0.386452761166217 ], [ 102.486237931316296, -0.386272152086621 ], [ 102.485520314458938, -0.386272448777567 ], [ 102.485520498742474, -0.386723971823207 ], [ 102.485341094432556, -0.386724046073141 ], [ 102.485341131313206, -0.386814350699539 ], [ 102.485251429144412, -0.386814387831749 ], [ 102.485251355393586, -0.386633778561592 ], [ 102.485341057560518, -0.38663374144672 ], [ 102.485341020697092, -0.386543436820276 ], [ 102.484982211981489, -0.386543585239385 ], [ 102.484982248841149, -0.386633889900504 ], [ 102.48489254663977, -0.386633927011574 ], [ 102.484892583507104, -0.386724231681338 ], [ 102.484802881296176, -0.386724268800125 ], [ 102.484803176537127, -0.38744670622676 ], [ 102.484713474310041, -0.387446743413938 ], [ 102.484713511252949, -0.387537048100832 ], [ 102.485072320113488, -0.387536899311733 ], [ 102.485072283166758, -0.387446594659511 ], [ 102.485161985359412, -0.387446557468522 ], [ 102.485161911489953, -0.387265948181347 ], [ 102.485520720166903, -0.387265799477222 ], [ 102.485520794043921, -0.387446408695045 ], [ 102.485700198334499, -0.387446334302591 ], [ 102.485700235287837, -0.387536638894128 ], [ 102.485879639545857, -0.387536564480523 ], [ 102.485879676509697, -0.387626869054697 ], [ 102.486059080735146, -0.38762679461994 ], [ 102.486059117709488, -0.38771709917675 ], [ 102.486238521902408, -0.387717024720839 ], [ 102.486238558887237, -0.387807329260284 ], [ 102.486328260971717, -0.387807292022227 ], [ 102.486328297966139, -0.387897596552977 ], [ 102.486418000042946, -0.387897559305295 ], [ 102.486417963047586, -0.387807254783217 ], [ 102.486776771264886, -0.387807105817642 ], [ 102.486776734274372, -0.38771680133023 ], [ 102.486866436306215, -0.387716764095125 ], [ 102.48686632538346, -0.38744585065877 ], [ 102.486956027403863, -0.387445813448731 ], [ 102.486956175321865, -0.387807031329134 ], [ 102.487045877337422, -0.38780699408345 ], [ 102.487045914339404, -0.387897298544821 ], [ 102.487135616347288, -0.38789726128951 ], [ 102.487135579344368, -0.387806956836813 ], [ 102.487404685313493, -0.387806845091181 ], [ 102.487404648316328, -0.387716540664483 ], [ 102.487942860016247, -0.387716317199525 ], [ 102.487942897019096, -0.387806621574174 ], [ 102.488212002755546, -0.3878065098028 ], [ 102.488212039769849, -0.387896814151398 ], [ 102.488391443552956, -0.387896739615028 ], [ 102.488391517611205, -0.388077348277449 ], [ 102.488570921363618, -0.388077273702558 ], [ 102.488570995460137, -0.388257882330179 ], [ 102.489468013723993, -0.388257509224914 ], [ 102.489468236277318, -0.388799334586533 ], [ 102.489288832682135, -0.388799409319372 ], [ 102.489288906931762, -0.388980017807779 ], [ 102.489109503298295, -0.388980092571509 ], [ 102.489109726242674, -0.389521918140321 ], [ 102.489378831697053, -0.389521805837073 ], [ 102.489378906086529, -0.389702414307754 ], [ 102.490275923726387, -0.389702039727743 ], [ 102.490275849317882, -0.389521431430667 ], [ 102.490455252738585, -0.389521356537895 ], [ 102.490455178360762, -0.389340748275454 ], [ 102.490634581743151, -0.389340673413579 ], [ 102.490634507396052, -0.389160065185774 ], [ 102.490903612399237, -0.389159952937879 ], [ 102.490903538080914, -0.388979344762078 ], [ 102.490724134757883, -0.388979419560233 ], [ 102.490724060477874, -0.388798811349609 ], [ 102.490544657124133, -0.388798886109211 ], [ 102.490544545774497, -0.38852797374101 ], [ 102.490365142391965, -0.388528048444697 ], [ 102.490365068205776, -0.388347440164388 ], [ 102.490185664792534, -0.38834751482953 ], [ 102.490185627714283, -0.388257210671978 ], [ 102.490095925995675, -0.388257247994435 ], [ 102.490095963072974, -0.388347552160668 ], [ 102.490006261344803, -0.388347589490852 ], [ 102.49000629842979, -0.388437893665743 ], [ 102.489826894945651, -0.388437968340608 ], [ 102.489826746665059, -0.388076751571464 ], [ 102.490006150141596, -0.388076676966042 ], [ 102.490006076049241, -0.387896068616055 ], [ 102.490185479487522, -0.387895994041541 ], [ 102.490185257406026, -0.387354169095199 ], [ 102.490005853979127, -0.387354243565542 ], [ 102.490005706104853, -0.386993026864743 ], [ 102.489826302651025, -0.386993101261833 ], [ 102.489826265705901, -0.386902797069215 ], [ 102.489915967436175, -0.386902759879827 ], [ 102.489915893569929, -0.386722151511883 ], [ 102.490184998703356, -0.386722039990095 ], [ 102.490185035635022, -0.386812344148035 ], [ 102.490274737329869, -0.386812306963523 ], [ 102.490274774271072, -0.38690261111276 ], [ 102.490364475958245, -0.386902573918615 ], [ 102.490364402082534, -0.386721965637482 ], [ 102.490454103759191, -0.38672192845975 ], [ 102.490454066833308, -0.38663162432783 ], [ 102.490543768500402, -0.386631587157829 ], [ 102.490543694672652, -0.386450978911287 ], [ 102.490633396329216, -0.386450941757699 ], [ 102.490633322534094, -0.38627033352843 ], [ 102.490723024180156, -0.386270296391257 ], [ 102.490723061074348, -0.38636060049722 ], [ 102.490902464342469, -0.386360526202661 ], [ 102.490902316809908, -0.38599930984813 ], [ 102.490633211906086, -0.385999421184354 ], [ 102.490633248773463, -0.386089725299069 ], [ 102.490543547120666, -0.386089762417928 ], [ 102.490543583995731, -0.386180066541302 ], [ 102.490274478982755, -0.386180177918228 ], [ 102.490274442110533, -0.386089873768809 ], [ 102.490184740423231, -0.386089910883872 ], [ 102.490184703560573, -0.385999606725749 ], [ 102.490095001865598, -0.385999643831181 ], [ 102.490094965012503, -0.385909339664354 ], [ 102.49000526330984, -0.385909376760156 ], [ 102.490005226466309, -0.385819072584626 ], [ 102.489915524755986, -0.385819109670799 ], [ 102.489915561598593, -0.38590941385501 ], [ 102.489736158150137, -0.385909488041871 ], [ 102.489736121309434, -0.385819183840299 ], [ 102.489646419573234, -0.385819220923627 ], [ 102.489646345919567, -0.385638612503056 ], [ 102.489556644176631, -0.385638649568075 ], [ 102.489556607363667, -0.385548345349076 ], [ 102.489466905613043, -0.385548382404468 ], [ 102.489466868809657, -0.385458078176767 ], [ 102.489108061724721, -0.385458226354141 ], [ 102.489108098524341, -0.385548530616558 ], [ 102.489018396730614, -0.385548567667211 ], [ 102.489018433537922, -0.385638871938284 ], [ 102.488928731734632, -0.385638908996667 ], [ 102.488928768549613, -0.385729213276396 ], [ 102.488749364915279, -0.385729287407673 ], [ 102.488749291297708, -0.385548678813483 ], [ 102.488838993117312, -0.385548641765674 ], [ 102.488838956320492, -0.385458337477222 ], [ 102.488928658130519, -0.385458300437143 ], [ 102.488928511025748, -0.38509708331782 ], [ 102.488749107404601, -0.385097157327609 ], [ 102.488749180935983, -0.385277765922027 ], [ 102.488659479110595, -0.385277802942856 ], [ 102.488659515888273, -0.385368107248708 ], [ 102.488569814053321, -0.385368144277268 ], [ 102.488569850838687, -0.385458448591774 ], [ 102.488480148994171, -0.385458485628063 ], [ 102.488480185787211, -0.385548789951224 ], [ 102.488390483933131, -0.385548826995242 ], [ 102.488390520733873, -0.385639131327057 ], [ 102.488121415117106, -0.385639242479454 ], [ 102.488121378319221, -0.38554893812161 ], [ 102.487941974533513, -0.385549012201115 ], [ 102.487941937746115, -0.385458707825897 ], [ 102.48803163964233, -0.385458670795293 ], [ 102.488031566091536, -0.385278062062139 ], [ 102.488121267977249, -0.38527802504794 ], [ 102.488121231213839, -0.385187720690005 ], [ 102.488210933090002, -0.385187683683535 ], [ 102.488210859587141, -0.385007074984949 ], [ 102.488031455829955, -0.385007148962238 ], [ 102.488031382365335, -0.384826540228857 ], [ 102.487851978577439, -0.384826614167657 ], [ 102.487851905151061, -0.384646005399483 ], [ 102.48767250133244, -0.384646079299799 ], [ 102.48767242794429, -0.384465470496833 ], [ 102.48758272602393, -0.384465507428223 ], [ 102.487582689343739, -0.384375203018031 ], [ 102.487313583533776, -0.384375313780506 ] ], [ [ 102.490820701783164, -0.405324423266171 ], [ 102.490820779221906, -0.405505031450853 ], [ 102.490910481056645, -0.40550499246234 ], [ 102.490910403615914, -0.405324384295024 ], [ 102.490820701783164, -0.405324423266171 ] ], [ [ 102.490457613297778, -0.395210516757517 ], [ 102.490457688796766, -0.395391125016948 ], [ 102.490547390556472, -0.3953910870048 ], [ 102.490547428319843, -0.395481391125799 ], [ 102.490726831815294, -0.395481315081223 ], [ 102.490726718545218, -0.39521040277025 ], [ 102.490457613297778, -0.395210516757517 ] ], [ [ 102.490184629861105, -0.385818998409434 ], [ 102.49018466670654, -0.385909302567603 ], [ 102.490453771736881, -0.385909191271657 ], [ 102.490453734888646, -0.385818887139533 ], [ 102.490184629861105, -0.385818998409434 ] ], [ [ 102.49018790526911, -0.39376576424052 ], [ 102.490187942873419, -0.393856068396664 ], [ 102.490277644642603, -0.393856030535014 ], [ 102.490277607037356, -0.393765726387551 ], [ 102.49018790526911, -0.39376576424052 ] ], [ [ 102.489904280275027, -0.357192682156826 ], [ 102.489904416763309, -0.357553898921341 ], [ 102.489994118189571, -0.357553864552181 ], [ 102.489994084053677, -0.357463560369765 ], [ 102.490083785470418, -0.357463526008407 ], [ 102.490083751342283, -0.35737322183465 ], [ 102.490173452749531, -0.357373187481094 ], [ 102.490173384517405, -0.357192579150879 ], [ 102.489904280275027, -0.357192682156826 ] ], [ [ 102.4897244687875, -0.356109100319176 ], [ 102.489724536803976, -0.356289708736701 ], [ 102.489545133915541, -0.356289777225835 ], [ 102.489545235999699, -0.356560689904044 ], [ 102.489455534539928, -0.356560724173335 ], [ 102.489455602637392, -0.356741332642728 ], [ 102.489545304098911, -0.356741298356078 ], [ 102.489545338161435, -0.356831602582064 ], [ 102.489814442496836, -0.356831499690812 ], [ 102.489814374375158, -0.356650891290899 ], [ 102.489904075801292, -0.356650857009421 ], [ 102.489904007712369, -0.356470248626785 ], [ 102.489993709128129, -0.356470214361792 ], [ 102.489993675095732, -0.356379910179122 ], [ 102.489903973680825, -0.356379944435435 ], [ 102.489903905643629, -0.356199336052672 ], [ 102.489814204221844, -0.356199370290748 ], [ 102.489814170217073, -0.356109066090655 ], [ 102.4897244687875, -0.356109100319176 ] ], [ [ 102.489013970920624, -0.374531446427271 ], [ 102.489014042440431, -0.374712054974866 ], [ 102.488475832165363, -0.374712271011027 ], [ 102.488475903708647, -0.374892879662664 ], [ 102.488296500211007, -0.374892951702055 ], [ 102.488296571785099, -0.375073560388311 ], [ 102.487937764679074, -0.375073704525441 ], [ 102.487937836280324, -0.375254313281016 ], [ 102.487040817893714, -0.375254673732783 ], [ 102.487040889511093, -0.375435282661759 ], [ 102.486682081907873, -0.375435426886018 ], [ 102.48668215355238, -0.375616035884289 ], [ 102.486502749695404, -0.375616108025569 ], [ 102.486502821370692, -0.37579671705844 ], [ 102.486682225231348, -0.37579664488247 ], [ 102.486682440475008, -0.376338471876483 ], [ 102.486861844312202, -0.376338399592746 ], [ 102.486861987987623, -0.376699617518929 ], [ 102.487041391797717, -0.376699545162107 ], [ 102.487041463690801, -0.376880154090372 ], [ 102.487220867470114, -0.376880081695151 ], [ 102.48722093940134, -0.377060690588633 ], [ 102.487400343149872, -0.377060618155009 ], [ 102.487400415119254, -0.377241227013707 ], [ 102.487579818837006, -0.377241154541677 ], [ 102.487580034963003, -0.377782981013143 ], [ 102.487400631234209, -0.377783053589266 ], [ 102.48740070334145, -0.377963662447607 ], [ 102.486324280222689, -0.37796409803448 ], [ 102.486324208137589, -0.377783488967989 ], [ 102.485785996124093, -0.377783706607198 ], [ 102.48578592408451, -0.377603097436567 ], [ 102.485427115910639, -0.377603242441439 ], [ 102.485427187942832, -0.377783851681429 ], [ 102.484888975412616, -0.377784069264912 ], [ 102.484889336034897, -0.378687115983643 ], [ 102.484709931770809, -0.378687188677396 ], [ 102.484710148546355, -0.379229016811577 ], [ 102.484530744236721, -0.379229089605615 ], [ 102.484530816560408, -0.379409699018165 ], [ 102.484351412212618, -0.379409771843142 ], [ 102.484351339892612, -0.379229162395923 ], [ 102.483633722171916, -0.379229453519865 ], [ 102.483633649901179, -0.379048843933905 ], [ 102.483095436260228, -0.379049062133733 ], [ 102.483095364035023, -0.378868452443712 ], [ 102.482736554776352, -0.378868597822321 ], [ 102.48273669924636, -0.379229817340884 ], [ 102.482557294557978, -0.379229890093899 ], [ 102.482557982635612, -0.380945683131356 ], [ 102.482468280260875, -0.380945719671046 ], [ 102.482468316560613, -0.381036024576192 ], [ 102.482737423661789, -0.381035914928325 ], [ 102.482737496292643, -0.381216524686575 ], [ 102.483096305647848, -0.381216378407 ], [ 102.483096378320568, -0.381396988095855 ], [ 102.483186080639726, -0.381396951506291 ], [ 102.483186116989927, -0.381487256342021 ], [ 102.483275819301412, -0.381487219742855 ], [ 102.483275855661134, -0.381577524569899 ], [ 102.483455260260129, -0.381577451351425 ], [ 102.483455187545545, -0.381396841731972 ], [ 102.483993401124735, -0.381396622158017 ], [ 102.483993910928334, -0.382660888764426 ], [ 102.483814506410255, -0.382660962202131 ], [ 102.48381457937333, -0.382841571751634 ], [ 102.483635174817053, -0.382841645220237 ], [ 102.483635320839028, -0.383202864388293 ], [ 102.48381472540278, -0.383202790850369 ], [ 102.483814761931669, -0.383293095624996 ], [ 102.483904464201572, -0.383293058845956 ], [ 102.483904610406938, -0.383654277909577 ], [ 102.483814908133283, -0.383654314723279 ], [ 102.483814944705216, -0.383744619497794 ], [ 102.483635540130223, -0.383744693139699 ], [ 102.483635613296158, -0.38392530272332 ], [ 102.483815017874875, -0.383925229046754 ], [ 102.483815054472629, -0.3840155338212 ], [ 102.483904756750022, -0.384015496972836 ], [ 102.483904829973213, -0.384196106504329 ], [ 102.483994532243884, -0.384196069637689 ], [ 102.483994605503383, -0.384376679151761 ], [ 102.484084307767318, -0.384376642266845 ], [ 102.484084417723949, -0.384647556511784 ], [ 102.483905013181854, -0.384647630332667 ], [ 102.483905049849398, -0.384737935098267 ], [ 102.483815347564502, -0.384737972015955 ], [ 102.483815457615975, -0.385008886338614 ], [ 102.483905159903699, -0.385008849394929 ], [ 102.483905123210334, -0.384918544629397 ], [ 102.484263932271375, -0.384918396879857 ], [ 102.484263675632477, -0.384286263763151 ], [ 102.484353377869638, -0.384286226884066 ], [ 102.484353341240435, -0.384195922161684 ], [ 102.484263639004226, -0.384195959032102 ], [ 102.484263602384559, -0.384105654301031 ], [ 102.484173900140661, -0.384105691161838 ], [ 102.48417375375189, -0.383744472202661 ], [ 102.484084051503132, -0.383744509027859 ], [ 102.484084014928413, -0.383654204279342 ], [ 102.484173717176219, -0.38365416746281 ], [ 102.484173644050713, -0.38347355798304 ], [ 102.484263346288031, -0.383473521182898 ], [ 102.484263309737244, -0.383383216451645 ], [ 102.484353011965041, -0.383383179659226 ], [ 102.48435290236155, -0.383112265491333 ], [ 102.484442604577922, -0.383112228723972 ], [ 102.484442568059706, -0.383021924009963 ], [ 102.484532270266527, -0.383021887250327 ], [ 102.484532197254083, -0.382841277839575 ], [ 102.484711601638153, -0.382841204352148 ], [ 102.484711528656362, -0.382660594975974 ], [ 102.484890933002291, -0.382660521519454 ], [ 102.484891005987805, -0.382841130860956 ], [ 102.48507041030301, -0.382841057366 ], [ 102.485070556384841, -0.383202275979387 ], [ 102.485160258533284, -0.383202239195823 ], [ 102.485159820689873, -0.3821185834586 ], [ 102.485339224938471, -0.382118510096699 ], [ 102.485339152081394, -0.381937900841522 ], [ 102.485518556291808, -0.381937827510541 ], [ 102.485518410673549, -0.381576609069271 ], [ 102.485697814842055, -0.381576535803893 ], [ 102.485697669354138, -0.381215317431621 ], [ 102.485877073480751, -0.381215244231852 ], [ 102.485877146211209, -0.381395853383352 ], [ 102.48641535839549, -0.381395633657499 ], [ 102.486415431171579, -0.381576242704855 ], [ 102.487850662176569, -0.381575656326667 ], [ 102.487850589370652, -0.381395047556866 ], [ 102.488029993087451, -0.381394974277409 ], [ 102.4880299203123, -0.38121436554222 ], [ 102.488209323990915, -0.381214292293717 ], [ 102.488209251246502, -0.381033683593142 ], [ 102.48838865488689, -0.381033610375596 ], [ 102.488388582173229, -0.380853001709637 ], [ 102.488567985775433, -0.380852928523052 ], [ 102.48856776783019, -0.380311102628758 ], [ 102.488747171386748, -0.380311029542556 ], [ 102.488746953740687, -0.379769203751583 ], [ 102.488926357251628, -0.379769130765775 ], [ 102.488926212319228, -0.379407913640766 ], [ 102.489105615788276, -0.37940784072065 ], [ 102.489105470986402, -0.379046623664709 ], [ 102.48928487441357, -0.379046550810291 ], [ 102.489284802060638, -0.378865942316901 ], [ 102.489464205449622, -0.378865869493472 ], [ 102.489464060839836, -0.378504652575857 ], [ 102.489912569142902, -0.378504470674582 ], [ 102.489912496880507, -0.37832386230244 ], [ 102.489643391930088, -0.378323971393916 ], [ 102.48964331970771, -0.378143362969604 ], [ 102.489822723012935, -0.378143290277603 ], [ 102.489821930802677, -0.376156597986208 ], [ 102.48964252753801, -0.376156670296289 ], [ 102.489642455729495, -0.375976061870908 ], [ 102.48946305243399, -0.375976134142571 ], [ 102.48946298066366, -0.375795525682384 ], [ 102.489283577337346, -0.375795597915633 ], [ 102.489283505605158, -0.375614989420641 ], [ 102.489104102248035, -0.37561506161548 ], [ 102.489104030554003, -0.375434453085684 ], [ 102.488745223743621, -0.375434597394857 ], [ 102.488745152091425, -0.375253988795549 ], [ 102.48856574863818, -0.375254060909888 ], [ 102.488565677024113, -0.375073452275781 ], [ 102.489462693927194, -0.375073091840748 ], [ 102.489462622329299, -0.374892483380118 ], [ 102.489552323970358, -0.374892447348902 ], [ 102.489552252405119, -0.374711838905542 ], [ 102.489372849118027, -0.374711910932335 ], [ 102.48937277759093, -0.374531302454169 ], [ 102.489013970920624, -0.374531446427271 ] ], [ [ 102.489471346776838, -0.396294585337042 ], [ 102.489471384614859, -0.396384889561976 ], [ 102.489561086480052, -0.396384851465047 ], [ 102.489561124327679, -0.396475155681278 ], [ 102.489650826185198, -0.396475117574694 ], [ 102.489650750496665, -0.396294509159568 ], [ 102.489471346776838, -0.396294585337042 ] ], [ [ 102.489186260029186, -0.356109305671913 ], [ 102.489186294027888, -0.356199609932763 ], [ 102.489096592537152, -0.356199644163833 ], [ 102.489096694582358, -0.35647055697229 ], [ 102.489186396075752, -0.356470522715184 ], [ 102.48918643010893, -0.356560826975949 ], [ 102.489276131594565, -0.356560792709287 ], [ 102.489276097560492, -0.356470488457201 ], [ 102.489365799036619, -0.356470454198342 ], [ 102.489365730992631, -0.356289845711464 ], [ 102.489276029518237, -0.356289879952965 ], [ 102.489275961510472, -0.356109271448646 ], [ 102.489186260029186, -0.356109305671913 ] ], [ [ 102.488932984167818, -0.395933596737826 ], [ 102.488933021965536, -0.396023901014926 ], [ 102.48911242578302, -0.396023824901212 ], [ 102.489112387983354, -0.395933520641469 ], [ 102.488932984167818, -0.395933596737826 ] ], [ [ 102.488937154860949, -0.405776762803045 ], [ 102.488937193598318, -0.405867067077566 ], [ 102.489026895618096, -0.405867028075276 ], [ 102.489026856879747, -0.405776723809432 ], [ 102.488937154860949, -0.405776762803045 ] ], [ [ 102.488827930735511, -0.357373702692181 ], [ 102.488828033109073, -0.35764461557792 ], [ 102.4890074361616, -0.357644546842462 ], [ 102.48900733378278, -0.357373634008791 ], [ 102.488827930735511, -0.357373702692181 ] ], [ [ 102.488842829358362, -0.394849983353394 ], [ 102.488842867051673, -0.394940287639451 ], [ 102.488932568961758, -0.39494024968819 ], [ 102.488932531267494, -0.39484994541081 ], [ 102.488842829358362, -0.394849983353394 ] ], [ [ 102.488648323149761, -0.356831945495881 ], [ 102.488648391283277, -0.357012554121358 ], [ 102.488738092824974, -0.357012519816569 ], [ 102.4887381609947, -0.357193128424606 ], [ 102.48891756405574, -0.357193059777684 ], [ 102.488917427743786, -0.356831842630947 ], [ 102.488648323149761, -0.356831945495881 ] ], [ [ 102.488573798968758, -0.395030705799477 ], [ 102.488573874392699, -0.39521131442354 ], [ 102.48848417244524, -0.395211352396949 ], [ 102.488484210169176, -0.395301656717623 ], [ 102.488394508212139, -0.395301694698737 ], [ 102.488394583683942, -0.395482303357368 ], [ 102.488484285642912, -0.395482265358901 ], [ 102.488484247901738, -0.395391961038274 ], [ 102.488663651791896, -0.395391885055776 ], [ 102.488663614057401, -0.395301580752479 ], [ 102.488753315988589, -0.39530154276845 ], [ 102.488753278261754, -0.395211238473808 ], [ 102.48884298018335, -0.395211200497484 ], [ 102.488842904753611, -0.395030591925486 ], [ 102.488573798968758, -0.395030705799477 ] ], [ [ 102.488379696100111, -0.358096309093917 ], [ 102.488379730280613, -0.358186613432401 ], [ 102.488290028693072, -0.358186647846474 ], [ 102.488290062881319, -0.358276952193614 ], [ 102.488469466049509, -0.358276883347234 ], [ 102.488469500248144, -0.358367187676999 ], [ 102.488559201820181, -0.358367153243811 ], [ 102.48855923602828, -0.358457457564878 ], [ 102.488738639148266, -0.358457388678504 ], [ 102.48873853654456, -0.358186475767303 ], [ 102.488469431859528, -0.358186579017447 ], [ 102.488469397678159, -0.35809627468764 ], [ 102.488379696100111, -0.358096309093917 ] ], [ [ 102.488379559464335, -0.357735091739768 ], [ 102.488379627764985, -0.357915700416885 ], [ 102.488559030908945, -0.357915631638158 ], [ 102.488558962604785, -0.357735022995749 ], [ 102.488379559464335, -0.357735091739768 ] ], [ [ 102.488110181852036, -0.357012759931661 ], [ 102.488110352310485, -0.357464281755282 ], [ 102.487930949089062, -0.357464350438452 ], [ 102.487931051462311, -0.357735263584427 ], [ 102.488289857881156, -0.357735126110459 ], [ 102.488289789616715, -0.357554517415905 ], [ 102.488469192770921, -0.357554448708351 ], [ 102.488469124537488, -0.357373840048419 ], [ 102.488379422966418, -0.357373874385282 ], [ 102.488379388863493, -0.357283570046608 ], [ 102.488289687284706, -0.357283604373916 ], [ 102.488289619106453, -0.357102995679151 ], [ 102.488199917520774, -0.357103029988228 ], [ 102.488199883445461, -0.357012725632138 ], [ 102.488110181852036, -0.357012759931661 ] ], [ [ 102.487318612919609, -0.396566412462227 ], [ 102.487318650760244, -0.396656716895331 ], [ 102.487228948676673, -0.396656754993921 ], [ 102.487228986524954, -0.396747059435676 ], [ 102.487139284431805, -0.396747097541964 ], [ 102.487139322287746, -0.39683740199237 ], [ 102.487049620184976, -0.396837440106356 ], [ 102.487049695920774, -0.397018049024444 ], [ 102.487139398025434, -0.397018010893111 ], [ 102.487139360152284, -0.396927706442752 ], [ 102.487318764333864, -0.396927630194505 ], [ 102.487318688609506, -0.396747021328413 ], [ 102.487498092752745, -0.39674694511096 ], [ 102.487498168480982, -0.396927553942355 ], [ 102.487677572593626, -0.396927477686302 ], [ 102.487677496861522, -0.396746868889605 ], [ 102.487767198902986, -0.396746830777465 ], [ 102.487767161048893, -0.396656526387756 ], [ 102.487677459008395, -0.396656564491222 ], [ 102.48767742116388, -0.396566260092815 ], [ 102.487318612919609, -0.396566412462227 ] ], [ [ 102.487572586674929, -0.358638445209868 ], [ 102.487572620899257, -0.358728749626307 ], [ 102.487482919228938, -0.358728784084502 ], [ 102.487482953460983, -0.358819088509593 ], [ 102.487572655132212, -0.358819054042723 ], [ 102.487572792150161, -0.35918027170818 ], [ 102.487662493816273, -0.359180237205729 ], [ 102.487662459547977, -0.359089932798072 ], [ 102.487752161204597, -0.359089898303413 ], [ 102.487752126944059, -0.358999593904409 ], [ 102.487662425288306, -0.358999628390393 ], [ 102.487662356794814, -0.358819019574972 ], [ 102.487752058448805, -0.358818985106338 ], [ 102.487752024214103, -0.35872868070727 ], [ 102.487662322560993, -0.358728715167229 ], [ 102.487662288335784, -0.358638410759466 ], [ 102.487572586674929, -0.358638445209868 ] ], [ [ 102.48649565389907, -0.357284290735619 ], [ 102.486495790289169, -0.357645508818832 ], [ 102.486585492043787, -0.357645474474403 ], [ 102.486585731064224, -0.358277606058508 ], [ 102.486675432816369, -0.358277571652494 ], [ 102.486675466997468, -0.358367876155752 ], [ 102.486765168741854, -0.358367841740184 ], [ 102.48676520293246, -0.358458146234748 ], [ 102.486675501187193, -0.358458180658989 ], [ 102.486675638032239, -0.358819398671726 ], [ 102.486765339781002, -0.358819364212795 ], [ 102.486765374014681, -0.358909668707254 ], [ 102.486855075755699, -0.358909634238768 ], [ 102.486855109998885, -0.358999938724533 ], [ 102.487034513456834, -0.358999869767569 ], [ 102.487034547710365, -0.359090174235966 ], [ 102.48712424942731, -0.359090139747487 ], [ 102.487124283690335, -0.35918044420719 ], [ 102.487213985399535, -0.359180409709154 ], [ 102.487213848395612, -0.35881919190491 ], [ 102.487124146689922, -0.358819226368251 ], [ 102.487124078241408, -0.358638617448655 ], [ 102.487034376528854, -0.358638651893767 ], [ 102.487034342318395, -0.358548347425264 ], [ 102.4868549388692, -0.358548416295497 ], [ 102.486854836294768, -0.358277502837822 ], [ 102.487213643148209, -0.358277365197909 ], [ 102.487213506488928, -0.357916147392819 ], [ 102.487123804791992, -0.357916181769424 ], [ 102.487123736515798, -0.357735572849405 ], [ 102.487034034811998, -0.357735607207783 ], [ 102.487034000687686, -0.357645302739069 ], [ 102.486944298976155, -0.357645337087894 ], [ 102.486944230755128, -0.357464728133055 ], [ 102.486764827309685, -0.357464796793377 ], [ 102.486764793213851, -0.35737449229858 ], [ 102.48658538973568, -0.357374560938041 ], [ 102.48658535565022, -0.357284256425879 ], [ 102.48649565389907, -0.357284290735619 ] ], [ [ 102.487124283690335, -0.35918044420719 ], [ 102.486944880246099, -0.359180513200612 ], [ 102.486944914516002, -0.359270817677641 ], [ 102.487124317961985, -0.359270748666871 ], [ 102.487124283690335, -0.35918044420719 ] ], [ [ 102.487124078241408, -0.358638617448655 ], [ 102.48739318332737, -0.358638514108028 ], [ 102.487393114908073, -0.35845790524039 ], [ 102.487213711529549, -0.358457974100327 ], [ 102.487213745733143, -0.358548278551505 ], [ 102.487124044030068, -0.358548312988825 ], [ 102.487124078241408, -0.358638617448655 ] ], [ [ 102.487033693956718, -0.356832562519689 ], [ 102.487033830195429, -0.357193780395179 ], [ 102.487123531893999, -0.357193746088842 ], [ 102.487123565976091, -0.357284050548988 ], [ 102.487213267666917, -0.357284016233099 ], [ 102.487213233583958, -0.357193711781626 ], [ 102.487302935265291, -0.357193677473532 ], [ 102.487302901190077, -0.357103373030712 ], [ 102.487213199509597, -0.357103407330132 ], [ 102.487213165443876, -0.357013102878617 ], [ 102.487123463755665, -0.357013137168485 ], [ 102.487123395651793, -0.356832528248045 ], [ 102.487033693956718, -0.356832562519689 ] ], [ [ 102.486866880772553, -0.388800417838488 ], [ 102.486867029203722, -0.389161635752209 ], [ 102.486956731242117, -0.389161598377383 ], [ 102.486956582807167, -0.388800380498354 ], [ 102.486866880772553, -0.388800417838488 ] ], [ [ 102.486781044658457, -0.398101817231378 ], [ 102.486781082639737, -0.398192121716125 ], [ 102.486870784782894, -0.398192083474973 ], [ 102.486870746800633, -0.398101778998899 ], [ 102.486781044658457, -0.398101817231378 ] ], [ [ 102.486766336055325, -0.361438194543485 ], [ 102.486766370538845, -0.361528499037327 ], [ 102.486856072305372, -0.361528464317332 ], [ 102.486856037820971, -0.361438159832162 ], [ 102.486766336055325, -0.361438194543485 ] ], [ [ 102.486047862508002, -0.359180858114745 ], [ 102.486047896769108, -0.359271162678493 ], [ 102.486137598582573, -0.359271128182382 ], [ 102.486137632853172, -0.359361432737438 ], [ 102.486227334658878, -0.359361398231773 ], [ 102.486227403227701, -0.359542007324479 ], [ 102.486137701420233, -0.359542041847487 ], [ 102.486137838657712, -0.359903260067329 ], [ 102.486496645849968, -0.359903121831251 ], [ 102.48649661152416, -0.359812817311008 ], [ 102.486676015066848, -0.359812748205005 ], [ 102.48667598074789, -0.359722443702086 ], [ 102.486765682505435, -0.359722409156429 ], [ 102.486765545312281, -0.35936119117923 ], [ 102.486586141795613, -0.359361260200278 ], [ 102.486586107520608, -0.359270955688581 ], [ 102.486496405750231, -0.359270990189107 ], [ 102.486496371484733, -0.359180685668716 ], [ 102.486047862508002, -0.359180858114745 ] ], [ [ 102.486497092869342, -0.36107708059247 ], [ 102.486497127315744, -0.361167385112415 ], [ 102.48658682910461, -0.361167350429774 ], [ 102.486586794657327, -0.361077045918501 ], [ 102.486497092869342, -0.36107708059247 ] ], [ [ 102.486242149539265, -0.396476564939667 ], [ 102.48624218735965, -0.396566869476868 ], [ 102.486331889537027, -0.396566831397677 ], [ 102.486331927367019, -0.396657135926183 ], [ 102.48642162953675, -0.396657097837345 ], [ 102.48642166737632, -0.396747402357155 ], [ 102.486601071691879, -0.39674732615921 ], [ 102.486600958193208, -0.396476412651739 ], [ 102.486242149539265, -0.396476564939667 ] ], [ [ 102.486242603952604, -0.397560219384533 ], [ 102.486242717749747, -0.397831132995222 ], [ 102.486422122123059, -0.397831056593059 ], [ 102.486422084180106, -0.39774075207353 ], [ 102.486511786352864, -0.397740713879653 ], [ 102.48651174841757, -0.397650409368772 ], [ 102.486422046245792, -0.397650447553977 ], [ 102.486422008320076, -0.3975601430344 ], [ 102.486242603952604, -0.397560219384533 ] ], [ [ 102.485867299163317, -0.356110571317363 ], [ 102.485867333129846, -0.35620087589917 ], [ 102.485777631320261, -0.35620091009784 ], [ 102.485777665294535, -0.356291214688296 ], [ 102.485418857966565, -0.356291351508899 ], [ 102.485418891945969, -0.356381656134013 ], [ 102.485239488228601, -0.356381724556397 ], [ 102.485239454250916, -0.356291419913945 ], [ 102.485149752380181, -0.356291454115154 ], [ 102.48514978635697, -0.356381758766275 ], [ 102.484880680690466, -0.356381861390651 ], [ 102.484880714673253, -0.356472166067756 ], [ 102.484791012766323, -0.356472200282797 ], [ 102.484791046756882, -0.356562504968549 ], [ 102.48470134484046, -0.356562539191381 ], [ 102.48470141284561, -0.356743148580157 ], [ 102.484970518574215, -0.356743045857023 ], [ 102.484970552592316, -0.356833350525376 ], [ 102.485419061972152, -0.356833179259268 ], [ 102.485419027949689, -0.356742874634259 ], [ 102.485598431639602, -0.356742806139014 ], [ 102.485598465663799, -0.356833110746684 ], [ 102.485867571136694, -0.356833007971229 ], [ 102.485867537109868, -0.356742703389569 ], [ 102.485957238916072, -0.356742669138 ], [ 102.485957204897005, -0.35665236456499 ], [ 102.486316012032177, -0.356652227584628 ], [ 102.486315978018226, -0.356561923046281 ], [ 102.486405679779622, -0.35656188880767 ], [ 102.486405577786854, -0.356290975218519 ], [ 102.486315876028087, -0.356291009431115 ], [ 102.48631580807772, -0.356110400354232 ], [ 102.485867299163317, -0.356110571317363 ] ], [ [ 102.485344749667888, -0.395573899350934 ], [ 102.485344787392492, -0.395664203975071 ], [ 102.485434489646323, -0.395664165992322 ], [ 102.485434527380505, -0.395754470607767 ], [ 102.485524229626691, -0.395754432615375 ], [ 102.485524267370451, -0.395844737222127 ], [ 102.485613969608991, -0.395844699220093 ], [ 102.485614007362329, -0.395935003818152 ], [ 102.485703709593224, -0.395934965806475 ], [ 102.485703747356141, -0.39602527039584 ], [ 102.485793449579418, -0.39602523237452 ], [ 102.485793487351899, -0.396115536955191 ], [ 102.485883189567502, -0.396115498924227 ], [ 102.485883227349575, -0.396205803496205 ], [ 102.48606263175688, -0.396205727414013 ], [ 102.486062480672516, -0.395844509195325 ], [ 102.48579337406025, -0.395844623213106 ], [ 102.485793336313591, -0.395754318632364 ], [ 102.485703634093255, -0.395754356627674 ], [ 102.485703558627691, -0.395573747448779 ], [ 102.485344749667888, -0.395573899350934 ] ], [ [ 102.485884098714536, -0.398282808645243 ], [ 102.485884136703334, -0.398373113216658 ], [ 102.485973838934569, -0.398373074967954 ], [ 102.485973800944805, -0.398282770405209 ], [ 102.485884098714536, -0.398282808645243 ] ], [ [ 102.485610718037009, -0.387988199100194 ], [ 102.485610755041066, -0.388078503700264 ], [ 102.485521052884835, -0.388078540956703 ], [ 102.485521089896551, -0.38816884556542 ], [ 102.48543138773077, -0.388168882829574 ], [ 102.485431424750161, -0.388259187446937 ], [ 102.485521126916908, -0.388259150174114 ], [ 102.485521200983428, -0.388439759391433 ], [ 102.485610903143424, -0.388439722100316 ], [ 102.48561094019054, -0.388530026700271 ], [ 102.485700642342891, -0.388529989399529 ], [ 102.485700605294824, -0.388439684808243 ], [ 102.485880009571815, -0.388439610221233 ], [ 102.48587982445116, -0.387988087351164 ], [ 102.485610718037009, -0.387988199100194 ] ], [ [ 102.485704808214521, -0.39855379888857 ], [ 102.485704884248491, -0.398734408065918 ], [ 102.485794586500873, -0.398734369784493 ], [ 102.485794510464942, -0.398553760624485 ], [ 102.485704808214521, -0.39855379888857 ] ], [ [ 102.485072690054139, -0.388439945832696 ], [ 102.485072801204254, -0.388710859788539 ], [ 102.485162503410166, -0.38871082247619 ], [ 102.485162540478385, -0.388801127119423 ], [ 102.485611051383572, -0.3888009405 ], [ 102.485610977246267, -0.388620331300204 ], [ 102.485521275084352, -0.388620368608661 ], [ 102.485521312147753, -0.38871067321724 ], [ 102.485341907796197, -0.388710747848626 ], [ 102.485341870734686, -0.388620443222708 ], [ 102.485252168546936, -0.388620480528299 ], [ 102.485252094451695, -0.388439871259056 ], [ 102.485072690054139, -0.388439945832696 ] ], [ [ 102.484983470040319, -0.389613943704599 ], [ 102.484983655888527, -0.390065467006072 ], [ 102.485521869132143, -0.390065242343177 ], [ 102.485521831939565, -0.389974937734942 ], [ 102.485252725359359, -0.389975050044697 ], [ 102.485252688178264, -0.389884745410431 ], [ 102.485162985968586, -0.38988478283643 ], [ 102.485162911634106, -0.389704173550492 ], [ 102.485073209417735, -0.389704210958195 ], [ 102.485073172264364, -0.389613906306523 ], [ 102.484983470040319, -0.389613943704599 ] ], [ [ 102.485162911634106, -0.389704173550492 ], [ 102.48525261384188, -0.389704136141831 ], [ 102.485252576686605, -0.389613831507496 ], [ 102.485162874479784, -0.389613868907488 ], [ 102.485162911634106, -0.389704173550492 ] ], [ [ 102.484347485751798, -0.369476252114404 ], [ 102.484347556212185, -0.369656861566392 ], [ 102.483988747808411, -0.369657003461336 ], [ 102.483988888818075, -0.370018222503711 ], [ 102.483630080262103, -0.37001836452276 ], [ 102.483630221395046, -0.370379583703431 ], [ 102.483450817058184, -0.370379654776815 ], [ 102.483450887672674, -0.370560264401677 ], [ 102.483361185489542, -0.370560299954332 ], [ 102.483361256136646, -0.370740909596437 ], [ 102.483540660497937, -0.370740838455558 ], [ 102.483540943445149, -0.371463276884469 ], [ 102.483361539069364, -0.371463348163979 ], [ 102.483361609888576, -0.371643957805646 ], [ 102.483182205474719, -0.371644029116159 ], [ 102.483182276324754, -0.371824638792394 ], [ 102.483002871872827, -0.371824710133906 ], [ 102.483002942753672, -0.372005319844708 ], [ 102.482823538263688, -0.372005391217216 ], [ 102.482823680121342, -0.372366610707861 ], [ 102.483451595711131, -0.372366360645493 ], [ 102.483451524752354, -0.372185751021506 ], [ 102.483630929125482, -0.372185679601535 ], [ 102.4836308581975, -0.372005070012119 ], [ 102.483810262532558, -0.372004998623149 ], [ 102.483810191635399, -0.371824389068305 ], [ 102.484169000194939, -0.371824246348716 ], [ 102.484168929324923, -0.371643636863111 ], [ 102.484707141895115, -0.371643422860306 ], [ 102.484707071048661, -0.371462813478616 ], [ 102.485065879249305, -0.37146267086115 ], [ 102.485065808430022, -0.371282061548717 ], [ 102.485245212475064, -0.371281990269179 ], [ 102.485245070932578, -0.3709207717134 ], [ 102.485424474935925, -0.370920700499564 ], [ 102.485424333523994, -0.370559482012787 ], [ 102.485244929527894, -0.37055955315727 ], [ 102.48524471767918, -0.37001772532242 ], [ 102.485065313659504, -0.370017796359234 ], [ 102.485065102131628, -0.369475968419575 ], [ 102.484347485751798, -0.369476252114404 ] ], [ [ 102.485061142001257, -0.359181237418301 ], [ 102.485061210512796, -0.359361846736508 ], [ 102.484971508595123, -0.359361881230688 ], [ 102.484971542862937, -0.359452185898429 ], [ 102.485061244781491, -0.35945215139558 ], [ 102.485061279058783, -0.359542456054631 ], [ 102.485330384765405, -0.359542352514778 ], [ 102.485330316214146, -0.359361743248668 ], [ 102.485240614322308, -0.359361777745498 ], [ 102.485240545807258, -0.359181168461965 ], [ 102.485061142001257, -0.359181237418301 ] ], [ [ 102.484805109035634, -0.392142549464118 ], [ 102.48480514642722, -0.392232854141149 ], [ 102.484894848696172, -0.392232816493618 ], [ 102.484894886097337, -0.392323121161958 ], [ 102.484984588358628, -0.392323083504795 ], [ 102.484984625769371, -0.392413388164443 ], [ 102.485164030268038, -0.392413312829886 ], [ 102.485163918055889, -0.392142398902881 ], [ 102.484805109035634, -0.392142549464118 ] ], [ [ 102.484538564226995, -0.398283382128241 ], [ 102.484538602201198, -0.39837368682969 ], [ 102.484718006913425, -0.398373610360684 ], [ 102.484718044898173, -0.398463915044774 ], [ 102.484807747242357, -0.398463876800135 ], [ 102.484807671279512, -0.398283267449267 ], [ 102.484538564226995, -0.398283382128241 ] ], [ [ 102.484084784805631, -0.385550603993441 ], [ 102.484084968669308, -0.386002127733417 ], [ 102.483905564098976, -0.386002201814274 ], [ 102.483905600895639, -0.386092506579533 ], [ 102.483815898596646, -0.386092543627204 ], [ 102.483815935400955, -0.386182848401105 ], [ 102.483726233092383, -0.386182885456492 ], [ 102.483726786176248, -0.387537457192254 ], [ 102.484444404517163, -0.387537159682653 ], [ 102.484444330645601, -0.387356550256838 ], [ 102.484534032897599, -0.387356513081185 ], [ 102.484533959058581, -0.387175903672612 ], [ 102.484623661300063, -0.387175866513341 ], [ 102.484623624392555, -0.387085561817688 ], [ 102.484354517645102, -0.387085673266645 ], [ 102.484354554549796, -0.387175977988299 ], [ 102.484085447722052, -0.387176089454691 ], [ 102.484085410820185, -0.387085784707037 ], [ 102.484264815378737, -0.387085710414394 ], [ 102.484264594137002, -0.38654388203199 ], [ 102.484354296397697, -0.38654384493624 ], [ 102.484354222717442, -0.386363235492589 ], [ 102.484264520458623, -0.386363272571006 ], [ 102.48426441000565, -0.386092358379359 ], [ 102.484174707741062, -0.386092395430826 ], [ 102.48417459736838, -0.385821481212976 ], [ 102.484264299630155, -0.385821444187507 ], [ 102.484264262855518, -0.385731139456845 ], [ 102.484353965107729, -0.385731102439095 ], [ 102.484353891582444, -0.385550492995034 ], [ 102.484084784805631, -0.385550603993441 ] ], [ [ 102.484263419415427, -0.383654130645335 ], [ 102.484263455992036, -0.383744435376519 ], [ 102.48435315822357, -0.383744398549434 ], [ 102.484353121646024, -0.383654093826916 ], [ 102.484263419415427, -0.383654130645335 ] ], [ [ 102.483997228524487, -0.390788316842244 ], [ 102.483997265778342, -0.390878621597622 ], [ 102.48390756343764, -0.390878659105525 ], [ 102.483907637969281, -0.391059268633545 ], [ 102.483817935618077, -0.391059306157817 ], [ 102.483818271427978, -0.391872049110754 ], [ 102.483907973787765, -0.391872011508492 ], [ 102.483908011143981, -0.39196231627226 ], [ 102.48408741583971, -0.391962241047514 ], [ 102.484087341132067, -0.391781631554619 ], [ 102.48417704346511, -0.391781593958133 ], [ 102.484176894149329, -0.391420375006731 ], [ 102.484266596469922, -0.391420337443947 ], [ 102.484266335492052, -0.390788204338769 ], [ 102.483997228524487, -0.390788316842244 ] ], [ [ 102.483983831198984, -0.356833727233614 ], [ 102.483983967319148, -0.357194946288162 ], [ 102.484073669310519, -0.357194912011681 ], [ 102.484073635266697, -0.357104607256742 ], [ 102.484163337248603, -0.357104572988049 ], [ 102.484163303212512, -0.357014268241755 ], [ 102.484253005184939, -0.35701423398085 ], [ 102.484252937136844, -0.356833624505531 ], [ 102.483983831198984, -0.356833727233614 ] ], [ [ 102.483267239034433, -0.359543146117018 ], [ 102.483267273302772, -0.359633450949372 ], [ 102.483177571210291, -0.359633485451874 ], [ 102.483177605486361, -0.359723790292871 ], [ 102.483267307579723, -0.359723755781705 ], [ 102.483267444773603, -0.360084975110823 ], [ 102.483357146861877, -0.360084940564116 ], [ 102.48335718118274, -0.360175245387678 ], [ 102.483446883263284, -0.360175210831422 ], [ 102.483446917593639, -0.360265515646299 ], [ 102.483536619666452, -0.360265481080492 ], [ 102.483536551012591, -0.360084871468047 ], [ 102.48362625307503, -0.360084836918684 ], [ 102.483626321730668, -0.3602654465138 ], [ 102.483895427871616, -0.36026534280841 ], [ 102.483895496566959, -0.36044595235145 ], [ 102.48416460263573, -0.360445848586093 ], [ 102.48416443094878, -0.359994324858322 ], [ 102.483895324893197, -0.359994428493691 ], [ 102.48389535921072, -0.360084733265285 ], [ 102.483805657174102, -0.360084767817303 ], [ 102.483805554249955, -0.359813853476461 ], [ 102.483715852207354, -0.359813888001598 ], [ 102.4837158179174, -0.359723583212609 ], [ 102.483357009664459, -0.359723721269654 ], [ 102.483356975386627, -0.359633416445986 ], [ 102.483446677461899, -0.359633381941716 ], [ 102.483446643191812, -0.35954307712669 ], [ 102.483267239034433, -0.359543146117018 ] ], [ [ 102.483625705069542, -0.358639960154701 ], [ 102.483625773449731, -0.358820569750495 ], [ 102.483805177524218, -0.358820500891737 ], [ 102.483805109140519, -0.358639891330603 ], [ 102.483625705069542, -0.358639960154701 ] ], [ [ 102.483356667273426, -0.358820673032016 ], [ 102.483356701473809, -0.358910977855875 ], [ 102.483446403542047, -0.35891094342092 ], [ 102.483446437751908, -0.359001248236093 ], [ 102.483536139812429, -0.359001213791591 ], [ 102.483536071399556, -0.358820604178551 ], [ 102.483356667273426, -0.358820673032016 ] ], [ [ 102.483177948720467, -0.360626838701667 ], [ 102.483177983091224, -0.36071714354243 ], [ 102.483088280979587, -0.360717178148012 ], [ 102.483088315358046, -0.360807482997417 ], [ 102.483178017470578, -0.360807448383172 ], [ 102.483178223927425, -0.361349277427174 ], [ 102.483447330229225, -0.361349173423161 ], [ 102.483447295795585, -0.36125886860854 ], [ 102.483357593704497, -0.361258903268768 ], [ 102.483357352916187, -0.360626769505171 ], [ 102.483177948720467, -0.360626838701667 ] ], [ [ 102.483268270828717, -0.362252291078384 ], [ 102.483268305355267, -0.3623425959101 ], [ 102.483358007465583, -0.36234256114679 ], [ 102.483357972938151, -0.362252256323739 ], [ 102.483268270828717, -0.362252291078384 ] ], [ [ 102.483012714397205, -0.396116715432075 ], [ 102.483012752148355, -0.396207020281396 ], [ 102.483192157106686, -0.396206944261543 ], [ 102.483192194868323, -0.396297249093513 ], [ 102.483281897335544, -0.396297211073462 ], [ 102.483281935106788, -0.396387515896744 ], [ 102.483371637566364, -0.396387477867054 ], [ 102.483371524275583, -0.396116563423129 ], [ 102.483012714397205, -0.396116715432075 ] ], [ [ 102.481207556142934, -0.368574442302529 ], [ 102.481207626368132, -0.368755052361348 ], [ 102.480848816795742, -0.368755193782723 ], [ 102.480848957334928, -0.369116414038634 ], [ 102.480669552489914, -0.369116484813144 ], [ 102.480669693159513, -0.36947770513797 ], [ 102.480849098011731, -0.369477634294198 ], [ 102.480849168401747, -0.369658244421849 ], [ 102.48102857322317, -0.36965817353981 ], [ 102.4810286436512, -0.36983878363274 ], [ 102.481387453198067, -0.369838641788486 ], [ 102.481387558915472, -0.370109556823812 ], [ 102.481836070669061, -0.370109379368137 ], [ 102.481836000173161, -0.369928769431207 ], [ 102.481746297841454, -0.369928804906841 ], [ 102.481746262607317, -0.369838499929683 ], [ 102.482643285528198, -0.36983814521903 ], [ 102.482643215067668, -0.369657535437875 ], [ 102.482822619544976, -0.369657464519484 ], [ 102.482822549115269, -0.369476854772893 ], [ 102.483091655761271, -0.36947674844047 ], [ 102.483091514994285, -0.369115529050986 ], [ 102.482912110579434, -0.36911559987087 ], [ 102.482912040251179, -0.368934990141343 ], [ 102.481476803722117, -0.368935556292574 ], [ 102.481476733457114, -0.368754946285798 ], [ 102.481297328739728, -0.368755017003738 ], [ 102.481297258512726, -0.368574406962237 ], [ 102.481207556142934, -0.368574442302529 ] ], [ [ 102.482550033764426, -0.360627080861476 ], [ 102.482550068129015, -0.36071738576288 ], [ 102.482460365957138, -0.360717420362254 ], [ 102.482460434710347, -0.360898030182322 ], [ 102.482550136883987, -0.360897995565624 ], [ 102.482550102502216, -0.360807690664262 ], [ 102.482729506821912, -0.360807621445529 ], [ 102.482729438080625, -0.360627011677392 ], [ 102.482550033764426, -0.360627080861476 ] ], [ [ 102.48228044706191, -0.35936291564527 ], [ 102.482280481303405, -0.359453220572957 ], [ 102.482190779118014, -0.35945325504841 ], [ 102.482190813367225, -0.359543559984737 ], [ 102.482011408968887, -0.359543628950315 ], [ 102.482011511762863, -0.359814543811135 ], [ 102.48210121396896, -0.359814509302805 ], [ 102.482101248251709, -0.359904814247709 ], [ 102.482639461312914, -0.359904607127181 ], [ 102.482639289958868, -0.359453082662306 ], [ 102.48254958780791, -0.359453117141294 ], [ 102.4825495535638, -0.359362812239593 ], [ 102.48228044706191, -0.35936291564527 ] ], [ [ 102.481475823143199, -0.366407016189809 ], [ 102.481475892960916, -0.366587626197712 ], [ 102.481565595285133, -0.366587591045214 ], [ 102.48156566513903, -0.366768201035712 ], [ 102.481745069765296, -0.366768130693373 ], [ 102.481745104706931, -0.366858435671269 ], [ 102.481655402397209, -0.36685847085155 ], [ 102.481655437346561, -0.366948775838085 ], [ 102.481924544252607, -0.366948670268556 ], [ 102.48192468414679, -0.367309890110555 ], [ 102.482104088714976, -0.367309819657072 ], [ 102.482104158717291, -0.367490429543298 ], [ 102.482193860990265, -0.367490394297879 ], [ 102.48219393102876, -0.367671004166696 ], [ 102.482373335552523, -0.367670933638502 ], [ 102.482373265510418, -0.367490323804331 ], [ 102.482552669996167, -0.36749025330717 ], [ 102.482552460065591, -0.366948423908082 ], [ 102.482373055590614, -0.3669484943013 ], [ 102.482372915816185, -0.366587274632179 ], [ 102.482014106777299, -0.366587415269207 ], [ 102.482014036948868, -0.366406805365227 ], [ 102.481475823143199, -0.366407016189809 ] ], [ [ 102.481742851393932, -0.360988612063258 ], [ 102.481742885785025, -0.361078917042528 ], [ 102.481294374434796, -0.361079090163817 ], [ 102.481294443233907, -0.361259700208889 ], [ 102.481384145522924, -0.361259665569088 ], [ 102.48138442107053, -0.36198210567925 ], [ 102.481563825636869, -0.361982036258431 ], [ 102.481563791161548, -0.361891731262054 ], [ 102.48174319569172, -0.361891661854996 ], [ 102.481743126763334, -0.361711051896819 ], [ 102.48183282901374, -0.361711017209276 ], [ 102.481832794561583, -0.361620712238815 ], [ 102.481922496802511, -0.361620677559043 ], [ 102.481922531255577, -0.361710982520843 ], [ 102.482191637929361, -0.36171087845021 ], [ 102.482191569026554, -0.361530268578556 ], [ 102.48255037779748, -0.361530129874556 ], [ 102.482550240080997, -0.36116891026958 ], [ 102.4824605379047, -0.361168944912264 ], [ 102.482460469099863, -0.360988335092324 ], [ 102.482281064725001, -0.360988404340382 ], [ 102.482281099121366, -0.361078709267687 ], [ 102.482101694710309, -0.361078778529518 ], [ 102.482101660315735, -0.360988473584891 ], [ 102.481742851393932, -0.360988612063258 ] ], [ [ 102.482010930287473, -0.358279359597302 ], [ 102.482010998567318, -0.358459969505129 ], [ 102.48228010512031, -0.358459866367239 ], [ 102.482280070973488, -0.35836956143932 ], [ 102.482190368798612, -0.358369595810836 ], [ 102.482190334661269, -0.358279290874234 ], [ 102.482010930287473, -0.358279359597302 ] ], [ [ 102.48174520958348, -0.367129350604829 ], [ 102.48174534953931, -0.367490570515938 ], [ 102.481835051846716, -0.367490535274133 ], [ 102.48183491188729, -0.367129315397665 ], [ 102.48174520958348, -0.367129350604829 ] ], [ [ 102.481474295859229, -0.362433595994146 ], [ 102.481474468575527, -0.362885121018472 ], [ 102.481564170863251, -0.362885086221021 ], [ 102.481564205433202, -0.362975391217163 ], [ 102.481653907713223, -0.362975356410159 ], [ 102.481653873142363, -0.362885051422678 ], [ 102.481743575412878, -0.362885016623442 ], [ 102.481743540849763, -0.3627947116446 ], [ 102.481833243110813, -0.362794676853132 ], [ 102.481833174008585, -0.362614066912703 ], [ 102.481743471749326, -0.36261410168685 ], [ 102.481743402683307, -0.362433491729014 ], [ 102.481474295859229, -0.362433595994146 ] ], [ [ 102.481565979907373, -0.36758094599188 ], [ 102.481566014924653, -0.367671250986902 ], [ 102.481386610246048, -0.367671321498825 ], [ 102.481386645270135, -0.367761626511144 ], [ 102.481296942917027, -0.36776166177441 ], [ 102.481296977948801, -0.367851966795366 ], [ 102.481655787313201, -0.367851825702242 ], [ 102.481655717251044, -0.367671215729584 ], [ 102.481835121878035, -0.367671145212237 ], [ 102.481835086858069, -0.367580840243196 ], [ 102.481565979907373, -0.36758094599188 ] ], [ [ 102.481654046082568, -0.363336576359871 ], [ 102.48165408069643, -0.363426881347246 ], [ 102.481564378411989, -0.363426916197549 ], [ 102.481564413033553, -0.363517221193562 ], [ 102.481743817595628, -0.363517151474743 ], [ 102.48174374835753, -0.363336541517336 ], [ 102.481654046082568, -0.363336576359871 ] ], [ [ 102.481203712588595, -0.358550583903029 ], [ 102.481203849254342, -0.358911804030101 ], [ 102.481293551529092, -0.358911769616323 ], [ 102.481293619915334, -0.359092379662414 ], [ 102.481203917638823, -0.35909241409351 ], [ 102.48120395184398, -0.359182719125183 ], [ 102.481293654121345, -0.359182684685427 ], [ 102.481293756791032, -0.359453599754342 ], [ 102.481204054511039, -0.359453634220074 ], [ 102.481204088750573, -0.359543939251662 ], [ 102.481293791031447, -0.359543904777271 ], [ 102.481293825280474, -0.359634209800179 ], [ 102.481383527553646, -0.359634175316244 ], [ 102.481383630354983, -0.359905090358862 ], [ 102.481204225794784, -0.359905159377802 ], [ 102.481204294368524, -0.360085769440745 ], [ 102.481293996654657, -0.3600857349144 ], [ 102.481294099582399, -0.360356649982678 ], [ 102.481204397293581, -0.360356684535 ], [ 102.481204431619147, -0.360446989566376 ], [ 102.48156324072626, -0.360446851317132 ], [ 102.48156317207669, -0.360266241323634 ], [ 102.481652874330209, -0.360266206776428 ], [ 102.481652840017446, -0.360175901788306 ], [ 102.481742542261472, -0.360175867248874 ], [ 102.481742439372169, -0.359904952310364 ], [ 102.481563034880779, -0.359905021336383 ], [ 102.481562966334451, -0.35972441134263 ], [ 102.481652668582683, -0.359724376847383 ], [ 102.48165246314484, -0.359182546917574 ], [ 102.48156276090188, -0.359182581360862 ], [ 102.481562726693227, -0.359092276363826 ], [ 102.481473024442522, -0.359092310797572 ], [ 102.481472990243347, -0.359002005791855 ], [ 102.48138328798494, -0.359002040216058 ], [ 102.481383117122476, -0.358550515143862 ], [ 102.481203712588595, -0.358550583903029 ] ], [ [ 102.480495808398729, -0.383384760882121 ], [ 102.480495844910195, -0.38347506597717 ], [ 102.48040614231148, -0.383475102737716 ], [ 102.480406251894621, -0.383746018048698 ], [ 102.480226846665772, -0.383746091618903 ], [ 102.480226919760455, -0.383926701860737 ], [ 102.48004751449345, -0.383926775461794 ], [ 102.480047477943685, -0.383836470323575 ], [ 102.479957775298232, -0.383836507114031 ], [ 102.479957811847044, -0.383926812260906 ], [ 102.479868109192054, -0.383926849059074 ], [ 102.479868182313623, -0.384107459370067 ], [ 102.480047587618785, -0.384107385738163 ], [ 102.480047624194327, -0.384197690876314 ], [ 102.480227029466974, -0.38419761722332 ], [ 102.480226956320692, -0.384017006981621 ], [ 102.48049606415951, -0.384016896546987 ], [ 102.480496173900278, -0.38428781183159 ], [ 102.480854984242896, -0.384287664468303 ], [ 102.480855020844103, -0.384377969528495 ], [ 102.480944723409209, -0.384377932676653 ], [ 102.48094486990378, -0.384739152882561 ], [ 102.480855167334951, -0.384739189769036 ], [ 102.480855203979146, -0.384829494829114 ], [ 102.481034609110111, -0.384829421037903 ], [ 102.481034535826552, -0.384648810952356 ], [ 102.481124238377262, -0.384648774072648 ], [ 102.481124275015688, -0.384739079106775 ], [ 102.481303680093191, -0.384739005327204 ], [ 102.481303643452861, -0.384648700310396 ], [ 102.481393345977779, -0.384648663427851 ], [ 102.481393272721107, -0.384468053411485 ], [ 102.481303570198065, -0.384468090276711 ], [ 102.481303533583556, -0.384377785259835 ], [ 102.481124128513571, -0.384377858970134 ], [ 102.48112405531414, -0.384197248901678 ], [ 102.48103435276812, -0.384197285738092 ], [ 102.481034316182246, -0.384106980695171 ], [ 102.481213721263785, -0.384106907038715 ], [ 102.481213684684633, -0.384016602013089 ], [ 102.4811239821491, -0.384016638833131 ], [ 102.481123945579483, -0.383926333798823 ], [ 102.481034243036277, -0.383926370609262 ], [ 102.481034169924726, -0.383745760523262 ], [ 102.481123872466043, -0.38374572373014 ], [ 102.481123799387021, -0.383565113661367 ], [ 102.481213501917878, -0.38356507688462 ], [ 102.481213465390326, -0.383474771858858 ], [ 102.48112376286042, -0.383474808626946 ], [ 102.481123726342403, -0.383384503592503 ], [ 102.480495808398729, -0.383384760882121 ] ], [ [ 102.481124311662711, -0.384829384140878 ], [ 102.481124348318332, -0.384919689174959 ], [ 102.481034645764808, -0.384919726080642 ], [ 102.481034682428131, -0.385010031123359 ], [ 102.481124384982593, -0.385009994209017 ], [ 102.481124421655409, -0.385100299243052 ], [ 102.481214124202211, -0.385100262319105 ], [ 102.481214160884576, -0.385190567344459 ], [ 102.481303863423747, -0.385190530410906 ], [ 102.481303753399587, -0.384919615360753 ], [ 102.481214050863272, -0.384919652268329 ], [ 102.481214014206699, -0.384829347242907 ], [ 102.481124311662711, -0.384829384140878 ] ], [ [ 102.480934913391067, -0.359363432554385 ], [ 102.480934947619374, -0.35945373761197 ], [ 102.481024649925189, -0.359453703148889 ], [ 102.481024615695986, -0.359363398099962 ], [ 102.480934913391067, -0.359363432554385 ] ], [ [ 102.480665840650332, -0.359453840995913 ], [ 102.480665874884608, -0.35954414607945 ], [ 102.480576172543508, -0.359544180547654 ], [ 102.480576309563133, -0.359905400916221 ], [ 102.480666011907743, -0.359905366413387 ], [ 102.480666046185021, -0.359995671496819 ], [ 102.480755748521915, -0.359995636984442 ], [ 102.480755645713231, -0.359724721760058 ], [ 102.480845348038883, -0.35972468727277 ], [ 102.480845279541001, -0.35954407714039 ], [ 102.48075557721711, -0.359544111610362 ], [ 102.480755542981939, -0.359453806535482 ], [ 102.480665840650332, -0.359453840995913 ] ], [ [ 102.480666114765398, -0.360176281663618 ], [ 102.480666149068469, -0.360266586746985 ], [ 102.480576446720349, -0.360266621284449 ], [ 102.48057654967856, -0.360537536560397 ], [ 102.480486847319213, -0.360537571122946 ], [ 102.480486881654926, -0.360627876223544 ], [ 102.480576584015168, -0.360627841652337 ], [ 102.480576618360374, -0.360718146744256 ], [ 102.480666320712899, -0.360718112163505 ], [ 102.480666183380166, -0.360356891830332 ], [ 102.480755885720569, -0.360356857283325 ], [ 102.48075581710404, -0.360176247133926 ], [ 102.480666114765398, -0.360176281663618 ] ], [ [ 102.480047660778496, -0.384287996014442 ], [ 102.480047807201132, -0.384649216566727 ], [ 102.479509591148712, -0.384649437762701 ], [ 102.479509627770227, -0.384739742952648 ], [ 102.479330222348764, -0.384739816694382 ], [ 102.479330258977001, -0.384830121901616 ], [ 102.479599367099127, -0.384830011261631 ], [ 102.479599403738774, -0.384920316442878 ], [ 102.479689106429902, -0.384920279552335 ], [ 102.479689143079085, -0.385010584724904 ], [ 102.47959944038702, -0.385010621624102 ], [ 102.479599477043863, -0.385100926805303 ], [ 102.479509774342276, -0.385100963712209 ], [ 102.479509811006778, -0.385191268902042 ], [ 102.479599513709317, -0.385191231986482 ], [ 102.479599587066005, -0.385371842348771 ], [ 102.479868695127678, -0.385371731544476 ], [ 102.479868621765348, -0.385191121234119 ], [ 102.479689216403258, -0.385191195069974 ], [ 102.47968917973688, -0.385100889897451 ], [ 102.479958287764291, -0.385100779168213 ], [ 102.479958397797702, -0.385371694607817 ], [ 102.480048100459129, -0.385371657670209 ], [ 102.480048137155066, -0.385461962808042 ], [ 102.480137839808862, -0.385461925860832 ], [ 102.480137729743973, -0.385191010473233 ], [ 102.480227432386343, -0.385190973551043 ], [ 102.480227359050872, -0.385010363309843 ], [ 102.480406764306025, -0.38501028949725 ], [ 102.480406691001193, -0.384829679290586 ], [ 102.48049639361399, -0.384829642400184 ], [ 102.480496320341672, -0.384649032210743 ], [ 102.480406617730765, -0.384649069083831 ], [ 102.480406544494741, -0.384468458876986 ], [ 102.480316841877112, -0.384468495731815 ], [ 102.480316805272935, -0.384378190619701 ], [ 102.480227102647632, -0.384378227464928 ], [ 102.480227066053004, -0.384287922344135 ], [ 102.480047660778496, -0.384287996014442 ] ], [ [ 102.479332249668161, -0.389706603058385 ], [ 102.479332323878907, -0.389887213470318 ], [ 102.479242621101363, -0.389887250833054 ], [ 102.479242695344567, -0.390067861262202 ], [ 102.479332398124015, -0.390067823882158 ], [ 102.479332435259465, -0.390158129088044 ], [ 102.479422138031268, -0.390158091698386 ], [ 102.479422100894865, -0.390067786501155 ], [ 102.479780911892291, -0.390067636967552 ], [ 102.479780949032516, -0.390157942130164 ], [ 102.479870651761317, -0.39015790473571 ], [ 102.479870688911092, -0.390248209889643 ], [ 102.479960391632261, -0.390248172485575 ], [ 102.479960428791586, -0.390338477630829 ], [ 102.480319239594081, -0.390338327970335 ], [ 102.480319276765812, -0.390428633080941 ], [ 102.480498682117371, -0.390428558227623 ], [ 102.480498533474417, -0.390067337854315 ], [ 102.480408830806752, -0.390067375246826 ], [ 102.48040879366846, -0.389977070144785 ], [ 102.480319090993149, -0.38997710752768 ], [ 102.480319128130475, -0.390067412638378 ], [ 102.480139722752142, -0.390067487418606 ], [ 102.480139648489882, -0.38988687716256 ], [ 102.479960243080967, -0.389886951904327 ], [ 102.47996020596463, -0.389796646758958 ], [ 102.47978080052323, -0.389796721479579 ], [ 102.479780763417409, -0.389706416316876 ], [ 102.479332249668161, -0.389706603058385 ] ], [ [ 102.480317208391838, -0.385371546851703 ], [ 102.480317281797952, -0.385552157075408 ], [ 102.480406984426878, -0.385552120116697 ], [ 102.480406911018846, -0.385371509910306 ], [ 102.480317208391838, -0.385371546851703 ] ], [ [ 102.480318868349727, -0.389435276863008 ], [ 102.480318905435468, -0.389525581973844 ], [ 102.480408608106018, -0.389525544634233 ], [ 102.480408571019325, -0.389435239532054 ], [ 102.480318868349727, -0.389435276863008 ] ], [ [ 102.480139203638629, -0.388803215624358 ], [ 102.480139240662268, -0.388893520752668 ], [ 102.480049537972576, -0.388893558028813 ], [ 102.480049575003889, -0.388983863165756 ], [ 102.480139277694505, -0.388983825880955 ], [ 102.480139314735354, -0.389074131009218 ], [ 102.480318720092768, -0.389074056419434 ], [ 102.480318608990331, -0.388803141086513 ], [ 102.480139203638629, -0.388803215624358 ] ], [ [ 102.479948804720593, -0.360989304242098 ], [ 102.479948907866685, -0.361260219699323 ], [ 102.47976950300486, -0.361260288949615 ], [ 102.479769537402333, -0.361350594119292 ], [ 102.479679834957636, -0.361350628751761 ], [ 102.47967993819897, -0.361621544286629 ], [ 102.479769640646296, -0.361621509628195 ], [ 102.47976967507816, -0.361711814797786 ], [ 102.47994907994881, -0.361711745460938 ], [ 102.47994904551517, -0.361621440308658 ], [ 102.480038747936732, -0.361621405647556 ], [ 102.480038610284709, -0.361260185072844 ], [ 102.480128312694106, -0.361260150445477 ], [ 102.480128243917918, -0.361079540175306 ], [ 102.480038541510268, -0.361079574785361 ], [ 102.480038507135959, -0.360989269641587 ], [ 102.479948804720593, -0.360989304242098 ] ], [ [ 102.47985817748787, -0.358551099484392 ], [ 102.479858211628283, -0.35864140464605 ], [ 102.479678806800251, -0.358641473392556 ], [ 102.4796788409475, -0.358731778571504 ], [ 102.479768543366689, -0.358731744190036 ], [ 102.479768577523402, -0.358822049360307 ], [ 102.479947982337748, -0.358821980577415 ], [ 102.479947948179273, -0.358731675424455 ], [ 102.480037650572669, -0.358731641040341 ], [ 102.480037582279763, -0.358551030751669 ], [ 102.47985817748787, -0.358551099484392 ] ], [ [ 102.479603261205497, -0.394312055167652 ], [ 102.479603373858495, -0.394582970704088 ], [ 102.479782779435823, -0.394582895069851 ], [ 102.479782666777055, -0.394311979585347 ], [ 102.479603261205497, -0.394312055167652 ] ], [ [ 102.479504195285998, -0.371103659016859 ], [ 102.479504230617906, -0.371193964210147 ], [ 102.479414528049929, -0.371193999783299 ], [ 102.47941456338954, -0.371284304985221 ], [ 102.479324860812056, -0.371284340566114 ], [ 102.479325002252821, -0.371645561408198 ], [ 102.479414704833943, -0.371645525792687 ], [ 102.479414669459942, -0.371555220590853 ], [ 102.479594074594559, -0.371555149374399 ], [ 102.479594003868741, -0.371374539005285 ], [ 102.479683706421326, -0.371374503412998 ], [ 102.479683600394338, -0.371103587885127 ], [ 102.479504195285998, -0.371103659016859 ] ], [ [ 102.478871416395606, -0.35846117219446 ], [ 102.47887148464855, -0.358641782708192 ], [ 102.478961187144236, -0.358641748343315 ], [ 102.478961255433305, -0.358822358839656 ], [ 102.479050957922155, -0.358822324456591 ], [ 102.479051026247362, -0.359002934935541 ], [ 102.479230431202765, -0.359002866132148 ], [ 102.479230397034101, -0.358912560909991 ], [ 102.47932009949804, -0.358912526515625 ], [ 102.479319997041017, -0.358641610874989 ], [ 102.479140592109815, -0.358641679610916 ], [ 102.479140523851626, -0.358461069149104 ], [ 102.478871416395606, -0.35846117219446 ] ], [ [ 102.479051642721586, -0.360628429242276 ], [ 102.479051711390639, -0.360809039720377 ], [ 102.478872306365673, -0.360809108866373 ], [ 102.478872340711334, -0.360899414122698 ], [ 102.478782638185095, -0.360899448703019 ], [ 102.478782603840315, -0.36080914343804 ], [ 102.478513496212642, -0.36080924714772 ], [ 102.478513530554793, -0.360899552438656 ], [ 102.478334125424936, -0.360899621591312 ], [ 102.478334194131463, -0.361080232207728 ], [ 102.478244491551877, -0.361080266800028 ], [ 102.478244525917162, -0.361170572116856 ], [ 102.478154823328111, -0.36117060671692 ], [ 102.478154857701085, -0.361260912042378 ], [ 102.478423965445117, -0.361260808213568 ], [ 102.478423862344002, -0.360989892314995 ], [ 102.478513564905512, -0.360989857729571 ], [ 102.478513599264829, -0.361080163020465 ], [ 102.478603301818652, -0.361080128425502 ], [ 102.478603336187433, -0.361170433707722 ], [ 102.478513633632758, -0.361170468311337 ], [ 102.478513736788088, -0.361441384183827 ], [ 102.478603439345406, -0.361441349554254 ], [ 102.478603473748592, -0.361531654836389 ], [ 102.47878287883924, -0.361531585557273 ], [ 102.478782844434264, -0.361441280292443 ], [ 102.478872546965803, -0.361441245660205 ], [ 102.478872443799887, -0.361170329891548 ], [ 102.479231253829496, -0.361170191457551 ], [ 102.479231185088139, -0.360989581014234 ], [ 102.479320887572285, -0.360989546420824 ], [ 102.479320750189217, -0.360628325568552 ], [ 102.479051642721586, -0.360628429242276 ] ], [ [ 102.476897857097569, -0.358191011276347 ], [ 102.476897993457655, -0.35855223306524 ], [ 102.476987696141506, -0.358552198728409 ], [ 102.476987730253882, -0.358642504166931 ], [ 102.477167135597597, -0.358642435473328 ], [ 102.477167169720317, -0.358732740894531 ], [ 102.477077467051885, -0.358732775250422 ], [ 102.477077501182322, -0.358823080680254 ], [ 102.47689809581793, -0.358823149406687 ], [ 102.476898061689255, -0.358732843959559 ], [ 102.476808358995029, -0.358732878312804 ], [ 102.476808393122838, -0.358823183768581 ], [ 102.476718690419176, -0.358823218129592 ], [ 102.476718656292235, -0.358732912665168 ], [ 102.476628953580857, -0.358732947016649 ], [ 102.476629021841546, -0.358913557962772 ], [ 102.476270210903081, -0.358913695429055 ], [ 102.476270313348039, -0.359184611951845 ], [ 102.476001205046131, -0.359184715120109 ], [ 102.476001170891834, -0.359094409586595 ], [ 102.475552656887913, -0.359094581472813 ], [ 102.47555272519628, -0.359275192626276 ], [ 102.475193913831546, -0.359275330188515 ], [ 102.475193982167241, -0.359455941411048 ], [ 102.475014576429842, -0.359456010221443 ], [ 102.475014610608824, -0.359546315849966 ], [ 102.475104313482689, -0.359546281436566 ], [ 102.47510438186815, -0.359726892676261 ], [ 102.475283787593639, -0.359726823812234 ], [ 102.475283821801014, -0.359817129414761 ], [ 102.475552930327495, -0.359817026086155 ], [ 102.475552964546068, -0.359907331662727 ], [ 102.475463261711624, -0.359907366115126 ], [ 102.475463330172801, -0.360087977285496 ], [ 102.475553033009035, -0.360087942815809 ], [ 102.475553101506321, -0.360268553968805 ], [ 102.475642804335692, -0.360268519480942 ], [ 102.475643284790891, -0.361532797428505 ], [ 102.475912393264537, -0.361532693596493 ], [ 102.475912530857201, -0.361893915762713 ], [ 102.476002233668112, -0.361893881115681 ], [ 102.476002027325322, -0.361352047918098 ], [ 102.476181432910764, -0.361351978725119 ], [ 102.476181467281521, -0.36144228424081 ], [ 102.47609176449221, -0.36144231884639 ], [ 102.476091798870684, -0.361532624370707 ], [ 102.476899123673164, -0.361532312810672 ], [ 102.476899054908927, -0.361351701917668 ], [ 102.477078460322574, -0.361351632706921 ], [ 102.477078425951575, -0.361261327277684 ], [ 102.477257831329084, -0.361261258080681 ], [ 102.477257728262373, -0.360990341844736 ], [ 102.477347430935581, -0.36099030727085 ], [ 102.477347327943548, -0.360719391060661 ], [ 102.477437030605543, -0.360719356511836 ], [ 102.477436790585358, -0.360087218747863 ], [ 102.477616195871235, -0.36008714976865 ], [ 102.47761592206389, -0.359364706746947 ], [ 102.477526219432278, -0.359364741167798 ], [ 102.477526151068162, -0.35918413039486 ], [ 102.47797466413148, -0.359183958368277 ], [ 102.477974629957927, -0.359093653025029 ], [ 102.478154035121349, -0.359093584225516 ], [ 102.478154069296679, -0.359183889551463 ], [ 102.478512879523933, -0.359183751907237 ], [ 102.478512811174852, -0.359003141324537 ], [ 102.478692216233412, -0.359003072531735 ], [ 102.478692284585989, -0.359183683079825 ], [ 102.478781987104128, -0.359183648664795 ], [ 102.478782055492829, -0.359364259195495 ], [ 102.478692352972971, -0.359364293627831 ], [ 102.4786926268646, -0.360086735819005 ], [ 102.478782329391521, -0.360086701317447 ], [ 102.478782363667534, -0.360177006582595 ], [ 102.478872066186739, -0.360176972071499 ], [ 102.478872031909845, -0.360086666815004 ], [ 102.479230841897177, -0.360086528796377 ], [ 102.479230773362147, -0.359905918352551 ], [ 102.479320475835721, -0.35990588386299 ], [ 102.479320441580214, -0.359815578649699 ], [ 102.479230739107521, -0.359815613130606 ], [ 102.479230704861493, -0.35972530790864 ], [ 102.479141002381084, -0.359725342380009 ], [ 102.47914096814452, -0.359635037149368 ], [ 102.479051265656381, -0.359635071611198 ], [ 102.479051231429295, -0.359544766371882 ], [ 102.478961528933439, -0.359544800824176 ], [ 102.478961323756764, -0.359002969335913 ], [ 102.478781918749803, -0.35900303813401 ], [ 102.47878185042984, -0.358822427603141 ], [ 102.478602445391985, -0.358822496363097 ], [ 102.478602411246655, -0.358732191080326 ], [ 102.478423006176172, -0.358732259819449 ], [ 102.478423040319754, -0.358822565119525 ], [ 102.478333337770749, -0.358822599496415 ], [ 102.47833326949393, -0.358641988878938 ], [ 102.478422972041187, -0.358641954519351 ], [ 102.4784229379148, -0.358551649219233 ], [ 102.478064127677712, -0.358551786617683 ], [ 102.478064093563418, -0.358461481282937 ], [ 102.477974390983562, -0.358461515621695 ], [ 102.477974356878718, -0.358371210278277 ], [ 102.477884654291117, -0.358371244607503 ], [ 102.477884620195766, -0.358280939255413 ], [ 102.477705214996533, -0.35828100789392 ], [ 102.477705180911528, -0.358190702524509 ], [ 102.47752577567968, -0.358190771142193 ], [ 102.477525809762938, -0.358281076528904 ], [ 102.477346404494966, -0.358281145160365 ], [ 102.477346438585073, -0.358371450564355 ], [ 102.477256735937331, -0.358371484887413 ], [ 102.477256701848091, -0.358281179474774 ], [ 102.477166999192633, -0.358281213788302 ], [ 102.477166965112872, -0.358190908366993 ], [ 102.476897857097569, -0.358191011276347 ] ], [ [ 102.478706045297031, -0.393860906693798 ], [ 102.478706082786815, -0.393951211959288 ], [ 102.478526677016646, -0.393951287449107 ], [ 102.478526789531827, -0.394222203297352 ], [ 102.478706195307765, -0.394222127755618 ], [ 102.478706270364711, -0.394402738286388 ], [ 102.478526864584921, -0.394402813862732 ], [ 102.478527014794253, -0.394764034993214 ], [ 102.4790652320536, -0.394763808044875 ], [ 102.479065194482587, -0.394673502814207 ], [ 102.479244600165018, -0.394673427174304 ], [ 102.479244487497795, -0.394402511534083 ], [ 102.479065081821147, -0.394402587122064 ], [ 102.479065044284525, -0.394312281891303 ], [ 102.47888563857542, -0.394312357458098 ], [ 102.478885526022907, -0.394041441713755 ], [ 102.478975228878866, -0.394041403956802 ], [ 102.4789751913776, -0.393951098717295 ], [ 102.478885488522593, -0.393951136465594 ], [ 102.478885451030877, -0.39386083121741 ], [ 102.478706045297031, -0.393860906693798 ] ], [ [ 102.479050719054698, -0.3581901877796 ], [ 102.479050787259553, -0.358370798258846 ], [ 102.479140489735414, -0.358370763918166 ], [ 102.479140421528825, -0.358190153456228 ], [ 102.479050719054698, -0.3581901877796 ] ], [ [ 102.477261205489626, -0.370020882938841 ], [ 102.477261381606326, -0.370472409987866 ], [ 102.477171678830729, -0.370472445469011 ], [ 102.477171714078949, -0.3705627508874 ], [ 102.477082011293859, -0.370562786376283 ], [ 102.477082046549754, -0.370653091803298 ], [ 102.477171749335753, -0.370653056305766 ], [ 102.47717178460114, -0.370743361724111 ], [ 102.477082081814245, -0.370743397230292 ], [ 102.477082222958103, -0.371104618938048 ], [ 102.476902817351288, -0.371104690016862 ], [ 102.476902958625359, -0.371465911793456 ], [ 102.476723552976921, -0.371465982937805 ], [ 102.476723623661883, -0.371646593860563 ], [ 102.476544217975444, -0.37164666503585 ], [ 102.476544359441178, -0.372007886950283 ], [ 102.47636495371313, -0.372007958191092 ], [ 102.476365024493887, -0.372188569182765 ], [ 102.476185618727854, -0.372188640454502 ], [ 102.476185760385192, -0.37254986250676 ], [ 102.476454869032281, -0.37254975549402 ], [ 102.476454939917957, -0.372730366468136 ], [ 102.476993156991142, -0.372730152314152 ], [ 102.476993227922094, -0.372910763184407 ], [ 102.477352039139674, -0.372910620327565 ], [ 102.477352181119258, -0.373271841929428 ], [ 102.477531586683781, -0.37327177042631 ], [ 102.477531799921849, -0.373813602724649 ], [ 102.477711205462981, -0.37381353111406 ], [ 102.47771134780082, -0.374174752576645 ], [ 102.477890753314881, -0.374174680893176 ], [ 102.477890824539017, -0.374355291589734 ], [ 102.478518743580281, -0.374355040547493 ], [ 102.478518458838792, -0.373632598245213 ], [ 102.478697864187183, -0.373632526649015 ], [ 102.478697579981187, -0.372910084483764 ], [ 102.478876985280607, -0.372910013022339 ], [ 102.478876772476198, -0.372368181501313 ], [ 102.479056177730314, -0.37236811014006 ], [ 102.479055753028021, -0.371284447303319 ], [ 102.478966050416162, -0.371284482880561 ], [ 102.478965979754605, -0.371103872390158 ], [ 102.478427763913785, -0.371104085730611 ], [ 102.478427693297462, -0.370923475136288 ], [ 102.478068882572259, -0.370923617275797 ], [ 102.478068741457307, -0.370562395948462 ], [ 102.477889336050353, -0.370562466943538 ], [ 102.477889265548058, -0.370381856245136 ], [ 102.47770986011038, -0.370381927201966 ], [ 102.477709789646056, -0.370201316468875 ], [ 102.477350978674821, -0.370201458302409 ], [ 102.477350908252106, -0.370020847500032 ], [ 102.477261205489626, -0.370020882938841 ] ], [ [ 102.478427164771034, -0.369568895676077 ], [ 102.478427199945997, -0.369659200973577 ], [ 102.478696307861654, -0.369659094722769 ], [ 102.478696272684019, -0.369568789451226 ], [ 102.478427164771034, -0.369568895676077 ] ], [ [ 102.47780875399144, -0.393229146552945 ], [ 102.477808828840068, -0.393409757257258 ], [ 102.477629422909573, -0.393409832623903 ], [ 102.477629460344843, -0.393500137993326 ], [ 102.477808866277272, -0.39350006260938 ], [ 102.477808903723073, -0.393590367961479 ], [ 102.478167715488667, -0.393590217147375 ], [ 102.478167752946902, -0.393680522464847 ], [ 102.477988347079375, -0.393680597891137 ], [ 102.477988384544304, -0.393770903225888 ], [ 102.47789868159667, -0.393770940946232 ], [ 102.477898719069216, -0.39386124628961 ], [ 102.478436936631766, -0.393861019901117 ], [ 102.478436824222612, -0.393590104026637 ], [ 102.478526527116742, -0.393590066317789 ], [ 102.47852637735437, -0.393228845186099 ], [ 102.478346971565202, -0.393228920533611 ], [ 102.47834704642537, -0.39340953113411 ], [ 102.47816764059796, -0.393409606512362 ], [ 102.478167603165502, -0.393319301194821 ], [ 102.477988197305663, -0.393319376551901 ], [ 102.477988159883751, -0.393229071217034 ], [ 102.47780875399144, -0.393229146552945 ] ], [ [ 102.478066017198117, -0.363518579996008 ], [ 102.478066121010514, -0.363789495996606 ], [ 102.478155823633827, -0.363789461146544 ], [ 102.478155858256045, -0.363879766471383 ], [ 102.47833526347867, -0.363879696751273 ], [ 102.478335194239293, -0.363699086136181 ], [ 102.478424896835961, -0.363699051292088 ], [ 102.478424827629169, -0.363518440694214 ], [ 102.478066017198117, -0.363518579996008 ] ], [ [ 102.477706001323426, -0.360358031384553 ], [ 102.477706104222918, -0.3606289474912 ], [ 102.477795806849656, -0.360628912947478 ], [ 102.477795703947521, -0.360357996866782 ], [ 102.477706001323426, -0.360358031384553 ] ], [ [ 102.477525707538931, -0.358010160368706 ], [ 102.477525741605007, -0.35810046575546 ], [ 102.477615444224355, -0.358100431455708 ], [ 102.477615410157426, -0.358010126077604 ], [ 102.477525707538931, -0.358010160368706 ] ], [ [ 102.477259874022181, -0.366589277348483 ], [ 102.477259943790116, -0.366769888169808 ], [ 102.477080538304136, -0.366769958421977 ], [ 102.477080608102867, -0.366950569277812 ], [ 102.477260013592414, -0.366950498991047 ], [ 102.477260153300108, -0.367311720633266 ], [ 102.477618964190441, -0.367311579910519 ], [ 102.477618894312229, -0.367130969158649 ], [ 102.477529191604319, -0.367131004323391 ], [ 102.477528982181312, -0.366589172015364 ], [ 102.477259874022181, -0.366589277348483 ] ], [ [ 102.476631745623507, -0.36604769026649 ], [ 102.476631780445345, -0.366137995737832 ], [ 102.47654207765278, -0.366138030797523 ], [ 102.476542112482349, -0.36622833627749 ], [ 102.477080329114202, -0.366228125853954 ], [ 102.477080294279276, -0.366137820425875 ], [ 102.47699059152967, -0.366137855490067 ], [ 102.476990556704237, -0.366047550053317 ], [ 102.476631745623507, -0.36604769026649 ] ], [ [ 102.476899399073702, -0.362254756381835 ], [ 102.476899468009748, -0.362435367274412 ], [ 102.476989170731471, -0.362435332565703 ], [ 102.476989101793649, -0.362254721690422 ], [ 102.476899399073702, -0.362254756381835 ] ], [ [ 102.476550756899385, -0.387991956307845 ], [ 102.476550793807718, -0.388082261782434 ], [ 102.47673019983182, -0.388082187459421 ], [ 102.476730310614101, -0.388353103831165 ], [ 102.476909716609526, -0.388353029452448 ], [ 102.476909568909434, -0.387991807692594 ], [ 102.476550756899385, -0.387991956307845 ] ], [ [ 102.476090668916299, -0.358552542057047 ], [ 102.476090737132139, -0.358733153107017 ], [ 102.476359845395137, -0.358733050065802 ], [ 102.476359811280304, -0.358642744566767 ], [ 102.476449514016593, -0.358642710226579 ], [ 102.476449479909476, -0.35855240473617 ], [ 102.476090668916299, -0.358552542057047 ] ], [ [ 102.476277892539514, -0.378690601083148 ], [ 102.476277964589698, -0.378871212088841 ], [ 102.476367667536309, -0.37887117581265 ], [ 102.476367595484291, -0.378690564824251 ], [ 102.476277892539514, -0.378690601083148 ] ], [ [ 102.476271342049273, -0.361893777169246 ], [ 102.476271410904218, -0.362074388183059 ], [ 102.476361113682529, -0.362074353515174 ], [ 102.476361044825822, -0.361893742518655 ], [ 102.476271342049273, -0.361893777169246 ] ], [ [ 102.475836638678729, -0.39648097450543 ], [ 102.47583667638682, -0.396571280047018 ], [ 102.476195489035788, -0.396571128176786 ], [ 102.476195451323846, -0.396480822669782 ], [ 102.475836638678729, -0.39648097450543 ] ], [ [ 102.475826136165949, -0.370472977576888 ], [ 102.475826171400598, -0.370563283124985 ], [ 102.476005577202699, -0.370563212171817 ], [ 102.476005541966259, -0.370472906641012 ], [ 102.475826136165949, -0.370472977576888 ] ], [ [ 102.475736574239406, -0.3708342352703 ], [ 102.475736644784135, -0.371014846383589 ], [ 102.475916050612483, -0.371014775345787 ], [ 102.475916015333993, -0.370924469806445 ], [ 102.476005718234376, -0.370924434294822 ], [ 102.476005682963574, -0.370834128764103 ], [ 102.475736574239406, -0.3708342352703 ] ], [ [ 102.475467148436024, -0.370021591523994 ], [ 102.47546718362409, -0.370111897106781 ], [ 102.475377480680336, -0.370111932535131 ], [ 102.475377515876104, -0.370202238126541 ], [ 102.475018704011546, -0.370202379865419 ], [ 102.475018739212274, -0.370292685491383 ], [ 102.475287848126285, -0.370292579162658 ], [ 102.475287883338311, -0.370382884762668 ], [ 102.475377586293391, -0.370382849309295 ], [ 102.475377621514909, -0.370473154900639 ], [ 102.475557027401109, -0.370473083973871 ], [ 102.475556992177758, -0.370382778399816 ], [ 102.475915803843449, -0.370382636569932 ], [ 102.475915698214109, -0.370111719951381 ], [ 102.475825995313286, -0.370111755384281 ], [ 102.475825960121597, -0.370021449836074 ], [ 102.475467148436024, -0.370021591523994 ] ], [ [ 102.475744391560667, -0.390340234991482 ], [ 102.475744428683782, -0.390430540543292 ], [ 102.475834131802145, -0.390430503166067 ], [ 102.475834094678092, -0.390340197622902 ], [ 102.475744391560667, -0.390340234991482 ] ], [ [ 102.475552383997936, -0.358372136858117 ], [ 102.475552452168913, -0.358552748011918 ], [ 102.475731857785746, -0.35855267936382 ], [ 102.47573178961126, -0.3583720682446 ], [ 102.475552383997936, -0.358372136858117 ] ], [ [ 102.475295357089607, -0.38907614348709 ], [ 102.475295468109749, -0.38934706027309 ], [ 102.475474874400916, -0.389346985734746 ], [ 102.475474763375075, -0.389076069000614 ], [ 102.475295357089607, -0.38907614348709 ] ], [ [ 102.47510890059489, -0.371466623072561 ], [ 102.475108971247167, -0.371647234306568 ], [ 102.475378080176185, -0.371647127586125 ], [ 102.475378044843026, -0.371556821995066 ], [ 102.475288341876194, -0.371556857560816 ], [ 102.475288306552528, -0.371466551961089 ], [ 102.47510890059489, -0.371466623072561 ] ], [ [ 102.475205506031159, -0.388714958312663 ], [ 102.47520554299399, -0.388805263916755 ], [ 102.475295246146743, -0.388805226700884 ], [ 102.475295209182974, -0.388714921105437 ], [ 102.475205506031159, -0.388714958312663 ] ], [ [ 102.475204474558197, -0.386186401388809 ], [ 102.475204511280609, -0.38627670699354 ], [ 102.475294214406873, -0.386276670019706 ], [ 102.475294177683537, -0.386186364423619 ], [ 102.475204474558197, -0.386186401388809 ] ], [ [ 102.474749665427609, -0.370383097463786 ], [ 102.474749735866581, -0.370563708767464 ], [ 102.475108547848649, -0.370563566901215 ], [ 102.475108477402429, -0.370382955666683 ], [ 102.474749665427609, -0.370383097463786 ] ], [ [ 102.474660244367143, -0.371105578194117 ], [ 102.474660279650109, -0.371195883854435 ], [ 102.474570576618206, -0.371195919378307 ], [ 102.474570717832336, -0.371557142053931 ], [ 102.474660420867863, -0.371557106495489 ], [ 102.474660456193774, -0.371647412155697 ], [ 102.474929565251557, -0.371647305448961 ], [ 102.474929529922946, -0.371556999814681 ], [ 102.474839826913168, -0.371557035375864 ], [ 102.474839756283501, -0.371376424089952 ], [ 102.474929459291459, -0.371376388546056 ], [ 102.474929423988598, -0.371286082911711 ], [ 102.475108829976946, -0.371286011838467 ], [ 102.475108759393351, -0.371105400604285 ], [ 102.474660244367143, -0.371105578194117 ] ], [ [ 102.474395430173857, -0.381942366928831 ], [ 102.474395575467057, -0.382303589663026 ], [ 102.474754388064554, -0.382303443317261 ], [ 102.474754460770114, -0.382484054615084 ], [ 102.474844163899874, -0.382484018009006 ], [ 102.474844018519335, -0.382122795447843 ], [ 102.474485205963674, -0.382122941728227 ], [ 102.474485133332379, -0.381942330378369 ], [ 102.474395430173857, -0.381942366928831 ] ], [ [ 102.474667360862796, -0.388895792847836 ], [ 102.474667397837095, -0.388986098503743 ], [ 102.474757101043281, -0.388986061276322 ], [ 102.474757064068015, -0.388895755629058 ], [ 102.474667360862796, -0.388895792847836 ] ], [ [ 102.47448059156882, -0.370473509479829 ], [ 102.474480662019531, -0.37065412083532 ], [ 102.474570365054589, -0.370654085364215 ], [ 102.474570329824033, -0.370563779695123 ], [ 102.474660032849599, -0.370563744231749 ], [ 102.474659997626731, -0.370473438571278 ], [ 102.47448059156882, -0.370473509479829 ] ], [ [ 102.474301361658689, -0.370925108859719 ], [ 102.474301396920879, -0.37101541455465 ], [ 102.474211693856446, -0.371015450057588 ], [ 102.474211729126296, -0.371105755761139 ], [ 102.474301432191638, -0.371105720249559 ], [ 102.474301502758919, -0.371286331639312 ], [ 102.474391205817483, -0.371286296109536 ], [ 102.474391064713629, -0.370925073364511 ], [ 102.474301361658689, -0.370925108859719 ] ], [ [ 102.474216897605771, -0.384109776841506 ], [ 102.474216970643496, -0.384290388242132 ], [ 102.4743066738435, -0.384290351468863 ], [ 102.474306600803885, -0.38410974008552 ], [ 102.474216897605771, -0.384109776841506 ] ], [ [ 102.474027298718639, -0.358011497035137 ], [ 102.474027366791162, -0.358192108482969 ], [ 102.474296475630894, -0.358192005658155 ], [ 102.474296441587711, -0.358101699960174 ], [ 102.474206738650594, -0.358101734227351 ], [ 102.474206704616861, -0.358011428520707 ], [ 102.474027298718639, -0.358011497035137 ] ], [ [ 102.474215951239728, -0.38176182862514 ], [ 102.474216023831076, -0.38194244002694 ], [ 102.474305727006765, -0.381942403478355 ], [ 102.474305654413527, -0.381761792093839 ], [ 102.474215951239728, -0.38176182862514 ] ], [ [ 102.473678350042348, -0.383297245587041 ], [ 102.473678386474063, -0.383387551339415 ], [ 102.473947496174716, -0.383387441292997 ], [ 102.473947459740202, -0.383297135566545 ], [ 102.473678350042348, -0.383297245587041 ] ], [ [ 102.473757985811034, -0.357469765300643 ], [ 102.473758019788889, -0.357560071050619 ], [ 102.473847722763679, -0.357560036839687 ], [ 102.473847688784943, -0.357469731098352 ], [ 102.473757985811034, -0.357469765300643 ] ], [ [ 102.473847722763679, -0.357560036839687 ], [ 102.473847756750985, -0.357650342581001 ], [ 102.473758053775313, -0.357650376800573 ], [ 102.473758121773955, -0.357830988300418 ], [ 102.473937527720182, -0.357830919825833 ], [ 102.473937425729886, -0.357560002627877 ], [ 102.473847722763679, -0.357560036839687 ] ], [ [ 102.473678787789297, -0.384380914614034 ], [ 102.473678897419148, -0.384651831870272 ], [ 102.473858303921105, -0.384651758265002 ], [ 102.473858230822188, -0.384471146795428 ], [ 102.473768527577391, -0.384471183581254 ], [ 102.473768491041753, -0.384380877837793 ], [ 102.473678787789297, -0.384380914614034 ] ] ] } }
]
}
